dsb_id,event_id,x_um,y_um,z_um,complexity,n_backbone_breaks,n_base_damage,has_base_damage_in_cluster,cause,direct_fraction,indirect_fraction,chromosome,chromosome_position
0,0,-0.049857,0.007761,2.613474,DSB+,3,0,0,DIRECT,1.0,0.0,13,0.55390067373
1,0,-0.007156,0.073645,-0.252677,DSB+,3,0,0,DIRECT,1.0,0.0,16,0.712061159241
2,0,-0.049275,0.008548,-1.988474,DSB,2,0,0,DIRECT,1.0,0.0,18,0.425857904472
3,0,-0.052207,0.009343,-3.820262,DSB,2,0,0,DIRECT,1.0,0.0,18,0.711139932041
4,0,0.248915,0.3043,-0.460599,DSB,2,0,0,DIRECT,1.0,0.0,23,0.070477025535
5,1,-0.0606052,0.030583,3.9139,DSB+,3,0,0,DIRECT,1.0,0.0,13,0.193630880059
6,1,-0.05612,0.0304,3.794098,DSB,2,0,0,DIRECT,1.0,0.0,13,0.196885195047
7,1,-0.068224,-0.226431,-4.476534,DSB+,4,1,1,DIRECT,1.0,0.0,18,0.790713065178
8,1,-0.094983,0.04135,-1.472048,DSB,2,2,1,DIRECT,1.0,0.0,23,0.003247943021
9,2,-0.0563298,0.0767663,2.2305,DSB,2,0,0,DIRECT,1.0,0.0,13,0.474951966103
10,2,0.843116,-0.260117,-2.577345,DSB,2,0,0,DIRECT,1.0,0.0,18,0.330353006983
11,2,-0.070174,0.07732,-3.201437,DSB,2,0,0,DIRECT,1.0,0.0,18,0.623423687889
12,3,0.020521,-0.028983,0.887414,DSB+,3,0,0,DIRECT,1.0,0.0,13,0.9174882962
13,3,0.022433,-0.031199,-3.194095,DSB+,3,0,0,DIRECT,1.0,0.0,18,0.622205327676
14,4,-0.007724,0.005219,3.23424,DSB+,3,1,1,DIRECT,1.0,0.0,13,0.263497186533
15,4,0.005598,-0.018346,3.264001,DSB+,3,0,0,DIRECT,1.0,0.0,13,0.263469365773
16,4,-0.006765,0.004062,-1.163743,DSB+,3,0,0,DIRECT,1.0,0.0,16,0.851657471551
17,4,-0.00655,0.005285,-3.256996,DSB+,4,0,0,DIRECT,1.0,0.0,18,0.62197641087
18,4,-0.006374,0.004895,-1.743449,DSB,2,2,1,DIRECT,1.0,0.0,22,0.004477149435
19,4,-0.017675,0.017111,-1.945516,DSB,2,1,1,DIRECT,1.0,0.0,22,0.003827196873
20,5,0.000194,-0.040538,-0.409299,DSB+,3,2,1,DIRECT,1.0,0.0,16,0.765515080526
21,5,-0.000682,-0.040149,-0.843244,DSB+,3,0,0,DIRECT,1.0,0.0,16,0.797750216986
22,5,-0.000377,-0.039751,0.274385,DSB,2,1,1,DIRECT,1.0,0.0,16,0.492989343577
23,5,0.002154,-0.060356,-2.346719,DSB+,3,2,1,DIRECT,1.0,0.0,18,0.403863269252
24,5,-0.000677,-0.040378,-2.218648,DSB,2,2,1,DIRECT,1.0,0.0,18,0.423868479198
25,5,0.005003,-0.0439,-3.850746,DSB,2,0,0,DIRECT,1.0,0.0,18,0.710384998982
26,5,0.552597,0.939936,2.635995,DSB,2,0,0,DIRECT,1.0,0.0,25,0.075674896061
27,6,-0.547592,-0.559593,2.21221,DSB+,3,0,0,DIRECT,1.0,0.0,7,0.614912204267
28,6,0.841088,-0.363321,1.203242,DSB,2,0,0,DIRECT,1.0,0.0,16,0.123838549033
29,6,0.050935,-0.012202,-2.627048,DSB+,3,0,0,DIRECT,1.0,0.0,18,0.325432230248
30,6,0.050129,-0.012371,-2.623876,DSB,2,1,1,DIRECT,1.0,0.0,18,0.32543302534
31,6,0.051657,-0.011776,-4.385474,DSB,2,0,0,DIRECT,1.0,0.0,18,0.875900720884
32,7,-1.209154,-0.71695,-0.042363,DSB,2,1,1,DIRECT,1.0,0.0,12,0.447043051913
33,7,-0.094422,-0.04428,0.700055,DSB+,3,1,1,DIRECT,1.0,0.0,13,0.917115565715
34,7,-0.096458,-0.053475,2.461468,DSB,2,0,0,DIRECT,1.0,0.0,13,0.480559628137
35,7,-0.085846,-0.028675,1.148866,DSB,2,0,0,DIRECT,1.0,0.0,13,0.90352529658
36,7,-0.093417,-0.044081,-0.960818,DSB+,3,2,1,DIRECT,1.0,0.0,16,0.798794515612
37,7,-0.094435,-0.044535,0.107637,DSB+,3,0,0,DIRECT,1.0,0.0,16,0.495360866444
38,7,-0.101309,-0.090232,-2.39001,DSB,2,1,1,DIRECT,1.0,0.0,18,0.406506574157
39,7,-2.237265,1.316135,-3.448674,DSB,2,2,1,DIRECT,1.0,0.0,22,0.93580648541
40,7,-2.24066,1.312414,-3.446918,DSB,2,0,0,DIRECT,1.0,0.0,22,0.935807554962
41,8,-0.106029,0.029986,2.284224,DSB,2,1,1,DIRECT,1.0,0.0,13,0.481051230822
42,8,-0.105569,0.035161,1.472091,DSB,2,1,1,DIRECT,1.0,0.0,13,0.827854594672
43,8,-0.105336,0.030445,1.733653,DSB,2,0,0,DIRECT,1.0,0.0,13,0.430236821146
44,8,-0.105864,0.030783,-0.340312,DSB,2,0,0,DIRECT,1.0,0.0,16,0.710874085176
45,8,-0.136034,0.031416,-1.155856,DSB,2,0,0,DIRECT,1.0,0.0,16,0.848377487302
46,8,-0.106346,0.03015,-2.194634,DSB+,3,0,0,DIRECT,1.0,0.0,18,0.420510435236
47,9,1.087982,-2.334715,-0.89779,DSB+,3,0,0,DIRECT,1.0,0.0,9,0.128580311996
48,9,0.059113,-0.021275,3.154678,DSB+,3,2,1,DIRECT,1.0,0.0,13,0.26273633182
49,9,0.058923,-0.021433,1.902818,DSB,2,1,1,DIRECT,1.0,0.0,13,0.429760839941
50,9,0.058834,-0.021435,3.11817,DSB,2,0,0,DIRECT,1.0,0.0,13,0.262704264085
51,9,0.05743,-0.020513,-3.44793,DSB+,3,0,0,DIRECT,1.0,0.0,18,0.700643745693
52,9,0.058797,-0.021753,-3.179778,DSB,2,1,1,DIRECT,1.0,0.0,18,0.622233685964
53,10,-0.023745,-0.000353,3.524566,DSB+,3,0,0,DIRECT,1.0,0.0,13,0.260016335464
54,10,-0.024624,0.000169,-0.753988,DSB+,3,1,1,DIRECT,1.0,0.0,16,0.796841842666
55,10,-0.033638,0.021198,-0.545461,DSB,2,0,0,DIRECT,1.0,0.0,16,0.766525237345
56,10,-0.022492,0.017476,-0.540246,DSB,2,0,0,DIRECT,1.0,0.0,16,0.766538002014
57,10,-0.034615,-0.000607,-1.000971,DSB,2,0,0,DIRECT,1.0,0.0,16,0.852215674692
58,10,-0.074095,0.718047,2.7999,DSB,2,0,0,DIRECT,1.0,0.0,17,0.533477942469
59,10,-0.024363,-0.000297,-3.503574,DSB,2,1,1,DIRECT,1.0,0.0,18,0.700352776825
60,10,-0.025188,1.4e-05,-1.954474,DSB+,3,1,1,DIRECT,1.0,0.0,22,0.003815897463
61,11,0.041595,0.0167,3.433875,DSB+,4,0,0,DIRECT,1.0,0.0,13,0.25948149981
62,11,0.040765,0.017054,0.999245,DSB,2,0,0,DIRECT,1.0,0.0,13,0.903836052013
63,11,0.040368,0.016995,0.896126,DSB,2,0,0,DIRECT,1.0,0.0,13,0.917528211605
64,11,0.041065,0.017046,-0.664067,DSB,2,0,0,DIRECT,1.0,0.0,16,0.798000072329
65,12,0.0558532,0.0568644,2.14903,DSB+,4,0,0,DIRECT,1.0,0.0,13,0.473601126618
66,12,0.055374,0.057251,0.861567,DSB+,3,2,1,DIRECT,1.0,0.0,13,0.91756801622
67,12,0.053566,0.058044,2.849719,DSB+,3,0,0,DIRECT,1.0,0.0,13,0.557255174231
68,12,0.056615,0.056805,2.560122,DSB,2,0,0,DIRECT,1.0,0.0,13,0.479122353489
69,12,0.056493,0.057182,2.598348,DSB,2,0,0,DIRECT,1.0,0.0,13,0.480250442239
70,12,0.055359,0.057399,0.887854,DSB,2,0,0,DIRECT,1.0,0.0,13,0.917560531697
71,12,0.05689,0.054611,-0.304257,DSB+,4,1,1,DIRECT,1.0,0.0,16,0.710718009301
72,12,0.056036,0.057589,4.058499,DSB,2,0,0,DIRECT,1.0,0.0,17,0.037898257493
73,12,-0.021085,-0.044021,-2.552287,DSB,2,0,0,DIRECT,1.0,0.0,18,0.405647065552
74,13,0.004684,-0.005244,1.183868,DSB,2,0,0,DIRECT,1.0,0.0,13,0.903589789042
75,13,0.005085,-0.005269,-1.031489,DSB+,3,0,0,MIXED,1.0,0.0,16,0.850945375788
76,13,0.432879,0.708229,3.510766,DSB,2,0,0,DIRECT,1.0,0.0,17,0.476954190136
77,13,0.00562,-0.005563,-2.92307,DSB,2,1,1,DIRECT,1.0,0.0,18,0.607094670372
78,13,0.006097,-0.005279,-3.214111,DSB,2,1,1,DIRECT,1.0,0.0,18,0.622174709652
79,13,0.005442,-0.005532,-3.45293,DSB,2,0,0,DIRECT,1.0,0.0,18,0.700595398509
80,14,-0.027886,-0.061722,3.267062,DSB,2,0,0,DIRECT,1.0,0.0,13,0.263429019515
81,14,-0.020248,-0.071832,-1.762034,DSB+,4,1,1,DIRECT,1.0,0.0,15,0.627451586677
82,14,-0.02709,-0.061903,-1.727834,DSB,2,0,0,DIRECT,1.0,0.0,15,0.627487677339
83,14,-0.026846,-0.061928,0.140347,DSB,2,0,0,DIRECT,1.0,0.0,16,0.493660212003
84,14,-0.028044,-0.062179,-0.620745,DSB,2,0,0,DIRECT,1.0,0.0,16,0.764833530228
85,14,-0.027568,-0.061218,-3.001431,DSB,2,0,0,DIRECT,1.0,0.0,18,0.307356583503
86,15,0.017349,-0.027011,3.516833,DSB+,4,0,0,DIRECT,1.0,0.0,13,0.2595639342
87,15,0.019318,-0.027544,-3.77618,DSB,2,1,1,DIRECT,1.0,0.0,18,0.715256361435
88,16,0.03142,-0.081968,1.936895,DSB,2,0,0,DIRECT,1.0,0.0,13,0.429702157832
89,16,0.032336,-0.082258,-0.582051,DSB,2,0,0,DIRECT,1.0,0.0,16,0.765105794062
90,16,0.386549,-0.004927,3.974063,DSB+,3,0,0,DIRECT,1.0,0.0,17,0.023523569601
91,16,0.085957,-0.096853,-3.806896,DSB+,4,1,1,DIRECT,1.0,0.0,18,0.713806162104
92,16,0.091515,-0.103662,-3.823225,DSB+,3,1,1,DIRECT,1.0,0.0,18,0.713800087321
93,16,0.032285,-0.082123,-4.341469,DSB,2,1,1,DIRECT,1.0,0.0,18,0.791810236603
94,16,0.03234,-0.08283,-2.47477,DSB,2,1,1,DIRECT,1.0,0.0,18,0.404516353791
95,16,0.032273,-0.082341,-1.918998,DSB,2,2,1,DIRECT,1.0,0.0,22,0.003679627883
96,17,-1.25441,-2.09336,1.26587,DSB,2,1,1,DIRECT,1.0,0.0,2,0.835566281101
97,17,-0.081962,0.107726,4.056905,DSB,2,1,1,DIRECT,1.0,0.0,13,0.193478149008
98,17,-0.079557,0.101676,4.061143,DSB,2,0,0,DIRECT,1.0,0.0,13,0.193477927427
99,17,-0.07826,0.099796,-0.47292,DSB,2,0,0,DIRECT,1.0,0.0,16,0.765614760137
100,17,-0.075906,0.099529,-2.645914,DSB+,3,2,1,DIRECT,1.0,0.0,18,0.521278612857
101,17,-0.078045,0.099495,-1.678893,DSB,2,0,0,DIRECT,1.0,0.0,22,0.006029963446
102,18,0.059826,-0.019758,3.406221,DSB+,3,0,0,DIRECT,1.0,0.0,13,0.258822830996
103,18,0.080999,-0.018915,3.433117,DSB,2,0,0,DIRECT,1.0,0.0,13,0.258848848331
104,18,0.110668,-0.003445,2.571192,DSB,2,0,0,DIRECT,1.0,0.0,13,0.479233470344
105,18,0.080258,-0.018777,-0.43333,DSB+,3,0,0,DIRECT,1.0,0.0,16,0.764455425453
106,18,0.081713,-0.018517,-0.811978,DSB,2,2,1,DIRECT,1.0,0.0,16,0.797808816596
107,18,0.081007,-0.019004,-0.428633,DSB,2,0,0,DIRECT,1.0,0.0,16,0.764455191055
108,19,0.126449,0.022103,0.97405,DSB+,3,2,1,DIRECT,1.0,0.0,13,0.91626489057
109,19,0.127006,0.022338,0.802001,DSB+,3,0,0,DIRECT,1.0,0.0,13,0.915821592603
110,19,0.126823,0.021901,-0.565344,DSB+,3,1,1,DIRECT,1.0,0.0,16,0.764531698706
111,19,0.129287,0.025799,-0.557928,DSB,2,0,0,DIRECT,1.0,0.0,16,0.764531142846
112,19,0.127009,0.021464,3.798427,DSB,2,0,0,DIRECT,1.0,0.0,17,0.017854827326
113,19,0.126763,0.022572,-4.35664,DSB,2,1,1,DIRECT,1.0,0.0,18,0.875962438171
114,20,0.013206,0.058023,0.915031,DSB+,3,2,1,DIRECT,1.0,0.0,13,0.917981893117
115,20,0.013407,0.058637,1.16558,DSB+,3,1,1,DIRECT,1.0,0.0,13,0.903645947586
116,20,0.013742,0.05868,3.704019,DSB,2,0,0,DIRECT,1.0,0.0,13,0.196162015306
117,20,0.013705,0.058859,-0.390785,DSB,2,0,0,DIRECT,1.0,0.0,16,0.765850082776
118,20,0.013746,0.05866,4.161745,DSB,2,0,0,DIRECT,1.0,0.0,17,0.037106213157
119,20,0.015056,0.058057,4.180225,DSB,2,0,0,DIRECT,1.0,0.0,17,0.037108828592
120,20,-0.080758,-0.010416,-3.595466,DSB+,4,1,1,DIRECT,1.0,0.0,18,0.701696552369
121,20,-0.076619,-0.00604,-3.594727,DSB,2,1,1,DIRECT,1.0,0.0,18,0.701696712782
122,21,0.0480647,0.0212834,3.11738,DSB+,3,1,1,DIRECT,1.0,0.0,13,0.263342652057
123,21,0.047964,0.011362,3.420922,DSB+,3,0,0,DIRECT,1.0,0.0,13,0.25947034073
124,21,0.048913,0.011447,1.773023,DSB,2,1,1,DIRECT,1.0,0.0,13,0.430434053103
125,21,0.047965,0.011907,3.171815,DSB,2,0,0,DIRECT,1.0,0.0,13,0.262762170659
126,21,0.047941,0.012393,3.18994,DSB,2,0,0,DIRECT,1.0,0.0,13,0.262773052762
127,21,0.047814,0.011972,1.786597,DSB,2,0,0,DIRECT,1.0,0.0,13,0.430431498763
128,21,0.071959,0.039144,2.974303,DSB,2,0,0,DIRECT,1.0,0.0,13,0.559224299342
129,21,0.047277,0.011226,1.000099,DSB,2,0,0,DIRECT,1.0,0.0,13,0.903826259351
130,21,0.046369,0.031727,3.741425,DSB,2,0,0,DIRECT,1.0,0.0,17,0.019979529863
131,21,0.048069,0.011032,-4.518289,DSB+,3,0,0,DIRECT,1.0,0.0,18,0.87663829443
132,22,0.049862,0.071843,2.409497,DSB+,3,0,0,DIRECT,1.0,0.0,13,0.479778923435
133,22,0.05052,0.070879,-2.751947,DSB+,4,0,0,DIRECT,1.0,0.0,18,0.606730664613
134,23,-0.033011,-0.057059,3.78702,DSB,2,1,1,DIRECT,1.0,0.0,13,0.196011715495
135,23,0.079857,0.053107,2.262602,DSB,2,0,0,DIRECT,1.0,0.0,13,0.477748998883
136,23,0.079504,0.053068,2.851033,DSB,2,0,0,DIRECT,1.0,0.0,13,0.557277947862
137,23,0.080614,0.053108,4.183545,DSB,2,0,0,DIRECT,1.0,0.0,17,0.037168230348
138,23,0.079845,0.0532,4.317706,DSB,2,0,0,DIRECT,1.0,0.0,17,0.039382150599
139,23,0.07988,0.05293,-1.623517,DSB,2,0,0,DIRECT,1.0,0.0,23,0.00365413635
140,23,-1.036567,2.220392,-2.927139,DSB,2,0,0,DIRECT,1.0,0.0,34,0.296352811018
141,24,-0.042948,0.029707,2.611913,DSB+,3,2,1,DIRECT,1.0,0.0,13,0.553922628742
142,24,-0.043412,0.029932,-0.762908,DSB+,3,0,0,DIRECT,1.0,0.0,16,0.796870954953
143,24,-0.043812,0.029661,-0.395577,DSB,2,1,1,DIRECT,1.0,0.0,16,0.765811246303
144,24,-0.043183,0.030163,-0.005372,DSB,2,0,0,DIRECT,1.0,0.0,16,0.679584833483
145,24,0.064362,0.254078,-1.228982,DSB,2,0,0,DIRECT,1.0,0.0,23,0.036895118083
146,25,0.022105,0.028208,1.921828,DSB,2,0,0,DIRECT,1.0,0.0,13,0.430600122116
147,25,0.02746,0.030367,-0.260871,DSB+,3,2,1,DIRECT,1.0,0.0,16,0.711148974272
148,25,0.183942,-0.079845,-0.064069,DSB,2,0,0,DIRECT,1.0,0.0,16,0.468380166142
149,25,0.021547,0.028197,-0.25887,DSB,2,0,0,DIRECT,1.0,0.0,16,0.711150039111
150,25,0.022239,0.025926,-4.553081,DSB,2,0,0,DIRECT,1.0,0.0,18,0.876407285276
151,25,-0.515786,2.104107,2.32892,DSB,2,0,0,DIRECT,1.0,0.0,30,0.042477994553
152,26,0.002407,0.067796,2.214356,DSB,2,3,1,DIRECT,1.0,0.0,13,0.474150642032
153,26,0.002651,0.067947,4.163427,DSB,2,0,0,DIRECT,1.0,0.0,17,0.037092124682
154,27,-0.179435,-0.068346,4.105344,DSB+,3,0,0,DIRECT,1.0,0.0,7,0.810479749555
155,28,-0.763136,0.033045,2.627879,DSB,2,1,1,DIRECT,1.0,0.0,13,0.304511357887
156,28,0.047192,-0.064443,1.811244,DSB,2,0,0,DIRECT,1.0,0.0,13,0.430363017839
157,28,0.047529,-0.064676,-1.051128,DSB+,3,0,0,DIRECT,1.0,0.0,16,0.850842635603
158,28,0.037129,-0.063648,-0.699869,DSB,2,2,1,DIRECT,1.0,0.0,16,0.797076455413
159,28,0.047881,-0.064797,-2.482333,DSB+,3,2,1,DIRECT,1.0,0.0,18,0.404539265
160,28,0.047507,-0.065748,-3.738895,DSB,2,0,0,DIRECT,1.0,0.0,18,0.715366704887
161,29,-0.00770929,0.0901668,0.764535,DSB+,3,0,0,DIRECT,1.0,0.0,13,0.918661753717
162,29,-0.012293,0.087048,1.283512,DSB,2,1,1,DIRECT,1.0,0.0,13,0.828108600677
163,29,-0.012723,0.087142,0.001264,DSB,2,1,1,DIRECT,1.0,0.0,16,0.679419187454
164,29,-0.027947,0.254705,0.027415,DSB,2,0,0,DIRECT,1.0,0.0,16,0.680008518709
165,29,-0.012776,0.087003,4.437297,DSB+,3,0,0,DIRECT,1.0,0.0,17,0.039747858133
166,29,-0.344214,3.292955,-0.622831,DSB,2,1,1,DIRECT,1.0,0.0,42,0.06344867799
167,30,1.34819,-0.441017,2.82673,DSB,2,0,0,DIRECT,1.0,0.0,7,0.878142641348
168,30,0.090985,-0.026122,2.874441,DSB,2,1,1,DIRECT,1.0,0.0,13,0.313001816966
169,30,0.090079,-0.023996,3.416197,DSB,2,0,0,DIRECT,1.0,0.0,13,0.258827336482
170,30,0.090979,-0.026518,2.880579,DSB,2,0,0,DIRECT,1.0,0.0,13,0.313001989307
171,30,0.091598,-0.025792,-0.453799,DSB,2,3,1,DIRECT,1.0,0.0,16,0.764447904612
172,31,-0.353895,-1.205771,-1.072595,DSB,2,0,0,DIRECT,1.0,0.0,11,0.553207339458
173,31,0.149194,-0.027275,2.301215,DSB,2,0,0,DIRECT,1.0,0.0,13,0.4776591169
174,31,0.045853,0.015148,4.112702,DSB,2,3,1,DIRECT,1.0,0.0,17,0.035517835173
175,31,0.04514,0.015919,3.854407,DSB,2,0,0,DIRECT,1.0,0.0,17,0.019235651376
176,31,0.045247,0.015551,4.015715,DSB,2,0,0,DIRECT,1.0,0.0,17,0.037529132457
177,31,0.052827,0.022217,-4.241978,DSB,2,1,1,DIRECT,1.0,0.0,18,0.885236065661
178,32,-0.000449,-0.012319,4.556017,DSB+,3,0,0,DIRECT,1.0,0.0,7,0.845815008678
179,32,-0.058929,-0.006479,3.799008,DSB,2,0,0,DIRECT,1.0,0.0,13,0.196852948816
180,32,-0.054776,0.002655,3.80384,DSB,2,0,0,DIRECT,1.0,0.0,13,0.196864778794
181,32,-0.000119,-0.012716,3.242252,DSB,2,0,0,DIRECT,1.0,0.0,13,0.263475902421
182,32,0.002865,-0.01154,-0.907006,DSB,2,1,1,DIRECT,1.0,0.0,16,0.796259945191
183,32,6.6e-05,-0.013165,-1.160072,DSB,2,0,0,DIRECT,1.0,0.0,16,0.851643380856
184,32,0.000335,-0.013288,-2.153913,DSB,2,0,0,DIRECT,1.0,0.0,18,0.425454353339
185,33,-0.072342,-0.051155,3.020639,DSB+,3,2,1,DIRECT,1.0,0.0,13,0.263043751223
186,33,-0.071814,-0.052008,3.156293,DSB,2,0,0,DIRECT,1.0,0.0,13,0.262401516355
187,33,-0.07072,-0.052541,0.322009,DSB,2,0,0,DIRECT,1.0,0.0,16,0.494239410548
188,33,-0.073571,-0.053039,-4.120212,DSB,2,1,1,DIRECT,1.0,0.0,18,0.783548161663
189,34,-0.190723,0.0134718,1.46283,DSB,2,1,1,DIRECT,1.0,0.0,13,0.420025377211
190,34,-0.116373,0.155405,3.842436,DSB,2,0,0,DIRECT,1.0,0.0,13,0.198216935457
191,34,-0.072849,0.02216,-0.416532,DSB+,3,0,0,DIRECT,1.0,0.0,16,0.765778571161
192,34,-0.073656,0.022183,-2.035545,DSB,2,1,1,DIRECT,1.0,0.0,18,0.424569018187
193,34,-0.0731,0.022241,-2.045411,DSB,2,0,0,DIRECT,1.0,0.0,18,0.424571117509
194,34,-0.07287,0.022359,-2.184393,DSB,2,0,0,DIRECT,1.0,0.0,18,0.425312220148
195,35,-0.082123,0.034702,3.55498,DSB+,3,0,0,DIRECT,1.0,0.0,13,0.260839589927
196,35,-0.065797,0.032599,0.691145,DSB,2,0,0,DIRECT,1.0,0.0,13,0.91718656405
197,35,-0.058187,0.041127,-2.189329,DSB+,4,0,0,DIRECT,1.0,0.0,18,0.42532630165
198,35,-0.058155,0.043373,-3.06064,DSB,2,0,0,DIRECT,1.0,0.0,18,0.622571349062
199,35,-0.07479,0.069166,-1.454527,DSB,2,0,0,DIRECT,1.0,0.0,23,0.004549762858
200,36,0.057065,-0.0362656,4.4638,DSB,2,1,1,DIRECT,1.0,0.0,7,0.845177774982
201,36,0.0589,-0.035894,-3.814436,DSB+,3,0,0,DIRECT,1.0,0.0,18,0.715198494067
202,36,0.058204,-0.03578,-2.361446,DSB,2,1,1,DIRECT,1.0,0.0,18,0.403836466276
203,36,0.058699,-0.036085,-2.253717,DSB,2,0,0,DIRECT,1.0,0.0,18,0.423815389358
204,37,0.023514,-0.021885,0.888742,DSB,2,0,0,DIRECT,1.0,0.0,13,0.917487963828
205,37,0.021155,-0.030173,-3.512995,DSB,2,2,1,DIRECT,1.0,0.0,18,0.699000778353
206,37,0.019549,-0.019402,-2.342084,DSB,2,1,1,DIRECT,1.0,0.0,18,0.403903637617
207,37,0.017427,-0.015366,-2.329399,DSB,2,0,0,DIRECT,1.0,0.0,18,0.403905806684
208,37,0.019136,-0.01942,-3.055643,DSB,2,0,0,DIRECT,1.0,0.0,18,0.621457145926
209,37,0.011819,-0.044834,-4.048882,DSB,2,0,0,DIRECT,1.0,0.0,18,0.782217588834
210,38,0.091732,0.040428,2.516707,DSB,2,0,0,DIRECT,1.0,0.0,13,0.479065591751
211,38,0.093091,0.043827,-0.567909,DSB+,3,0,0,DIRECT,1.0,0.0,16,0.765212298016
212,38,0.092872,0.044479,-0.592457,DSB,2,1,1,DIRECT,1.0,0.0,16,0.76521681186
213,38,0.093443,0.043737,3.689132,DSB+,3,1,1,DIRECT,1.0,0.0,17,0.019932647322
214,38,0.09298,0.04374,-2.910091,DSB,2,1,1,DIRECT,1.0,0.0,18,0.606952606926
215,39,-0.018421,0.057294,-3.035513,DSB+,3,0,0,DIRECT,1.0,0.0,18,0.62296761185
216,39,-0.018945,0.057212,-1.84704,DSB,2,0,0,DIRECT,1.0,0.0,22,0.005605307885
217,40,-0.058071,-0.033788,0.638183,DSB+,3,1,1,DIRECT,1.0,0.0,13,0.994645039103
218,40,-0.059828,-0.033154,0.54011,DSB+,3,0,0,DIRECT,1.0,0.0,13,0.993437587325
219,40,-0.058124,-0.035728,0.55054,DSB,2,0,0,DIRECT,1.0,0.0,13,0.993436393248
220,41,-0.104199,0.028894,1.756045,DSB+,3,0,0,DIRECT,1.0,0.0,13,0.43023317121
221,41,-0.104654,0.028941,1.040264,DSB,2,0,0,DIRECT,1.0,0.0,13,0.905225760547
222,41,-0.104406,0.028839,-0.2884,DSB,2,0,0,DIRECT,1.0,0.0,16,0.711051424339
223,42,0.003906,0.036109,1.176602,DSB,2,0,0,DIRECT,1.0,0.0,13,0.903624491132
224,42,0.002737,0.036086,-2.491997,DSB++,5,1,1,DIRECT,1.0,0.0,18,0.40468835176
225,42,0.003015,0.036767,-4.558626,DSB+,3,4,1,DIRECT,1.0,0.0,18,0.876424421605
226,42,-0.000789,0.034296,-2.493704,DSB,2,1,1,DIRECT,1.0,0.0,18,0.404688477301
227,42,0.002984,0.036328,-3.163478,DSB,2,0,0,DIRECT,1.0,0.0,18,0.623384037897
228,43,-0.126572,0.049082,2.028681,DSB,2,0,0,DIRECT,1.0,0.0,13,0.474525323663
229,43,-0.089868,0.11005,-4.076366,DSB+,3,0,0,DIRECT,1.0,0.0,18,0.88590352463
230,43,-0.095968,0.105159,-2.010681,DSB,2,0,0,DIRECT,1.0,0.0,18,0.42597833304
231,44,0.013721,-0.199693,4.151829,DSB,2,0,0,DIRECT,1.0,0.0,7,0.807018217781
232,44,-0.032356,-0.029606,3.781554,DSB,2,3,1,DIRECT,1.0,0.0,13,0.196033128863
233,44,-0.03215,-0.03251,-2.012758,DSB+,3,1,1,DIRECT,1.0,0.0,18,0.42468360213
234,44,-0.032025,-0.031652,-2.489251,DSB+,3,0,0,DIRECT,1.0,0.0,18,0.405710345126
235,45,-1.002449,-1.17213,0.504287,DSB,2,0,0,DIRECT,1.0,0.0,11,0.362460147714
236,45,0.021993,-0.010005,1.957909,DSB,2,0,0,DIRECT,1.0,0.0,13,0.430559572742
237,45,0.017232,-0.008546,-2.098606,DSB+,3,1,1,DIRECT,1.0,0.0,18,0.42316764728
238,46,-0.083001,-0.06105,0.989761,DSB,2,0,0,DIRECT,1.0,0.0,13,0.903875271899
239,46,-0.083371,-0.061826,-0.116108,DSB+,3,2,1,DIRECT,1.0,0.0,16,0.464868093952
240,46,-0.082842,-0.059208,-3.712967,DSB+,3,0,0,DIRECT,1.0,0.0,18,0.711252193478
241,46,-0.082589,-0.061072,-2.668031,DSB,2,2,1,DIRECT,1.0,0.0,18,0.321293029134
242,46,-0.081675,-0.061822,-2.676033,DSB,2,0,0,DIRECT,1.0,0.0,18,0.321294200849
243,47,0.056472,0.076203,0.506465,DSB,2,3,1,DIRECT,1.0,0.0,13,0.99442779097
244,47,0.050094,0.080762,3.008018,DSB,2,0,0,DIRECT,1.0,0.0,13,0.559524523508
245,47,0.061196,0.077859,-3.284694,DSB,2,1,1,DIRECT,1.0,0.0,18,0.700891221624
246,48,-0.0193915,-0.0349114,4.57198,DSB,2,0,0,DIRECT,1.0,0.0,7,0.845799504183
247,48,-0.201478,-0.28761,1.354871,DSB+,3,0,0,DIRECT,1.0,0.0,13,0.418237604066
248,48,-0.019697,-0.035282,-3.852215,DSB,2,0,0,DIRECT,1.0,0.0,18,0.710389797433
249,49,-0.081266,-0.01778,0.910083,DSB,2,0,0,DIRECT,1.0,0.0,13,0.917910174643
250,49,-0.081759,-0.017055,-1.207764,DSB+,3,1,1,DIRECT,1.0,0.0,16,0.847633305741
251,49,-0.05601,0.011475,-3.842207,DSB+,3,1,1,DIRECT,1.0,0.0,18,0.711129051832
252,50,0.008379,0.196565,1.938049,DSB+,3,1,1,DIRECT,1.0,0.0,13,0.742103711117
253,50,0.04181,0.006467,1.022903,DSB+,3,0,0,DIRECT,1.0,0.0,13,0.903821218377
254,50,0.214282,0.163025,2.768018,DSB,2,0,0,DIRECT,1.0,0.0,13,0.557125216811
255,50,0.049647,0.002482,1.022414,DSB,2,0,0,DIRECT,1.0,0.0,13,0.903820356672
256,50,0.067822,-0.02216,0.604178,DSB,2,0,0,DIRECT,1.0,0.0,13,0.993707639507
257,50,0.071643,-0.021867,-0.676451,DSB,2,0,0,DIRECT,1.0,0.0,16,0.797100625241
258,50,0.06998,-0.018478,-0.812038,DSB,2,0,0,DIRECT,1.0,0.0,16,0.797798409305
259,51,0.014778,0.026327,1.925184,DSB+,4,1,1,DIRECT,1.0,0.0,13,0.430599340426
260,51,0.014813,0.024181,-4.23965,DSB+,3,1,1,DIRECT,1.0,0.0,18,0.88520003543
261,51,0.013549,0.024659,-3.7898,DSB,2,0,0,DIRECT,1.0,0.0,18,0.7153015422
262,51,0.014415,0.024378,-4.510568,DSB,2,0,0,DIRECT,1.0,0.0,18,0.876610549897
263,52,0.02682,0.007436,4.479359,DSB+,3,0,0,DIRECT,1.0,0.0,7,0.84572034024
264,52,0.026805,0.009462,0.772829,DSB+,3,0,0,DIRECT,1.0,0.0,13,0.918160032154
265,52,-0.118953,-0.699518,0.384977,DSB,2,0,0,DIRECT,1.0,0.0,16,0.095131470736
266,52,0.025764,0.009733,-3.797511,DSB+,3,0,0,DIRECT,1.0,0.0,18,0.715292189405
267,52,0.026092,0.009058,-2.480286,DSB,2,1,1,MIXED,1.0,0.0,18,0.404668502353
268,52,0.03057,0.009164,-2.910339,DSB,2,0,0,DIRECT,1.0,0.0,18,0.607124862951
269,52,0.025761,0.00939,-4.503708,DSB,2,0,0,DIRECT,1.0,0.0,18,0.876621471953
270,53,0.051215,-0.075332,2.042563,DSB+,3,0,0,DIRECT,1.0,0.0,13,0.473450057426
271,53,-0.020722,-0.034966,-1.879562,DSB,2,1,1,DIRECT,1.0,0.0,22,0.003993595788
272,53,0.471414,1.264808,-3.532383,DSB+,3,0,0,DIRECT,1.0,0.0,32,0.523287805082
273,53,0.470463,1.248841,-3.528905,DSB,2,0,0,DIRECT,1.0,0.0,32,0.523248886304
274,54,0.0561071,-0.0284928,4.4561,DSB+,3,0,0,DIRECT,1.0,0.0,7,0.845176179533
275,54,0.055911,-0.028314,4.466707,DSB,2,1,1,DIRECT,1.0,0.0,7,0.845185920978
276,54,-0.539351,-0.208242,2.216321,DSB,2,0,0,DIRECT,1.0,0.0,7,0.915256008247
277,54,0.055767,-0.029239,0.632099,DSB,2,1,1,DIRECT,1.0,0.0,13,0.993691587174
278,54,0.1299,-0.037035,3.612203,DSB,2,0,0,DIRECT,1.0,0.0,17,0.017579920714
279,54,0.053704,-0.031518,-3.048897,DSB+,3,0,0,DIRECT,1.0,0.0,18,0.621493768988
280,54,0.055801,-0.029373,-2.360035,DSB,2,0,0,DIRECT,1.0,0.0,18,0.403837484551
281,54,0.056057,-0.029335,-3.316038,DSB,2,0,0,DIRECT,1.0,0.0,18,0.699904275085
282,54,1.396479,1.899992,-3.299125,DSB,2,0,0,DIRECT,1.0,0.0,35,0.885634044669
283,55,-0.051617,-0.039197,2.344957,DSB+,3,2,1,DIRECT,1.0,0.0,13,0.481253959227
284,55,-0.052162,-0.038539,1.166405,DSB,2,0,0,DIRECT,1.0,0.0,13,0.903560214097
285,55,-0.052144,-0.038946,-0.713679,DSB,2,2,1,DIRECT,1.0,0.0,16,0.796990223576
286,55,-0.051695,-0.039197,-2.469415,DSB,2,0,0,DIRECT,1.0,0.0,18,0.405731157013
287,55,-0.052275,-0.038958,-2.478208,DSB,2,0,0,DIRECT,1.0,0.0,18,0.405731777742
288,55,-0.070424,-0.02686,-3.596836,DSB,2,0,0,DIRECT,1.0,0.0,18,0.701674031731
289,56,-0.023404,-0.029564,2.337185,DSB,2,2,1,DIRECT,1.0,0.0,13,0.481260329688
290,56,-0.046565,-0.003342,0.309358,DSB+,4,0,0,DIRECT,1.0,0.0,16,0.494286089323
291,56,-0.023972,-0.029697,-2.200216,DSB,2,1,1,DIRECT,1.0,0.0,18,0.425208586159
292,56,-1.907828,1.244061,1.362441,DSB,2,0,0,DIRECT,1.0,0.0,20,0.441232742687
293,56,0.310898,1.240339,4.048991,DSB,2,0,0,DIRECT,1.0,0.0,25,0.292025348249
294,56,0.385096,2.987138,-0.114359,DSB+,3,0,0,DIRECT,1.0,0.0,39,0.137277746346
295,57,0.044789,0.040297,3.147611,DSB,2,0,0,DIRECT,1.0,0.0,13,0.263373901172
296,57,0.031051,0.036695,2.20345,DSB,2,0,0,DIRECT,1.0,0.0,13,0.473697496008
297,57,0.029579,0.039779,0.884021,DSB,2,0,0,DIRECT,1.0,0.0,13,0.917542189691
298,57,-0.060558,-0.367836,-0.618519,DSB,2,1,1,DIRECT,1.0,0.0,16,0.385113288115
299,57,-0.005998,-0.035126,-0.790886,DSB,2,0,0,DIRECT,1.0,0.0,16,0.79554115233
300,57,0.031234,0.036506,4.016006,DSB,2,0,0,DIRECT,1.0,0.0,17,0.037512658705
301,57,0.029493,0.039427,-3.280933,DSB+,3,1,1,DIRECT,1.0,0.0,18,0.70107124026
302,57,0.030635,0.037695,-4.224698,DSB+,3,0,0,DIRECT,1.0,0.0,18,0.88521874102
303,57,0.030156,0.039178,-3.67005,DSB,2,0,0,DIRECT,1.0,0.0,18,0.714589090777
304,57,0.030059,0.039419,-4.366058,DSB,2,0,0,DIRECT,1.0,0.0,18,0.877074702398
305,58,0.031416,0.060168,2.325643,DSB,2,1,1,DIRECT,1.0,0.0,13,0.480699359753
306,58,0.034287,-0.097043,3.107198,DSB,2,0,0,DIRECT,1.0,0.0,13,0.263258586582
307,58,0.022736,0.048723,-0.392759,DSB,2,0,0,DIRECT,1.0,0.0,16,0.76584776558
308,58,0.031846,0.057329,3.859867,DSB,2,0,0,DIRECT,1.0,0.0,17,0.019269798493
309,58,0.033182,0.050407,4.437024,DSB,2,0,0,DIRECT,1.0,0.0,17,0.038592386923
310,58,0.030899,0.054279,-4.491047,DSB,2,2,1,DIRECT,1.0,0.0,18,0.877825394966
311,58,1.606367,0.89314,-0.965467,DSB+,3,1,1,DIRECT,1.0,0.0,23,0.910387459928
312,58,0.031629,0.053339,-1.435159,DSB,2,0,0,DIRECT,1.0,0.0,23,0.003370282841
313,59,0.056942,-0.042733,1.804604,DSB,2,0,0,DIRECT,1.0,0.0,13,0.430384197316
314,59,0.051221,-0.030422,0.481372,DSB,2,0,0,DIRECT,1.0,0.0,13,0.994335890135
315,59,0.052996,-0.031658,-3.195537,DSB,2,2,1,DIRECT,1.0,0.0,18,0.622228531813
316,59,0.051582,-0.028448,-3.047593,DSB,2,0,0,DIRECT,1.0,0.0,18,0.621481605472
317,60,0.005515,-0.091569,1.414249,DSB+,4,1,1,DIRECT,1.0,0.0,13,0.422322947326
318,60,-0.059574,-0.105409,1.777649,DSB+,3,0,0,DIRECT,1.0,0.0,13,0.430288400343
319,60,-0.059585,-0.104761,1.926304,DSB,2,1,1,DIRECT,1.0,0.0,13,0.429628617468
320,60,-0.112359,-0.063495,-1.099155,DSB,2,1,1,DIRECT,1.0,0.0,16,0.847771379817
321,60,-0.066709,-0.107095,0.085544,DSB,2,0,0,DIRECT,1.0,0.0,16,0.494647391078
322,60,-0.069954,-0.091117,0.108343,DSB,2,0,0,DIRECT,1.0,0.0,16,0.494673382517
323,60,-0.059932,-0.104276,-2.531935,DSB+,3,1,1,DIRECT,1.0,0.0,18,0.406322970632
324,61,-0.038462,0.073676,2.621872,DSB+,3,0,0,DIRECT,1.0,0.0,13,0.553963670518
325,61,-0.034558,0.072549,2.352425,DSB,2,0,0,DIRECT,1.0,0.0,13,0.482145934661
326,61,-0.033961,0.072889,1.043724,DSB,2,0,0,DIRECT,1.0,0.0,13,0.905098542118
327,61,-0.039547,0.059212,-3.013869,DSB,2,0,0,DIRECT,1.0,0.0,18,0.622946423341
328,61,-0.034094,0.071836,-4.535795,DSB,2,0,0,DIRECT,1.0,0.0,18,0.876504621299
329,61,-0.033885,0.071722,-1.580063,DSB,2,0,0,DIRECT,1.0,0.0,23,0.005372968331
330,61,-0.034294,0.072018,-1.308567,DSB,2,0,0,DIRECT,1.0,0.0,23,0.038284995987
331,62,-0.113839,-0.02566,0.969077,DSB+,3,1,1,DIRECT,1.0,0.0,13,0.903958475669
332,62,-0.110756,-0.025183,3.682827,DSB+,4,1,1,DIRECT,1.0,0.0,13,0.197679705494
333,62,-0.121589,-0.013127,2.063951,DSB,2,0,0,DIRECT,1.0,0.0,13,0.474672896794
334,62,-0.120492,-0.025557,-0.103421,DSB+,3,1,1,DIRECT,1.0,0.0,16,0.465575320925
335,62,-0.11462,-0.025499,-1.101035,DSB+,3,1,1,DIRECT,1.0,0.0,16,0.847805380985
336,62,-0.114046,-0.025581,-0.158744,DSB,2,0,0,DIRECT,1.0,0.0,16,0.465517652212
337,62,-0.114675,-0.028274,-0.103296,DSB,2,0,0,DIRECT,1.0,0.0,16,0.465574175721
338,62,-0.265744,0.401108,1.166352,DSB,2,1,1,DIRECT,1.0,0.0,17,0.666141550123
339,63,-0.032249,-0.064957,1.438882,DSB,2,1,1,DIRECT,1.0,0.0,13,0.422394831986
340,63,-0.039847,-0.05814,3.780624,DSB,2,0,0,DIRECT,1.0,0.0,13,0.196011974006
341,63,-0.500255,0.000804,0.575136,DSB,2,0,0,DIRECT,1.0,0.0,13,0.922077472201
342,63,-0.032832,-0.062196,-0.635952,DSB,2,0,0,DIRECT,1.0,0.0,16,0.764842102514
343,63,-0.032618,-0.062308,-2.548132,DSB,2,0,0,DIRECT,1.0,0.0,18,0.405655769719
344,63,-0.032486,-0.062377,-3.728096,DSB,2,0,0,DIRECT,1.0,0.0,18,0.710340522641
345,64,-0.02343,-0.00855,-0.663434,DSB+,4,0,0,DIRECT,1.0,0.0,16,0.798175348785
346,64,-0.161045,-0.02557,-1.077184,DSB,2,1,1,DIRECT,1.0,0.0,16,0.84826553191
347,64,-0.157986,-0.025132,-1.073846,DSB,2,0,0,DIRECT,1.0,0.0,16,0.848265411363
348,64,-0.178969,0.301052,-2.37731,DSB+,4,1,1,DIRECT,1.0,0.0,18,0.506649383873
349,64,-0.023135,-0.008109,-2.161368,DSB+,3,1,1,DIRECT,1.0,0.0,18,0.425429273063
350,64,-0.031528,-0.008978,-2.177533,DSB+,3,0,0,DIRECT,1.0,0.0,18,0.425213558972
351,64,-0.023125,-0.008564,-2.185709,DSB+,3,0,0,DIRECT,1.0,0.0,18,0.425224418258
352,64,-0.023338,-0.008542,-1.74758,DSB,2,0,0,DIRECT,1.0,0.0,22,0.004466533955
353,64,-0.023413,-0.007999,-1.609788,DSB,2,1,1,DIRECT,1.0,0.0,23,0.003747625994
354,65,-0.0586778,-0.269071,2.282,DSB,2,0,0,DIRECT,1.0,0.0,7,0.912335522985
355,65,0.037273,-0.011578,0.877201,DSB+,3,0,0,DIRECT,1.0,0.0,13,0.917500950953
356,65,0.037885,-0.009592,3.108236,DSB,2,3,1,DIRECT,1.0,0.0,13,0.263328304669
357,65,0.037911,-0.01121,-3.205957,DSB+,3,0,0,DIRECT,1.0,0.0,18,0.622212378888
358,65,0.025594,-0.032528,-3.381689,DSB+,3,0,0,DIRECT,1.0,0.0,18,0.698261405388
359,65,0.037671,-0.012773,-3.387414,DSB+,3,0,0,DIRECT,1.0,0.0,18,0.698284309623
360,65,0.021761,0.008191,-3.447341,DSB+,3,0,0,DIRECT,1.0,0.0,18,0.700612004776
361,65,0.033961,-0.031451,-3.385029,DSB,2,0,0,DIRECT,1.0,0.0,18,0.698271595122
362,65,0.037733,-0.012049,-4.368334,DSB,2,0,0,DIRECT,1.0,0.0,18,0.875892302671
363,66,0.079812,0.050038,2.270069,DSB+,3,0,0,DIRECT,1.0,0.0,13,0.47774837107
364,66,0.080794,0.051659,1.547509,DSB,2,0,0,DIRECT,1.0,0.0,13,0.826203161719
365,66,0.115795,0.037029,-0.534799,DSB++,5,0,0,DIRECT,1.0,0.0,16,0.76455716777
366,66,0.081157,0.052,3.834209,DSB,2,2,1,DIRECT,1.0,0.0,17,0.019213416692
367,66,0.078949,0.047581,-1.626251,DSB,2,1,1,DIRECT,1.0,0.0,23,0.003640553711
368,67,0.002466,0.013295,3.256606,DSB,2,0,0,DIRECT,1.0,0.0,13,0.263503994003
369,67,-0.000479,0.012956,2.219727,DSB,2,0,0,DIRECT,1.0,0.0,13,0.474105661032
370,67,0.00165,0.013516,-3.365422,DSB+,3,0,0,DIRECT,1.0,0.0,18,0.699632151296
371,67,0.00304,0.015584,-1.996918,DSB,2,2,1,DIRECT,1.0,0.0,18,0.425915653273
372,67,0.015994,-0.027705,-2.078992,DSB,2,0,0,DIRECT,1.0,0.0,18,0.423150789931
373,67,0.02556,-0.010108,-3.513165,DSB,2,0,0,DIRECT,1.0,0.0,18,0.699012830277
374,67,0.001505,0.01277,-3.375038,DSB,2,0,0,DIRECT,1.0,0.0,18,0.699643094276
375,68,0.0961085,-0.0828998,4.42441,DSB,2,0,0,DIRECT,1.0,0.0,7,0.844624660328
376,68,0.064427,-0.072527,2.195428,DSB+,3,0,0,DIRECT,1.0,0.0,13,0.472813288229
377,68,-0.370333,-0.123346,2.621529,DSB,2,0,0,DIRECT,1.0,0.0,13,0.30577072739
378,68,0.043961,-0.09592,-0.708511,DSB+,4,0,0,DIRECT,1.0,0.0,16,0.796744774924
379,68,-0.06668,-0.059846,-1.474732,DSB,2,1,1,DIRECT,1.0,0.0,16,0.885272792904
380,68,-0.117456,-0.321535,-3.801563,DSB,2,0,0,DIRECT,1.0,0.0,18,0.211112027095
381,68,-0.583592,-0.032667,-3.124307,DSB,2,0,0,DIRECT,1.0,0.0,18,0.312435688201
382,68,0.045708,-0.099242,-3.550756,DSB,2,0,0,DIRECT,1.0,0.0,18,0.698874798088
383,68,0.054626,-0.099185,-1.916109,DSB,2,2,1,DIRECT,1.0,0.0,22,0.003694492465
384,68,0.038465,-0.101294,-1.911824,DSB,2,0,0,DIRECT,1.0,0.0,22,0.003683418606
385,69,0.038944,0.025587,1.005878,DSB,2,1,1,DIRECT,1.0,0.0,13,0.903834488633
386,69,0.095785,0.070461,3.681018,DSB+,4,0,0,DIRECT,1.0,0.0,17,0.019969716752
387,69,0.064211,0.021053,4.123694,DSB,2,1,1,DIRECT,1.0,0.0,17,0.035524091293
388,69,0.062653,0.023219,3.997668,DSB,2,0,0,DIRECT,1.0,0.0,17,0.036264098937
389,69,-0.747249,0.929311,0.271922,DSB,2,0,0,DIRECT,1.0,0.0,23,0.14176025238
390,70,-0.053338,0.027304,-0.544593,DSB+,3,0,0,DIRECT,1.0,0.0,16,0.766512760651
391,70,-0.051669,0.013587,-3.047282,DSB+,4,1,1,DIRECT,1.0,0.0,18,0.622578518841
392,70,-0.051098,0.026807,-3.853083,DSB,2,0,0,DIRECT,1.0,0.0,18,0.71111944098
393,70,2.347523,0.982827,2.842783,DSB,2,1,1,DIRECT,1.0,0.0,24,0.131559513094
394,71,-0.029596,0.023334,3.37993,DSB,2,0,0,DIRECT,1.0,0.0,13,0.260678537268
395,71,-0.029506,0.023126,2.609464,DSB,2,0,0,DIRECT,1.0,0.0,13,0.553925146151
396,71,-0.028271,0.00783,-0.74754,DSB,2,1,1,DIRECT,1.0,0.0,16,0.796855417685
397,71,-0.030782,0.02228,-3.635427,DSB,2,0,0,DIRECT,1.0,0.0,18,0.715898447199
398,72,0.088924,0.024907,0.811816,DSB,2,0,0,DIRECT,1.0,0.0,13,0.916807124577
399,72,0.007698,-0.01965,-1.037142,DSB+,3,0,0,DIRECT,1.0,0.0,16,0.85093145252
400,72,0.008283,-0.02401,-4.318802,DSB+,3,2,1,DIRECT,1.0,0.0,18,0.792559862072
401,72,0.007917,-0.023504,-2.002323,DSB,2,0,0,DIRECT,1.0,0.0,18,0.424724291322
402,73,-0.015586,-0.013353,2.340343,DSB,2,0,0,DIRECT,1.0,0.0,13,0.481271790364
403,73,0.05706,0.078092,-0.678432,DSB+,3,1,1,DIRECT,1.0,0.0,16,0.798059375134
404,73,-0.01463,-0.013797,-0.689065,DSB,2,1,1,DIRECT,1.0,0.0,16,0.798169026724
405,73,0.021491,-0.014711,-3.314523,DSB+,3,0,0,DIRECT,1.0,0.0,18,0.699869109692
406,73,-0.013795,-0.013468,-3.195124,DSB,2,0,0,DIRECT,1.0,0.0,18,0.622157852303
407,73,-0.014279,-0.013427,-4.318945,DSB,2,0,0,DIRECT,1.0,0.0,18,0.792567192264
408,74,0.046601,0.084001,2.829125,DSB+,3,0,0,DIRECT,1.0,0.0,13,0.55736608797
409,74,0.059017,0.073558,1.040793,DSB+,3,0,0,DIRECT,1.0,0.0,13,0.903693827607
410,74,0.05903,0.073694,1.868419,DSB,2,1,1,DIRECT,1.0,0.0,13,0.430498299364
411,74,0.057157,0.074266,-0.43864,DSB,2,1,1,DIRECT,1.0,0.0,16,0.765407759526
412,74,-0.14452,-0.02048,-1.188546,DSB,2,0,0,DIRECT,1.0,0.0,16,0.848968928143
413,74,0.046627,0.090527,3.846883,DSB+,3,0,0,DIRECT,1.0,0.0,17,0.01930787225
414,74,0.060531,0.071142,4.063518,DSB,2,1,1,DIRECT,1.0,0.0,17,0.03790138904
415,74,0.040046,0.097771,3.851781,DSB,2,0,0,DIRECT,1.0,0.0,17,0.019307160851
416,75,-2.358043,-2.103541,-0.603489,DSB,2,1,1,DIRECT,1.0,0.0,3,0.816977909146
417,75,0.008242,-0.076926,4.405385,DSB+,3,0,0,DIRECT,1.0,0.0,7,0.845638056988
418,75,0.00803,-0.080376,1.009526,DSB,2,2,1,DIRECT,1.0,0.0,13,0.90395358857
419,75,-0.018648,-0.114703,0.416015,DSB,2,1,1,DIRECT,1.0,0.0,13,0.992838406929
420,75,0.008466,-0.076467,0.610847,DSB,2,0,0,DIRECT,1.0,0.0,13,0.993645572129
421,75,0.023343,-0.050655,-3.330639,DSB,2,0,0,DIRECT,1.0,0.0,18,0.699516311944
422,75,0.020465,-0.051259,-3.331395,DSB,2,0,0,DIRECT,1.0,0.0,18,0.699516381689
423,75,0.069435,-0.064965,-1.751462,DSB+,3,0,0,DIRECT,1.0,0.0,22,0.003305735997
424,76,-0.00300974,0.0659186,2.46207,DSB,2,1,1,DIRECT,1.0,0.0,13,0.480693567865
425,76,-0.002913,0.065959,2.092279,DSB,2,0,0,DIRECT,1.0,0.0,13,0.474793344683
426,76,-0.001552,0.066529,-3.010665,DSB,2,1,1,DIRECT,1.0,0.0,18,0.622985682761
427,76,-0.009062,0.060367,-2.325344,DSB,2,0,0,DIRECT,1.0,0.0,18,0.40531543539
428,76,-0.002791,0.066933,-3.001522,DSB,2,0,0,DIRECT,1.0,0.0,18,0.622985271266
429,76,1.934385,0.23184,-2.730613,DSB,2,2,1,DIRECT,1.0,0.0,23,0.334252008945
430,77,-0.016754,0.009831,3.536516,DSB,2,0,0,DIRECT,1.0,0.0,13,0.260018458951
431,77,-0.016187,0.009496,-0.136694,DSB,2,0,0,DIRECT,1.0,0.0,16,0.710426156455
432,77,-0.015678,0.009196,-3.445348,DSB,2,0,0,DIRECT,1.0,0.0,18,0.700572933667
433,77,-0.015861,0.00928,-1.934131,DSB,2,1,1,DIRECT,1.0,0.0,22,0.003824723081
434,77,-0.0158,0.008989,-1.853895,DSB,2,1,1,DIRECT,1.0,0.0,22,0.005245116443
435,78,-2.00231,-0.467265,2.42372,DSB,2,1,1,DIRECT,1.0,0.0,7,0.332167658197
436,78,0.000714,0.032814,0.787341,DSB,2,1,1,DIRECT,1.0,0.0,13,0.918601434369
437,78,0.004187,0.031075,0.791775,DSB,2,0,0,DIRECT,1.0,0.0,13,0.918601563625
438,78,0.003615,0.03326,-4.36011,DSB+,3,0,0,DIRECT,1.0,0.0,18,0.877052551409
439,78,0.003779,0.031098,-3.267232,DSB,2,1,1,DIRECT,1.0,0.0,18,0.622002781428
440,78,0.002417,0.032257,-3.312431,DSB,2,0,0,DIRECT,1.0,0.0,18,0.701040134022
441,78,0.004382,0.031769,-1.955895,DSB,2,0,0,DIRECT,1.0,0.0,22,0.003846026798
442,78,0.633561,0.403218,-1.211944,DSB,2,0,0,DIRECT,1.0,0.0,23,0.302025424217
443,79,0.030937,-0.013659,0.90037,DSB,2,1,1,DIRECT,1.0,0.0,13,0.917495959219
444,79,0.016681,-0.026945,2.208997,DSB,2,0,0,DIRECT,1.0,0.0,13,0.473642777743
445,79,0.017039,-0.026049,-3.053391,DSB+,4,0,0,DIRECT,1.0,0.0,18,0.621456071854
446,79,0.017301,-0.025487,-3.522344,DSB+,3,1,1,DIRECT,1.0,0.0,18,0.699002982293
447,79,0.016336,-0.026907,-3.609958,DSB,2,1,1,DIRECT,1.0,0.0,18,0.715780682887
448,79,0.016608,-0.026836,-4.356186,DSB,2,1,1,DIRECT,1.0,0.0,18,0.792521209433
449,80,0.002399,-0.050985,3.61835,DSB,2,0,0,DIRECT,1.0,0.0,13,0.196242670891
450,80,0.018633,-0.039419,-2.333578,DSB+,3,1,1,DIRECT,1.0,0.0,18,0.403891662412
451,80,0.004135,-0.049657,-2.349335,DSB,2,0,0,DIRECT,1.0,0.0,18,0.403875851237
452,80,0.004003,-0.049688,-2.072592,DSB,2,0,0,DIRECT,1.0,0.0,18,0.423126727931
453,80,0.003657,-0.049207,-4.100659,DSB,2,0,0,DIRECT,1.0,0.0,18,0.782161597605
454,81,0.025861,0.014474,4.430858,DSB+,3,1,1,DIRECT,1.0,0.0,7,0.845689934658
455,81,0.028702,0.010577,4.424573,DSB,2,1,1,DIRECT,1.0,0.0,7,0.845680893779
456,81,0.025861,0.015439,4.43069,DSB+,3,0,0,DIRECT,1.0,0.0,7,0.845689924431
457,81,0.025425,0.010156,3.411621,DSB,2,0,0,DIRECT,1.0,0.0,13,0.259462776192
458,81,0.024753,0.010578,2.209909,DSB,2,0,0,DIRECT,1.0,0.0,13,0.473675473291
459,81,0.023923,0.011479,-3.793131,DSB+,4,1,1,DIRECT,1.0,0.0,18,0.715292022017
460,81,0.025183,0.010969,-2.233974,DSB,2,2,1,DIRECT,1.0,0.0,18,0.42392180617
461,81,-0.007951,-0.089902,-2.201669,DSB,2,0,0,DIRECT,1.0,0.0,18,0.423817398012
462,82,0.043339,0.037386,3.716893,DSB,2,0,0,DIRECT,1.0,0.0,17,0.01998775279
463,83,0.024205,0.064426,3.202166,DSB+,3,2,1,DIRECT,1.0,0.0,13,0.26342724071
464,83,0.024581,0.065902,2.3647,DSB+,3,1,1,DIRECT,1.0,0.0,13,0.480731507504
465,83,0.024547,0.065347,1.164018,DSB,2,0,0,DIRECT,1.0,0.0,13,0.903655081659
466,83,0.025511,0.065422,-1.590782,DSB+,4,0,0,DIRECT,1.0,0.0,23,0.004158127635
467,83,0.024928,0.065508,-1.579887,DSB+,3,0,0,DIRECT,1.0,0.0,23,0.004155910665
468,83,0.032737,0.064145,-1.593314,DSB,2,0,0,DIRECT,1.0,0.0,23,0.004160292877
469,84,0.099719,-0.024137,3.570838,DSB+,3,0,0,DIRECT,1.0,0.0,17,0.01631048629
470,84,0.100184,-0.024074,3.60697,DSB,2,1,1,DIRECT,1.0,0.0,17,0.017554303402
471,84,0.906411,-0.167132,-3.550407,DSB,2,0,0,DIRECT,1.0,0.0,18,0.724118870467
472,85,0.046892,0.048651,0.761319,DSB,2,2,1,DIRECT,1.0,0.0,13,0.91820267424
473,85,0.067478,0.06212,0.501102,DSB,2,1,1,DIRECT,1.0,0.0,13,0.994414779225
474,85,0.046473,0.047841,2.545563,DSB,2,0,0,DIRECT,1.0,0.0,13,0.479114511973
475,85,0.046129,0.047744,2.586623,DSB,2,0,0,DIRECT,1.0,0.0,13,0.480237972137
476,85,0.047187,0.048341,0.625714,DSB,2,0,0,DIRECT,1.0,0.0,13,0.994560148853
477,85,0.046659,0.048511,-1.990748,DSB+,3,1,1,DIRECT,1.0,0.0,18,0.425734246713
478,85,0.159231,0.499179,-2.169926,DSB,2,0,0,DIRECT,1.0,0.0,22,0.257554096018
479,85,0.115377,0.144392,-0.788212,DSB+,3,0,0,DIRECT,1.0,0.0,23,0.044051336168
480,86,0.002043,-0.037343,-0.840594,DSB,2,1,1,DIRECT,1.0,0.0,16,0.797749272695
481,86,0.001509,-0.036534,-3.652427,DSB+,3,0,0,DIRECT,1.0,0.0,18,0.714512162121
482,87,0.0101113,-0.0115958,0.633359,DSB+,3,0,0,DIRECT,1.0,0.0,13,0.994500494249
483,87,0.006533,-0.00896,2.062982,DSB,2,1,1,DIRECT,1.0,0.0,13,0.474309128041
484,87,0.007173,-0.009516,-1.033582,DSB,2,1,1,DIRECT,1.0,0.0,16,0.850944464982
485,87,-0.013745,0.009454,-0.637348,DSB,2,0,0,DIRECT,1.0,0.0,16,0.764905591006
486,87,0.006285,-0.022254,-4.324707,DSB+,4,3,1,DIRECT,1.0,0.0,18,0.792546666332
487,87,0.016244,-0.016608,-3.518415,DSB,2,0,0,DIRECT,1.0,0.0,18,0.699014399538
488,87,0.01366,-0.017259,-3.316821,DSB,2,0,0,DIRECT,1.0,0.0,18,0.699855948824
489,87,0.00764,-0.010151,-1.737617,DSB,2,0,0,DIRECT,1.0,0.0,22,0.004492072223
490,88,0.00202092,-0.029692,4.55995,DSB,2,1,1,DIRECT,1.0,0.0,7,0.845806126321
491,88,0.000747,-0.029527,2.476886,DSB,2,4,1,DIRECT,1.0,0.0,13,0.480610093273
492,88,0.00564,-0.034488,-0.39974,DSB+,3,1,1,DIRECT,1.0,0.0,16,0.765516560585
493,88,-0.018919,-0.1576,-0.148327,DSB+,3,0,0,DIRECT,1.0,0.0,16,0.463459299055
494,88,0.003588,-0.032677,-0.407731,DSB,2,0,0,DIRECT,1.0,0.0,16,0.76551710305
495,88,0.001539,-0.031082,-0.54016,DSB,2,0,0,DIRECT,1.0,0.0,16,0.766225448438
496,88,0.000971,-0.031297,-3.763992,DSB+,3,0,0,DIRECT,1.0,0.0,18,0.715248926626
497,88,0.00132,-0.031001,-2.157005,DSB,2,1,1,DIRECT,1.0,0.0,18,0.425457345396
498,88,-0.00149,-0.030496,-3.200696,DSB,2,1,1,DIRECT,1.0,0.0,18,0.622180184629
499,88,0.00121,-0.030959,-1.599798,DSB,2,0,0,DIRECT,1.0,0.0,23,0.003770098685
500,89,0.01909,-0.007908,3.634416,DSB,2,0,0,DIRECT,1.0,0.0,13,0.196282610917
501,89,0.019622,-0.007926,0.771804,DSB,2,0,0,DIRECT,1.0,0.0,13,0.918149377787
502,89,-0.004311,-0.015296,-0.543529,DSB,2,1,1,DIRECT,1.0,0.0,16,0.766216668542
503,89,0.033289,-0.083633,-2.439691,DSB,2,1,1,DIRECT,1.0,0.0,18,0.404717184314
504,90,0.039425,-0.020095,0.897962,DSB,2,0,0,DIRECT,1.0,0.0,13,0.917493324864
505,90,-0.856508,0.206281,-0.506325,DSB,2,0,0,DIRECT,1.0,0.0,16,0.719719264337
506,90,-0.020626,0.73791,4.107601,DSB,2,1,1,DIRECT,1.0,0.0,17,0.320523491487
507,90,0.03957,-0.016662,-2.611188,DSB,2,0,0,DIRECT,1.0,0.0,18,0.325423839933
508,90,0.033735,0.006114,-3.444619,DSB,2,0,0,DIRECT,1.0,0.0,18,0.70062453794
509,90,0.027306,-0.010308,-1.871758,DSB,2,0,0,DIRECT,1.0,0.0,22,0.005290976188
510,90,-0.0188,0.3557,-3.554076,DSB,2,0,0,DIRECT,1.0,0.0,22,0.080664882626
511,90,0.039218,-0.017582,-1.608654,DSB,2,0,0,DIRECT,1.0,0.0,23,0.003804099622
512,91,0.017086,0.0202748,4.45606,DSB,2,1,1,DIRECT,1.0,0.0,7,0.845707740281
513,91,0.01855,0.018632,0.756774,DSB,2,0,0,DIRECT,1.0,0.0,13,0.918173105449
514,91,-1.378276,-0.17524,-1.579608,DSB+,3,0,0,DIRECT,1.0,0.0,16,0.292359514969
515,92,0.001695,0.073397,0.759182,DSB+,3,1,1,DIRECT,1.0,0.0,13,0.918641952968
516,92,0.005226,0.079807,-3.639384,DSB,2,0,0,DIRECT,1.0,0.0,18,0.715953196968
517,92,0.003704,0.079556,-4.082466,DSB,2,0,0,DIRECT,1.0,0.0,18,0.884798144227
518,93,-0.012507,-0.051683,3.269345,DSB,2,0,0,DIRECT,1.0,0.0,13,0.263437975092
519,93,-0.013713,-0.052505,-0.917983,DSB+,3,2,1,DIRECT,1.0,0.0,16,0.796227437476
520,93,-0.013388,-0.051151,-0.706873,DSB,2,0,0,DIRECT,1.0,0.0,16,0.7970273255
521,94,-0.10556,-0.096943,2.306285,DSB+,3,2,1,DIRECT,1.0,0.0,13,0.480890547466
522,94,-0.101886,-0.094698,2.300933,DSB,2,1,1,DIRECT,1.0,0.0,13,0.480900364747
523,95,0.0460261,-0.0670926,4.25291,DSB+,3,2,1,DIRECT,1.0,0.0,7,0.808953385267
524,95,0.022191,-0.056741,-2.617025,DSB,2,0,0,DIRECT,1.0,0.0,18,0.325390188004
525,95,0.103948,0.002565,-1.875398,DSB,2,0,0,DIRECT,1.0,0.0,22,0.004114353234
526,96,-0.81233,-1.13746,-2.51027,DSB,2,0,0,DIRECT,1.0,0.0,9,0.59629892642
527,96,0.054286,0.0208,0.476199,DSB+,3,1,1,DIRECT,1.0,0.0,13,0.994379147725
528,96,0.053989,0.021533,3.368658,DSB,2,0,0,DIRECT,1.0,0.0,13,0.259422959267
529,96,0.053128,0.019099,0.988912,DSB,2,0,0,DIRECT,1.0,0.0,13,0.903837689252
530,96,0.053701,0.021568,4.15076,DSB+,4,1,1,DIRECT,1.0,0.0,17,0.036786565174
531,96,0.054021,0.021621,4.010894,DSB+,3,1,1,DIRECT,1.0,0.0,17,0.03752764689
532,96,0.054036,0.021657,4.28118,DSB+,3,0,0,DIRECT,1.0,0.0,17,0.039003777385
533,96,0.05631,0.018297,-1.864237,DSB,2,0,0,DIRECT,1.0,0.0,22,0.005074926805
534,97,0.048644,0.085085,2.991418,DSB,2,1,1,DIRECT,1.0,0.0,13,0.559515758737
535,97,0.049016,0.083964,2.822996,DSB,2,0,0,DIRECT,1.0,0.0,13,0.557365084699
536,97,0.064581,0.089137,1.824583,DSB,2,0,0,DIRECT,1.0,0.0,13,0.817356726161
537,97,0.050427,0.084631,4.473329,DSB+,3,0,0,DIRECT,1.0,0.0,17,0.039815050398
538,97,0.049329,0.084419,3.845217,DSB,2,0,0,DIRECT,1.0,0.0,17,0.019296503826
539,98,0.019231,-0.048984,-0.297817,DSB,2,1,1,DIRECT,1.0,0.0,16,0.710834820089
540,98,0.020528,-0.057447,-0.809906,DSB,2,0,0,DIRECT,1.0,0.0,16,0.797780507962
541,98,0.019248,-0.050125,-3.527285,DSB,2,0,0,DIRECT,1.0,0.0,18,0.698981256748
542,99,0.282752,-0.05413,2.306463,DSB+,3,1,1,DIRECT,1.0,0.0,13,0.476695170636
543,99,0.139148,-0.02755,0.484776,DSB+,3,0,0,DIRECT,1.0,0.0,13,0.993130808045
544,99,0.140714,-0.027822,0.485222,DSB,2,0,0,DIRECT,1.0,0.0,13,0.993130746495
545,99,0.135111,-0.029527,-1.125297,DSB,2,1,1,DIRECT,1.0,0.0,16,0.851850234131
546,99,0.139311,-0.027316,-1.913798,DSB,2,2,1,DIRECT,1.0,0.0,22,0.003584168602
547,100,0.056953,0.018681,-0.541609,DSB,2,2,1,DIRECT,1.0,0.0,16,0.76605123682
548,100,0.05633,0.017898,-0.412001,DSB,2,0,0,DIRECT,1.0,0.0,16,0.765353613486
549,100,0.056609,0.020537,3.903759,DSB+,4,0,0,DIRECT,1.0,0.0,17,0.020531281995
550,100,0.057869,0.016404,3.593832,DSB,2,1,1,DIRECT,1.0,0.0,17,0.017671460933
551,100,0.067569,0.023985,4.147386,DSB,2,1,1,DIRECT,1.0,0.0,17,0.036799349419
552,100,0.227934,-0.050718,-2.405485,DSB+,3,1,1,DIRECT,1.0,0.0,18,0.403483891711
553,100,0.055124,0.021185,-3.92573,DSB,2,0,0,DIRECT,1.0,0.0,18,0.781058518785
554,101,-0.014108,0.048575,2.069877,DSB+,4,1,1,DIRECT,1.0,0.0,13,0.474777717048
555,101,0.000541,0.035373,3.635925,DSB,2,0,0,DIRECT,1.0,0.0,13,0.196744989493
556,101,-0.01431,0.048563,3.504044,DSB,2,0,0,DIRECT,1.0,0.0,13,0.260059728464
557,101,-0.014122,0.048687,-0.005652,DSB,2,0,0,DIRECT,1.0,0.0,16,0.679387101657
558,101,-0.014292,0.046938,-2.067144,DSB+,3,0,0,DIRECT,1.0,0.0,18,0.424549440785
559,101,-0.02283,-0.007702,-3.078728,DSB,2,0,0,DIRECT,1.0,0.0,18,0.621409084695
560,101,-0.014366,0.048085,-1.705508,DSB,2,0,0,DIRECT,1.0,0.0,22,0.00484519153
561,102,0.013216,0.064356,-0.388584,DSB,2,1,1,DIRECT,1.0,0.0,16,0.765850223415
562,102,0.035354,0.032297,-0.14372,DSB,2,1,1,DIRECT,1.0,0.0,16,0.710449395386
563,102,0.01437,0.066648,-1.714255,DSB,2,0,0,DIRECT,1.0,0.0,22,0.004852634734
564,103,0.013055,-0.017041,3.628545,DSB,2,1,1,DIRECT,1.0,0.0,13,0.19627278748
565,103,0.013915,-0.01659,2.212599,DSB,2,1,1,DIRECT,1.0,0.0,13,0.47365436152
566,103,0.013603,-0.016747,3.358882,DSB,2,0,0,DIRECT,1.0,0.0,13,0.260224147928
567,103,0.11306,0.029787,-0.968514,DSB,2,1,1,DIRECT,1.0,0.0,16,0.852063657259
568,103,0.015005,-0.016712,-2.355666,DSB,2,1,1,DIRECT,1.0,0.0,18,0.403914371361
569,103,0.014947,-0.016712,-2.129641,DSB,2,0,0,DIRECT,1.0,0.0,18,0.425476295094
570,103,0.039571,-0.011962,-3.386106,DSB,2,0,0,DIRECT,1.0,0.0,18,0.698284407266
571,103,0.013292,-0.010304,-1.715844,DSB,2,0,0,DIRECT,1.0,0.0,22,0.004511331424
572,104,-0.054452,-0.037701,0.570342,DSB+,3,1,1,DIRECT,1.0,0.0,13,0.993433284955
573,104,-0.054562,-0.037082,0.764877,DSB+,3,0,0,DIRECT,1.0,0.0,13,0.918275654496
574,104,-0.055452,-0.052833,2.498017,DSB,2,0,0,DIRECT,1.0,0.0,13,0.480597961698
575,104,-0.051451,-0.04182,0.887573,DSB,2,0,0,DIRECT,1.0,0.0,13,0.917613286506
576,104,-0.054562,-0.037081,0.768926,DSB,2,0,0,DIRECT,1.0,0.0,13,0.91827550062
577,104,-0.055478,-0.037186,-0.421726,DSB,2,1,1,DIRECT,1.0,0.0,16,0.765454451695
578,104,-0.009815,-0.04886,-1.93705,DSB+,4,1,1,DIRECT,1.0,0.0,22,0.003768102339
579,104,-0.027089,-0.001946,-1.610718,DSB+,3,0,0,DIRECT,1.0,0.0,23,0.003734782345
580,105,-0.030495,0.112483,0.908247,DSB+,3,0,0,DIRECT,1.0,0.0,13,0.918828518249
581,105,-0.031028,0.112046,2.472062,DSB,2,1,1,DIRECT,1.0,0.0,13,0.481535589031
582,105,-0.02686,0.104024,0.924913,DSB,2,1,1,DIRECT,1.0,0.0,13,0.918819870424
583,105,-0.028982,0.108474,4.169189,DSB,2,0,0,DIRECT,1.0,0.0,17,0.036994398087
584,105,-0.024741,0.103914,4.442758,DSB,2,0,0,DIRECT,1.0,0.0,17,0.039731705208
585,105,-0.031003,0.112137,-4.551599,DSB+,3,0,0,DIRECT,1.0,0.0,18,0.876556058184
586,105,-0.030925,0.112088,-4.476597,DSB+,3,0,0,DIRECT,1.0,0.0,18,0.878116440554
587,105,-0.030819,0.11228,-4.340099,DSB,2,0,0,DIRECT,1.0,0.0,18,0.877376209726
588,106,-0.109153,0.0203122,0.979484,DSB+,3,2,1,DIRECT,1.0,0.0,13,0.903996236811
589,106,-0.346957,0.354097,2.125976,DSB+,4,1,1,DIRECT,1.0,0.0,17,0.15160260595
590,106,-0.051881,0.055534,-3.036563,DSB,2,0,0,DIRECT,1.0,0.0,18,0.622931030635
591,106,-0.053033,0.056735,-4.074856,DSB,2,0,0,DIRECT,1.0,0.0,18,0.783631444083
592,106,-0.052796,0.056609,-1.914246,DSB+,3,0,0,DIRECT,1.0,0.0,22,0.00392236512
593,106,-0.052831,0.057091,-1.714075,DSB,2,2,1,DIRECT,1.0,0.0,22,0.004805887335
594,106,-0.050027,0.056784,-1.832592,DSB,2,1,1,DIRECT,1.0,0.0,22,0.005588311477
595,106,-0.043751,0.05801,-1.83081,DSB,2,1,1,DIRECT,1.0,0.0,22,0.005588995407
596,106,-0.047204,0.04866,-1.72136,DSB,2,0,0,DIRECT,1.0,0.0,22,0.004808237438
597,106,-0.052993,0.056165,-1.430768,DSB,2,1,1,DIRECT,1.0,0.0,23,0.00457964762
598,107,0.039651,0.010233,4.429132,DSB,2,0,0,DIRECT,1.0,0.0,7,0.845682044343
599,107,-0.052071,-0.071531,2.884435,DSB,2,0,0,DIRECT,1.0,0.0,13,0.31210161225
600,107,0.0301,0.000649,-3.026121,DSB,2,1,1,DIRECT,1.0,0.0,18,0.62266620914
601,107,0.044626,-0.07481,-3.906949,DSB,2,1,1,DIRECT,1.0,0.0,18,0.780968638495
602,107,0.029978,0.000653,-3.440631,DSB,2,0,0,DIRECT,1.0,0.0,18,0.700623268582
603,108,-2.820209,-0.480986,1.827527,DSB+,4,1,1,DIRECT,1.0,0.0,11,0.2164399063
604,108,-0.080278,0.011188,1.314932,DSB,2,1,1,DIRECT,1.0,0.0,13,0.828218806588
605,108,-0.180716,-0.614124,1.149996,DSB,2,0,0,DIRECT,1.0,0.0,13,0.324576305822
606,108,-0.248636,0.003302,-3.678918,DSB+,3,0,0,DIRECT,1.0,0.0,18,0.712861529813
607,108,-0.079991,0.011409,-3.972408,DSB+,3,0,0,DIRECT,1.0,0.0,18,0.783787819188
608,108,-0.080935,0.011318,-3.592071,DSB,2,0,0,DIRECT,1.0,0.0,18,0.701707341909
609,109,0.0264353,0.106666,3.13275,DSB,2,0,0,DIRECT,1.0,0.0,13,0.559904018376
610,109,0.026484,0.106587,4.315132,DSB+,3,0,0,DIRECT,1.0,0.0,17,0.040522508083
611,109,0.026096,0.106635,4.243897,DSB,2,0,0,DIRECT,1.0,0.0,17,0.039172685654
612,109,0.033689,0.120575,-3.034251,DSB,2,0,0,DIRECT,1.0,0.0,18,0.623032600175
613,110,-1.41944,-0.805998,0.222532,DSB,2,0,0,DIRECT,1.0,0.0,11,0.740118612763
614,110,0.054591,0.016413,1.796919,DSB,2,0,0,DIRECT,1.0,0.0,13,0.430430083105
615,110,0.069357,0.038461,2.690747,DSB,2,0,0,DIRECT,1.0,0.0,13,0.556797393466
616,110,0.054297,0.016291,-0.404722,DSB+,3,0,0,DIRECT,1.0,0.0,16,0.765354370258
617,110,-0.165279,0.098086,-0.137445,DSB,2,2,1,DIRECT,1.0,0.0,16,0.711766413248
618,110,-0.183713,0.099305,-0.123976,DSB,2,0,0,DIRECT,1.0,0.0,16,0.711757265012
619,110,0.048716,0.023381,4.016939,DSB+,3,0,0,DIRECT,1.0,0.0,17,0.037528197875
620,110,0.051667,0.018044,4.131276,DSB,2,1,1,DIRECT,1.0,0.0,17,0.035526643958
621,110,0.053557,0.015541,-3.919735,DSB,2,0,0,DIRECT,1.0,0.0,18,0.781058121239
622,111,-0.01278,0.029406,2.231636,DSB,2,2,1,DIRECT,1.0,0.0,13,0.474118992839
623,111,-0.019829,0.029393,-2.053821,DSB,2,1,1,DIRECT,1.0,0.0,18,0.424524018759
624,111,-0.020071,0.030947,-3.373629,DSB,2,1,1,DIRECT,1.0,0.0,18,0.699649845585
625,111,-0.020162,0.030953,-3.501795,DSB,2,0,0,DIRECT,1.0,0.0,18,0.700375967013
626,111,0.447039,0.843667,-0.815695,DSB+,3,0,0,DIRECT,1.0,0.0,23,0.416773953257
627,112,-0.230778,0.080892,2.649962,DSB+,4,0,0,DIRECT,1.0,0.0,13,0.555315322468
628,112,-0.086059,0.004264,1.884536,DSB,2,0,0,DIRECT,1.0,0.0,13,0.429577364488
629,112,0.017529,0.08767,2.986685,DSB,2,0,0,DIRECT,1.0,0.0,13,0.559492775835
630,112,-0.070413,0.040124,-0.54763,DSB+,3,1,1,MIXED,1.0,0.0,16,0.766487104068
631,112,-0.070301,0.040162,-4.077442,DSB+,3,0,0,DIRECT,1.0,0.0,18,0.783627252412
632,112,-0.072781,0.039801,-2.780548,DSB,2,0,0,DIRECT,1.0,0.0,18,0.606635016418
633,112,-0.07041,0.039976,-1.722031,DSB+,3,1,1,DIRECT,1.0,0.0,22,0.004786475341
634,113,1.19239,-1.984674,0.080592,DSB,2,0,0,DIRECT,1.0,0.0,6,0.841140721289
635,113,0.100853,0.004423,2.117848,DSB+,3,0,0,DIRECT,1.0,0.0,13,0.472937558396
636,113,0.042946,-0.025275,3.101404,DSB,2,2,1,DIRECT,1.0,0.0,13,0.263315840722
637,114,-0.0778799,0.0303783,1.19169,DSB,2,2,1,DIRECT,1.0,0.0,13,0.90459081324
638,114,-0.101168,0.18234,2.765947,DSB,2,1,1,DIRECT,1.0,0.0,13,0.554630667095
639,114,0.824758,-0.620778,1.414295,DSB,2,2,1,DIRECT,1.0,0.0,16,0.113982576829
640,114,-0.039968,0.008687,-0.877668,DSB,2,0,0,DIRECT,1.0,0.0,16,0.797554521077
641,114,-0.043158,0.013217,-2.944057,DSB,2,1,1,DIRECT,1.0,0.0,18,0.607041594481
642,115,0.089998,-0.044361,1.651546,DSB+,3,1,1,DIRECT,1.0,0.0,13,0.422771083151
643,115,0.090344,-0.044058,1.755004,DSB+,3,1,1,DIRECT,1.0,0.0,13,0.429958071898
644,115,0.084122,-0.044273,0.739768,DSB,2,1,1,DIRECT,1.0,0.0,13,0.917328419153
645,115,0.084084,-0.045623,2.859408,DSB,2,0,0,DIRECT,1.0,0.0,13,0.31298776502
646,115,0.09079,-0.044538,3.613265,DSB,2,0,0,DIRECT,1.0,0.0,17,0.017549358486
647,116,0.144172,-0.027039,1.064594,DSB+,3,1,1,DIRECT,1.0,0.0,13,0.906662290436
648,116,0.093419,0.009954,2.085215,DSB,2,0,0,DIRECT,1.0,0.0,13,0.472912889014
649,116,0.0935,0.010286,0.812447,DSB,2,0,0,DIRECT,1.0,0.0,13,0.916805462717
650,116,0.087582,0.016088,0.734601,DSB,2,0,0,DIRECT,1.0,0.0,13,0.917373991036
651,116,-0.747823,-0.369296,-0.016766,DSB,2,0,0,DIRECT,1.0,0.0,16,0.145841148847
652,116,-0.077223,0.085584,-0.352603,DSB,2,0,0,DIRECT,1.0,0.0,16,0.710926362726
653,116,0.09312,0.009177,4.033151,DSB,2,1,1,DIRECT,1.0,0.0,17,0.037580185745
654,116,0.093474,0.009707,3.835117,DSB,2,0,0,DIRECT,1.0,0.0,17,0.019169072867
655,116,0.093296,0.010512,-1.887251,DSB,2,1,1,DIRECT,1.0,0.0,22,0.004120042957
656,117,0.195097,-0.430745,2.34453,DSB,2,1,1,DIRECT,1.0,0.0,7,0.909883762315
657,117,-0.044374,-0.019448,0.537251,DSB+,3,1,1,DIRECT,1.0,0.0,13,0.993449589644
658,117,-0.044928,-0.019329,0.675148,DSB+,3,0,0,DIRECT,1.0,0.0,13,0.917086046165
659,117,-0.04457,-0.020809,3.535578,DSB,2,0,0,DIRECT,1.0,0.0,13,0.2599896103
660,117,-0.045042,-0.019125,0.422393,DSB,2,0,0,DIRECT,1.0,0.0,13,0.994094760464
661,117,0.157264,-0.066358,-2.42152,DSB+,4,2,1,DIRECT,1.0,0.0,18,0.404818167996
662,117,-0.045133,-0.018963,-1.63473,DSB,2,0,0,DIRECT,1.0,0.0,23,0.003713588108
663,118,-0.009941,-0.043571,0.76923,DSB,2,2,1,DIRECT,1.0,0.0,13,0.918309304075
664,118,-0.017255,0.009229,2.347669,DSB,2,1,1,DIRECT,1.0,0.0,13,0.48129014468
665,118,-0.039606,0.002113,3.65265,DSB,2,0,0,DIRECT,1.0,0.0,13,0.196707074475
666,118,-0.033361,0.019409,2.494788,DSB,2,0,0,DIRECT,1.0,0.0,13,0.481449412379
667,118,-0.03994,0.003723,-1.020729,DSB+,3,0,0,DIRECT,1.0,0.0,16,0.852224394314
668,118,-0.039778,0.003309,-0.130792,DSB,2,0,0,DIRECT,1.0,0.0,16,0.710412380524
669,118,-0.039742,0.003496,-0.632664,DSB,2,0,0,DIRECT,1.0,0.0,16,0.764897976405
670,118,-0.039732,0.003519,-1.885232,DSB,2,0,0,DIRECT,1.0,0.0,22,0.005225071449
671,119,0.0112492,0.0396361,1.94417,DSB+,3,0,0,DIRECT,1.0,0.0,13,0.430606757244
672,119,0.006748,0.047313,3.665518,DSB,2,0,0,DIRECT,1.0,0.0,13,0.196126420736
673,119,0.016756,0.043934,1.174331,DSB,2,0,0,DIRECT,1.0,0.0,13,0.903633865252
674,119,0.016817,0.043937,0.634766,DSB,2,0,0,DIRECT,1.0,0.0,13,0.994554092298
675,119,0.016591,0.047128,-0.387469,DSB,2,0,0,DIRECT,1.0,0.0,16,0.76583701004
676,119,0.037179,0.026613,4.154507,DSB+,3,1,1,DIRECT,1.0,0.0,17,0.036771925713
677,119,0.016575,0.043634,4.309316,DSB,2,1,1,DIRECT,1.0,0.0,17,0.039328356335
678,120,0.0254854,-0.00383959,4.42978,DSB,2,0,0,DIRECT,1.0,0.0,7,0.84568478013
679,120,0.023855,-0.004747,0.880592,DSB+,3,1,1,DIRECT,1.0,0.0,13,0.917510343537
680,120,0.022017,-0.011216,1.94545,DSB,2,1,1,DIRECT,1.0,0.0,13,0.430558280185
681,120,0.024912,-0.003022,0.877337,DSB,2,1,1,DIRECT,1.0,0.0,13,0.917511020591
682,121,-0.056895,-0.000939,0.287494,DSB,2,1,1,DIRECT,1.0,0.0,16,0.494292893575
683,121,-0.034362,0.021294,-0.274838,DSB,2,1,1,DIRECT,1.0,0.0,16,0.711124462893
684,121,0.241888,0.121808,4.364318,DSB+,3,0,0,DIRECT,1.0,0.0,17,0.043560743648
685,121,0.245987,0.114778,4.377743,DSB,2,1,1,DIRECT,1.0,0.0,17,0.043557249427
686,121,-0.021629,-0.008103,-4.127009,DSB+,4,0,0,DIRECT,1.0,0.0,18,0.782864270789
687,121,-0.027208,0.006771,-2.075819,DSB+,3,1,1,DIRECT,1.0,0.0,18,0.424503869449
688,121,-0.025247,0.003468,-3.513442,DSB+,3,0,0,DIRECT,1.0,0.0,18,0.700354004335
689,121,-0.028814,-0.004033,-4.122822,DSB+,3,0,0,DIRECT,1.0,0.0,18,0.782863929039
690,121,0.150977,-0.021828,-3.346016,DSB,2,0,0,DIRECT,1.0,0.0,18,0.699417762359
691,121,0.546373,3.593265,1.776598,DSB,2,1,1,DIRECT,1.0,0.0,43,0.186765518088
692,122,-0.071962,0.093918,2.516437,DSB+,3,1,1,DIRECT,1.0,0.0,13,0.481939236259
693,122,-0.095688,0.058929,-2.503111,DSB,2,0,0,DIRECT,1.0,0.0,18,0.407138804962
694,122,-0.097128,0.055795,-1.719199,DSB+,3,0,0,DIRECT,1.0,0.0,22,0.004751878627
695,123,-0.027667,-0.087199,-1.727979,DSB,2,0,0,DIRECT,1.0,0.0,15,0.627481201245
696,123,-0.02777,-0.087216,-0.733811,DSB+,3,0,0,DIRECT,1.0,0.0,16,0.796673805773
697,123,-0.028027,-0.086815,0.29333,DSB,2,0,0,DIRECT,1.0,0.0,16,0.492931936051
698,123,-0.020362,-0.070907,-3.084607,DSB+,4,0,0,DIRECT,1.0,0.0,18,0.307270950679
699,124,0.0252441,-0.0433083,4.39185,DSB,2,1,1,DIRECT,1.0,0.0,7,0.845667127915
700,124,0.018442,-0.042226,4.522117,DSB,2,0,0,DIRECT,1.0,0.0,7,0.845133225129
701,124,0.01817,-0.041526,3.101125,DSB++,5,0,0,DIRECT,1.0,0.0,13,0.263297689523
702,124,0.03477,-0.039573,-3.405687,DSB+,3,1,1,DIRECT,1.0,0.0,18,0.698268059054
703,124,0.01822,-0.042029,-3.512309,DSB,2,1,1,DIRECT,1.0,0.0,18,0.698988314935
704,124,0.018298,-0.041368,-4.115396,DSB,2,0,0,DIRECT,1.0,0.0,18,0.782151456693
705,124,0.017258,-0.041298,-4.069253,DSB,2,0,0,DIRECT,1.0,0.0,18,0.782190869552
706,125,0.145732,-0.534159,1.120187,DSB++,5,1,1,DIRECT,1.0,0.0,13,0.33657278391
707,125,-0.021505,-0.064136,0.405395,DSB,2,1,1,DIRECT,1.0,0.0,13,0.992886145384
708,125,0.295195,-0.024352,1.236979,DSB,2,0,0,DIRECT,1.0,0.0,13,0.906215890332
709,125,-0.021764,-0.064047,0.134009,DSB+,3,3,1,DIRECT,1.0,0.0,16,0.493661256751
710,125,-0.021851,-0.06345,0.288543,DSB,2,2,1,DIRECT,1.0,0.0,16,0.492955931754
711,125,-0.021665,-0.064023,-1.148537,DSB,2,1,1,DIRECT,1.0,0.0,16,0.851585524624
712,125,-0.015312,-0.066186,0.285456,DSB,2,0,0,DIRECT,1.0,0.0,16,0.492954009687
713,125,-0.01085,-0.07554,-2.802976,DSB++,5,1,1,MIXED,1.0,0.0,18,0.320610665673
714,125,-0.022642,-0.064124,-4.014315,DSB,2,0,0,DIRECT,1.0,0.0,18,0.782330324537
715,126,-0.042427,0.013837,-1.021723,DSB,2,0,0,DIRECT,1.0,0.0,16,0.8522355048
716,126,-0.047986,-0.002982,-2.317395,DSB+,3,0,0,DIRECT,1.0,0.0,18,0.405246638992
717,126,-0.041575,0.013855,-3.826258,DSB,2,1,1,DIRECT,1.0,0.0,18,0.71113760256
718,126,-0.045208,-0.005473,-2.3206,DSB,2,0,0,DIRECT,1.0,0.0,18,0.40523469866
719,127,0.154998,-0.226729,4.19934,DSB,2,0,0,DIRECT,1.0,0.0,7,0.807171861593
720,127,0.261836,-0.23756,4.60307,DSB,2,0,0,DIRECT,1.0,0.0,7,0.846954200378
721,127,0.042174,-0.009392,-0.300212,DSB,2,0,0,DIRECT,1.0,0.0,16,0.710647488856
722,127,0.040546,-0.008832,-3.533813,DSB+,3,3,1,DIRECT,1.0,0.0,18,0.699021150847
723,127,0.042066,-0.012374,-4.360994,DSB+,3,1,1,DIRECT,1.0,0.0,18,0.875905351947
724,127,0.041645,-0.009032,-3.924376,DSB,2,0,0,DIRECT,1.0,0.0,18,0.781035265826
725,128,0.060386,-0.029874,-3.604835,DSB,2,0,0,DIRECT,1.0,0.0,18,0.715831192164
726,129,0.048727,0.071783,2.95856,DSB+,4,1,1,DIRECT,1.0,0.0,13,0.559313898193
727,129,0.017088,0.148071,2.877699,DSB,2,0,0,DIRECT,1.0,0.0,13,0.558595808667
728,129,0.012218,0.105845,-0.014218,DSB,2,0,0,DIRECT,1.0,0.0,16,0.679437570989
729,129,0.0481,0.07293,-0.56921,DSB,2,0,0,DIRECT,1.0,0.0,16,0.766105235524
730,129,0.048816,0.072359,3.735099,DSB,2,1,1,DIRECT,1.0,0.0,17,0.020018273171
731,129,0.047502,0.077332,3.730636,DSB,2,0,0,DIRECT,1.0,0.0,17,0.020018531228
732,129,0.049073,0.07252,4.11269,DSB,2,0,0,DIRECT,1.0,0.0,17,0.035578617879
733,129,0.046007,0.071273,-1.576392,DSB,2,0,0,DIRECT,1.0,0.0,23,0.004164948515
734,130,0.016015,-0.073438,3.645449,DSB++,5,0,0,DIRECT,1.0,0.0,13,0.196225578358
735,130,0.017888,-0.074545,-1.187547,DSB+,3,0,0,DIRECT,1.0,0.0,16,0.851523342066
736,130,0.005487,-0.08819,0.120197,DSB,2,0,0,DIRECT,1.0,0.0,16,0.493580791115
737,131,-0.528996,0.338403,3.1536,DSB,2,1,1,DIRECT,1.0,0.0,13,0.628347908457
738,131,-0.043076,0.088832,-4.272606,DSB+,3,0,0,DIRECT,1.0,0.0,18,0.885280444359
739,131,-0.180534,0.219381,-0.848128,DSB,2,1,1,DIRECT,1.0,0.0,23,0.042184432729
740,132,-0.016904,0.094075,1.192453,DSB,2,1,1,DIRECT,1.0,0.0,13,0.904472999706
741,132,-0.23364,-0.131178,-0.374373,DSB,2,2,1,DIRECT,1.0,0.0,16,0.411894147004
742,132,-0.015886,0.091846,4.407006,DSB,2,0,0,DIRECT,1.0,0.0,17,0.038476324386
743,132,0.292757,0.291227,3.932005,DSB,2,0,0,DIRECT,1.0,0.0,17,0.071492660044
744,132,-0.047274,0.081072,-4.382306,DSB,2,1,1,DIRECT,1.0,0.0,18,0.877121173444
745,132,-0.016462,0.094646,-3.243512,DSB,2,0,0,DIRECT,1.0,0.0,18,0.622123963242
746,133,0.0250164,-0.0187582,1.94264,DSB,2,0,0,DIRECT,1.0,0.0,13,0.430557800092
747,133,-0.10123,0.604621,3.798419,DSB,2,0,0,DIRECT,1.0,0.0,17,0.290794624898
748,133,0.025065,-0.018429,-3.185435,DSB+,3,1,1,DIRECT,1.0,0.0,18,0.622208291835
749,133,0.025644,-0.019187,-3.207851,DSB+,3,0,0,DIRECT,1.0,0.0,18,0.622201310368
750,133,0.025922,-0.019714,-3.76572,DSB,2,1,1,DIRECT,1.0,0.0,18,0.715258028339
751,133,0.025601,-0.019133,-2.61577,DSB,2,0,0,DIRECT,1.0,0.0,18,0.325426385623
752,133,0.025943,-0.01928,-3.321011,DSB,2,0,0,DIRECT,1.0,0.0,18,0.699867219604
753,133,0.025282,-0.018992,-3.186871,DSB,2,0,0,DIRECT,1.0,0.0,18,0.622208340657
754,134,0.0263,-0.011246,0.888808,DSB+,3,2,1,DIRECT,1.0,0.0,13,0.917498895171
755,134,0.049227,-0.009259,1.922554,DSB+,3,0,0,DIRECT,1.0,0.0,13,0.42976772127
756,134,0.051421,-0.012324,0.615216,DSB+,3,0,0,DIRECT,1.0,0.0,13,0.993704340408
757,134,0.037882,-0.005456,0.758716,DSB,2,1,1,DIRECT,1.0,0.0,13,0.91815595752
758,134,0.035881,-0.010194,2.330518,DSB,2,0,0,DIRECT,1.0,0.0,13,0.4808548975
759,134,0.207164,0.289331,0.421665,DSB+,3,0,0,DIRECT,1.0,0.0,16,0.623215544769
760,134,0.032983,-0.004735,-0.543439,DSB,2,2,1,DIRECT,1.0,0.0,16,0.766031754961
761,134,0.033765,-0.003781,-4.38757,DSB,2,0,0,DIRECT,1.0,0.0,18,0.875887043903
762,135,-0.005115,0.00197,-1.025367,DSB+,3,2,1,DIRECT,1.0,0.0,16,0.850947599224
763,135,-0.005342,0.00124,-1.959664,DSB,2,0,0,DIRECT,1.0,0.0,22,0.003818844186
764,135,-0.005556,0.001219,-1.876689,DSB,2,0,0,DIRECT,1.0,0.0,22,0.005250740683
765,135,0.144122,0.816145,0.825015,DSB,2,0,0,DIRECT,1.0,0.0,25,0.728011504008
766,136,-0.000993,-0.008597,3.380003,DSB,2,0,0,DIRECT,1.0,0.0,13,0.260230173707
767,136,0.011354,0.098739,0.772707,DSB,2,0,0,DIRECT,1.0,0.0,13,0.91866821035
768,136,-0.000934,-0.005638,-1.859028,DSB,2,0,0,DIRECT,1.0,0.0,22,0.005267868057
769,137,-0.084835,0.027366,1.189403,DSB+,3,1,1,DIRECT,1.0,0.0,13,0.904590585504
770,137,-0.052519,-0.023141,3.91972,DSB,2,1,1,DIRECT,1.0,0.0,13,0.19358938281
771,137,-0.051514,-0.028672,-3.743675,DSB,2,1,1,DIRECT,1.0,0.0,18,0.710373142344
772,137,-0.053159,-0.023782,-4.133523,DSB,2,0,0,DIRECT,1.0,0.0,18,0.783575048333
773,138,0.01784,-0.011696,-3.066179,DSB,2,3,1,DIRECT,1.0,0.0,18,0.621446300589
774,138,0.011355,0.001654,-2.462003,DSB,2,1,1,DIRECT,1.0,0.0,18,0.404658424211
775,138,0.011142,0.001709,-2.229428,DSB,2,1,1,DIRECT,1.0,0.0,18,0.423906448337
776,139,0.054059,-0.00035,0.486453,DSB+,3,1,1,DIRECT,1.0,0.0,13,0.994366886894
777,139,0.024904,0.00709,0.892679,DSB,2,2,1,DIRECT,1.0,0.0,13,0.917519625331
778,139,0.030526,0.013993,3.394542,DSB,2,1,1,DIRECT,1.0,0.0,13,0.259452774259
779,139,0.026648,0.007962,3.504859,DSB,2,0,0,DIRECT,1.0,0.0,13,0.259596303532
780,139,0.026899,0.00502,2.300856,DSB,2,0,0,DIRECT,1.0,0.0,13,0.48087130067
781,139,0.026608,0.00933,-3.457278,DSB,2,0,0,DIRECT,1.0,0.0,18,0.700614048303
782,139,0.024204,0.00021,-3.666464,DSB,2,0,0,DIRECT,1.0,0.0,18,0.71455171447
783,139,-1.130567,0.702654,-1.911539,DSB,2,0,0,DIRECT,1.0,0.0,19,0.827042205754
784,139,0.026147,0.009433,-1.867936,DSB,2,1,1,DIRECT,1.0,0.0,22,0.005287913051
785,140,-0.056805,-0.061953,0.463186,DSB+,4,0,0,DIRECT,1.0,0.0,13,0.994243195301
786,140,-0.055576,-0.061507,1.863189,DSB,2,0,0,DIRECT,1.0,0.0,13,0.429472113381
787,140,-0.057195,-0.061915,2.475754,DSB,2,0,0,DIRECT,1.0,0.0,13,0.48059390553
788,140,-0.056712,-0.061987,0.671422,DSB,2,0,0,DIRECT,1.0,0.0,13,0.917055221747
789,140,-0.055773,-0.062384,-4.109619,DSB+,4,0,0,DIRECT,1.0,0.0,18,0.783539987558
790,140,-0.056688,-0.062218,-2.410635,DSB,2,1,1,DIRECT,1.0,0.0,18,0.405634762546
791,140,-0.067154,-0.06061,-3.972774,DSB,2,1,1,DIRECT,1.0,0.0,18,0.782805782692
792,140,-0.056204,-0.072411,-2.947221,DSB,2,0,0,DIRECT,1.0,0.0,18,0.307464276647
793,140,-0.057141,-0.062875,-2.567702,DSB,2,0,0,DIRECT,1.0,0.0,18,0.406368765152
794,140,-0.062293,-0.058631,-3.983372,DSB,2,0,0,DIRECT,1.0,0.0,18,0.782808816596
795,141,-0.129106,0.0692717,1.19077,DSB,2,2,1,DIRECT,1.0,0.0,13,0.904863610568
796,141,-0.067704,0.067527,4.077188,DSB,2,0,0,DIRECT,1.0,0.0,13,0.193449195722
797,141,-0.128017,0.068694,1.315696,DSB,2,0,0,DIRECT,1.0,0.0,13,0.828479552357
798,141,-0.127994,0.067943,-0.439979,DSB+,4,0,0,DIRECT,1.0,0.0,16,0.765643644722
799,141,-0.127583,0.068915,0.128863,DSB+,3,1,1,DIRECT,1.0,0.0,16,0.679132411009
800,141,-0.12759,0.069869,-0.140164,DSB,2,0,0,DIRECT,1.0,0.0,16,0.711470321139
801,141,-0.127315,0.068549,-0.710109,DSB,2,0,0,DIRECT,1.0,0.0,16,0.798230599846
802,141,-0.179002,0.147643,-1.148096,DSB,2,0,0,DIRECT,1.0,0.0,23,0.038984427999
803,142,0.032902,-0.041566,3.230876,DSB,2,1,1,DIRECT,1.0,0.0,13,0.262655731631
804,142,1.549474,0.189417,0.294475,DSB,2,0,0,DIRECT,1.0,0.0,17,0.701674931441
805,142,-0.083755,-0.037337,-2.402573,DSB,2,3,1,DIRECT,1.0,0.0,18,0.406556929996
806,142,0.031175,-0.032895,-3.518593,DSB,2,1,1,DIRECT,1.0,0.0,18,0.698997953684
807,142,0.031462,-0.031164,-2.623315,DSB,2,0,0,DIRECT,1.0,0.0,18,0.325416188914
808,142,0.024137,-0.031451,-1.604037,DSB,2,0,0,DIRECT,1.0,0.0,23,0.003795106112
809,143,0.0383103,0.0499588,2.14086,DSB+,3,1,1,DIRECT,1.0,0.0,13,0.473595605551
810,143,0.03483,0.044565,2.123273,DSB,2,0,0,DIRECT,1.0,0.0,13,0.473584846549
811,143,0.037215,0.049967,2.141116,DSB+,3,0,1,DIRECT,1.0,0.0,13,0.473595624016
812,143,0.034167,0.045007,3.735463,DSB,2,1,1,DIRECT,1.0,0.0,17,0.019983107778
813,143,0.034832,0.043997,-4.475954,DSB++,5,0,0,DIRECT,1.0,0.0,18,0.877831699907
814,143,0.034215,0.044331,-3.668166,DSB+,3,0,0,DIRECT,1.0,0.0,18,0.714602167951
815,144,-0.00709,-0.022952,-0.780602,DSB,2,0,0,DIRECT,1.0,0.0,16,0.795552081994
816,144,-0.005018,-0.027939,-4.312035,DSB,2,1,1,DIRECT,1.0,0.0,18,0.792562365915
817,144,0.003858,-0.040094,-3.637986,DSB,2,0,0,DIRECT,1.0,0.0,18,0.714510397574
818,144,-0.005789,-0.027051,-1.891157,DSB+,3,1,1,DIRECT,1.0,0.0,22,0.004009064266
819,144,-0.005512,-0.026695,-1.886291,DSB,2,0,0,DIRECT,1.0,0.0,22,0.004008023818
820,145,0.010609,0.015059,-4.549248,DSB++,5,0,0,DIRECT,1.0,0.0,18,0.876396725894
821,145,0.01034,0.01581,-2.470261,DSB,2,1,1,DIRECT,1.0,0.0,18,0.404671327023
822,145,0.010694,0.015384,-4.56577,DSB,2,0,0,DIRECT,1.0,0.0,18,0.876402933193
823,146,-0.003726,-0.077195,0.519322,DSB+,3,2,1,DIRECT,1.0,0.0,13,0.992238414069
824,146,0.008962,-0.055408,3.640227,DSB+,3,0,0,DIRECT,1.0,0.0,13,0.196238577793
825,146,0.009116,-0.055672,3.394417,DSB+,3,0,0,DIRECT,1.0,0.0,13,0.260183653949
826,146,0.518107,-0.070164,-3.555467,DSB+,4,1,1,DIRECT,1.0,0.0,18,0.717236803562
827,146,0.011133,-0.034554,-3.531234,DSB+,3,0,0,DIRECT,1.0,0.0,18,0.698992060237
828,146,0.008743,-0.056193,-4.125515,DSB,2,1,1,DIRECT,1.0,0.0,18,0.782136573125
829,146,0.00867,-0.056511,-4.078407,DSB,2,0,0,DIRECT,1.0,0.0,18,0.782182360671
830,146,-0.052531,-0.066779,-3.976323,DSB,2,0,0,DIRECT,1.0,0.0,18,0.782800503
831,146,0.011204,-0.060083,-1.741016,DSB,2,1,1,DIRECT,1.0,0.0,22,0.00325938877
832,146,0.010099,-0.051734,-1.741551,DSB,2,0,0,DIRECT,1.0,0.0,22,0.003247063463
833,146,-1.388423,1.396507,2.816873,DSB,2,0,0,DIRECT,1.0,0.0,25,0.179950777935
834,147,-0.0503988,-0.0477201,1.93557,DSB,2,1,1,DIRECT,1.0,0.0,13,0.430691468998
835,147,-0.049507,-0.041233,0.627043,DSB,2,1,1,DIRECT,1.0,0.0,13,0.994652338975
836,147,-0.049418,-0.040643,-0.754422,DSB+,4,1,1,DIRECT,1.0,0.0,16,0.79679980498
837,147,-0.035639,-0.041776,-0.881058,DSB+,3,1,1,DIRECT,1.0,0.0,16,0.79750283957
838,147,-0.048066,-0.040922,-4.116997,DSB,2,0,0,DIRECT,1.0,0.0,18,0.78356492137
839,147,-0.232827,0.047238,-4.023129,DSB,2,0,0,DIRECT,1.0,0.0,18,0.784011191271
840,148,-0.0992078,0.0144079,1.31732,DSB+,3,1,1,DIRECT,1.0,0.0,13,0.828207518253
841,148,-0.101137,0.013495,0.427841,DSB+,3,0,0,DIRECT,1.0,0.0,13,0.994172553958
842,148,-0.09953,0.015788,4.079058,DSB,2,0,0,DIRECT,1.0,0.0,13,0.193400540166
843,148,-0.099553,0.014764,-0.323123,DSB,2,0,0,DIRECT,1.0,0.0,16,0.710858072414
844,148,-0.092171,0.027758,-1.59552,DSB,2,0,0,DIRECT,1.0,0.0,23,0.004053287102
845,149,0.073521,0.018931,3.597463,DSB+,3,0,0,DIRECT,1.0,0.0,17,0.017669019861
846,149,0.073714,0.019235,3.578902,DSB+,3,0,0,DIRECT,1.0,0.0,17,0.017675192287
847,150,0.01706,0.008967,1.925888,DSB,2,0,0,DIRECT,1.0,0.0,13,0.430577877818
848,150,0.01423,0.003228,2.199497,DSB,2,0,0,DIRECT,1.0,0.0,13,0.473666129948
849,150,-0.053946,-0.115622,-1.507483,DSB,2,0,0,DIRECT,1.0,0.0,16,0.885432003022
850,150,0.013771,0.002082,-3.254152,DSB,2,5,1,DIRECT,1.0,0.0,18,0.6219801213
851,150,0.022351,0.013938,-2.3522,DSB,2,0,0,DIRECT,1.0,0.0,18,0.403940156061
852,150,0.013928,0.003097,-2.491176,DSB,2,0,0,DIRECT,1.0,0.0,18,0.404666591342
853,150,0.013893,0.003082,-3.038891,DSB,2,0,0,DIRECT,1.0,0.0,18,0.622652818114
854,150,0.013425,0.00475,-3.773266,DSB,2,0,0,DIRECT,1.0,0.0,18,0.715285542713
855,150,0.014415,0.002772,-4.545396,DSB,2,0,0,DIRECT,1.0,0.0,18,0.876383104709
856,150,0.022033,0.000804,-1.869805,DSB+,3,1,1,DIRECT,1.0,0.0,22,0.005289295464
857,151,0.095456,0.005476,2.65251,DSB+,3,0,0,DIRECT,1.0,0.0,13,0.556719224515
858,151,0.097756,0.005259,2.558219,DSB,2,2,1,DIRECT,1.0,0.0,13,0.47922140032
859,151,0.097663,0.005254,1.350186,DSB,2,2,1,DIRECT,1.0,0.0,13,0.825626188691
860,151,0.097595,0.005382,2.528468,DSB,2,0,0,DIRECT,1.0,0.0,13,0.479034558062
861,151,-0.124633,-0.225256,-0.318013,DSB+,3,0,0,DIRECT,1.0,0.0,16,0.411827805548
862,151,0.098061,0.006526,-0.702613,DSB,2,0,0,DIRECT,1.0,0.0,16,0.797132503429
863,151,-0.125044,-0.223624,-0.319155,DSB,2,0,0,DIRECT,1.0,0.0,16,0.41182777876
864,152,-0.0428529,0.0580172,3.92829,DSB+,3,1,1,DIRECT,1.0,0.0,13,0.193659870276
865,152,-0.043773,0.057497,2.603937,DSB+,3,0,0,DIRECT,1.0,0.0,13,0.553944134436
866,152,-0.043714,0.057957,3.676437,DSB,2,0,0,DIRECT,1.0,0.0,13,0.197552868677
867,152,-0.043846,0.057394,2.254929,DSB,2,0,0,DIRECT,1.0,0.0,13,0.474935698344
868,152,-0.010168,0.05423,-2.332944,DSB+,3,1,1,DIRECT,1.0,0.0,18,0.405301500353
869,152,-0.043816,0.056651,-2.780134,DSB,2,1,1,DIRECT,1.0,0.0,18,0.606654321814
870,152,-0.043411,0.055036,-4.531575,DSB,2,1,1,DIRECT,1.0,0.0,18,0.876492374089
871,152,-0.017784,-0.00027,-3.792137,DSB,2,0,0,DIRECT,1.0,0.0,18,0.71045674559
872,152,-0.040958,0.057576,-1.923004,DSB,2,0,0,DIRECT,1.0,0.0,22,0.003932071117
873,153,-0.0229422,0.0685373,2.60519,DSB++,6,1,1,DIRECT,1.0,0.0,13,0.553958715715
874,153,-0.021385,0.068284,2.064609,DSB+,3,1,1,DIRECT,1.0,0.0,13,0.47479891499
875,153,-0.207284,-0.005809,-0.644869,DSB++,5,0,0,DIRECT,1.0,0.0,16,0.762283080987
876,153,-0.022053,0.068412,-4.096833,DSB+,4,0,0,DIRECT,1.0,0.0,18,0.884763948288
877,153,-0.022745,0.068441,-1.802003,DSB+,3,0,0,DIRECT,1.0,0.0,22,0.003185757068
878,154,-1.33357,-1.37647,3.77645,DSB,2,0,0,DIRECT,1.0,0.0,4,0.235388757923
879,154,0.01393,-0.016254,2.195718,DSB+,3,1,1,DIRECT,1.0,0.0,13,0.473656614263
880,154,0.014393,-0.015609,2.213468,DSB,2,1,1,DIRECT,1.0,0.0,13,0.473654318434
881,154,0.013529,-0.016713,2.204879,DSB,2,1,1,DIRECT,1.0,0.0,13,0.473654724667
882,154,0.013762,-0.016159,3.368554,DSB,2,0,0,DIRECT,1.0,0.0,13,0.260224948082
883,154,0.102386,0.011226,3.958919,DSB,2,0,0,DIRECT,1.0,0.0,17,0.036194291238
884,154,0.26441,0.293913,2.78337,DSB,2,0,0,DIRECT,1.0,0.0,17,0.183644981573
885,154,0.014699,-0.014586,-4.563805,DSB+,3,1,1,DIRECT,1.0,0.0,18,0.876379484948
886,154,0.014398,-0.015124,-2.33215,DSB,2,0,0,DIRECT,1.0,0.0,18,0.403905674168
887,155,-0.010807,0.050836,2.224854,DSB+,3,0,0,MIXED,1.0,0.0,13,0.474130478135
888,155,0.066943,0.122125,1.54945,DSB,2,0,0,DIRECT,1.0,0.0,13,0.826499619003
889,155,-0.00908,0.041879,-3.381341,DSB,2,1,1,DIRECT,1.0,0.0,18,0.699663278458
890,155,-0.009721,0.052307,-2.889799,DSB,2,1,1,DIRECT,1.0,0.0,18,0.607439761305
891,155,-0.009707,0.056808,-2.201328,DSB,2,0,0,DIRECT,1.0,0.0,18,0.425287132898
892,155,-0.009293,0.051919,-3.017597,DSB,2,0,0,DIRECT,1.0,0.0,18,0.622982335004
893,155,-0.023169,0.051131,-3.508635,DSB,2,0,0,DIRECT,1.0,0.0,18,0.700402079515
894,156,0.00157104,6.969e-05,4.55248,DSB,2,0,0,DIRECT,1.0,0.0,7,0.845824187625
895,156,-0.021479,0.003227,2.237308,DSB+,3,0,0,DIRECT,1.0,0.0,13,0.474086340376
896,156,0.001695,-6.8e-05,1.1781,DSB,2,0,0,DIRECT,1.0,0.0,13,0.903590792313
897,156,0.002614,-0.000494,-3.309884,DSB,2,1,1,DIRECT,1.0,0.0,18,0.699846561157
898,156,-0.010909,0.001117,-3.234017,DSB,2,0,0,DIRECT,1.0,0.0,18,0.62197276321
899,156,0.002009,-6.8e-05,-1.853607,DSB,2,1,1,DIRECT,1.0,0.0,22,0.005270043539
900,157,-0.0491119,0.0337474,2.35663,DSB,2,1,1,DIRECT,1.0,0.0,13,0.482111681888
901,157,-0.050173,0.034644,3.679314,DSB,2,0,0,DIRECT,1.0,0.0,13,0.197530704395
902,157,-0.032254,0.042897,1.307224,DSB,2,0,0,DIRECT,1.0,0.0,13,0.828062271725
903,157,-0.048355,0.033944,-3.360118,DSB,2,0,0,DIRECT,1.0,0.0,18,0.699708647534
904,157,-0.048707,0.033783,-1.909022,DSB+,3,1,1,DIRECT,1.0,0.0,22,0.003907755194
905,157,-0.051344,0.03882,-1.804726,DSB+,3,0,0,DIRECT,1.0,0.0,22,0.003155678663
906,158,0.065252,-0.04466,4.442113,DSB,2,2,1,DIRECT,1.0,0.0,7,0.845159514247
907,158,0.065948,-0.052858,4.174043,DSB,2,0,0,DIRECT,1.0,0.0,7,0.80883932087
908,158,0.064884,-0.052907,3.077239,DSB++,5,0,0,DIRECT,1.0,0.0,13,0.262863753365
909,158,0.065394,-0.052251,0.607919,DSB,2,1,1,DIRECT,1.0,0.0,13,0.993674894718
910,158,0.065568,-0.052628,-0.431982,DSB,2,0,0,DIRECT,1.0,0.0,16,0.764420982277
911,159,0.000298593,-0.0487312,3.26362,DSB,2,0,0,DIRECT,1.0,0.0,13,0.263446315165
912,159,0.000242,-0.048375,-0.001116,DSB+,3,0,0,DIRECT,1.0,0.0,16,0.468745800919
913,159,0.000167,-0.047477,-2.322892,DSB,2,0,0,DIRECT,1.0,0.0,18,0.403869364958
914,159,-0.000601,-0.046933,-4.35665,DSB,2,0,0,DIRECT,1.0,0.0,18,0.792513467746
915,159,-0.000994,-0.048387,-1.747121,DSB+,3,0,0,DIRECT,1.0,0.0,22,0.003234840018
916,159,-0.001612,-0.047468,-1.904786,DSB,2,1,1,DIRECT,1.0,0.0,22,0.004012440265
917,160,-0.00826,-0.044781,0.76105,DSB+,3,0,0,DIRECT,1.0,0.0,13,0.918311089035
918,160,-0.004296,-0.038865,-0.776356,DSB+,3,0,0,DIRECT,1.0,0.0,16,0.79553939769
919,160,-0.001285,-0.039649,-2.319222,DSB,2,1,1,DIRECT,1.0,0.0,18,0.403882232898
920,160,-0.001059,-0.039951,-4.070649,DSB,2,1,1,DIRECT,1.0,0.0,18,0.782199796903
921,160,-0.001174,-0.039065,-2.341006,DSB,2,0,0,DIRECT,1.0,0.0,18,0.403886703548
922,160,-0.001336,-0.039629,-2.015807,DSB,2,0,0,DIRECT,1.0,0.0,18,0.424705899584
923,161,0.00551357,-0.00811253,4.55062,DSB,2,0,0,DIRECT,1.0,0.0,7,0.845823839899
924,161,0.006165,-0.008618,3.379176,DSB,2,0,0,DIRECT,1.0,0.0,13,0.260229336623
925,161,0.006568,-0.008641,-1.156901,DSB,2,1,1,DIRECT,1.0,0.0,16,0.851643086184
926,161,0.150209,0.363388,1.309664,DSB,2,0,0,DIRECT,1.0,0.0,17,0.66051252061
927,161,0.006196,-0.008344,-3.78792,DSB,2,0,0,DIRECT,1.0,0.0,18,0.715277054755
928,161,0.007662,-0.18211,-3.999111,DSB,2,0,0,DIRECT,1.0,0.0,18,0.781299592132
929,162,0.48434,-2.428789,-3.714624,DSB,2,1,1,DIRECT,1.0,0.0,8,0.437403800033
930,162,0.459462,-1.835501,-3.387367,DSB,2,0,0,DIRECT,1.0,0.0,8,0.965051049264
931,162,0.058916,-0.068787,0.60892,DSB,2,0,0,DIRECT,1.0,0.0,13,0.993663255546
932,162,0.006995,-0.066874,0.107013,DSB+,3,2,1,DIRECT,1.0,0.0,16,0.493605925325
933,162,0.007378,-0.067852,-0.683462,DSB,2,0,0,DIRECT,1.0,0.0,16,0.79704567555
934,163,0.005538,0.004442,1.956524,DSB+,3,0,0,DIRECT,1.0,0.0,13,0.430573421572
935,163,-0.007958,-0.004636,-0.661019,DSB+,3,2,1,DIRECT,1.0,0.0,16,0.79818835455
936,163,-0.03922,-0.187213,-0.237267,DSB,2,1,1,DIRECT,1.0,0.0,16,0.464068761787
937,163,-0.010606,-0.010282,-3.253445,DSB,2,1,1,DIRECT,1.0,0.0,18,0.621963773089
938,163,-0.01546,-0.00781,-2.150974,DSB,2,0,0,DIRECT,1.0,0.0,18,0.425440857695
939,163,-0.014337,-0.010292,-1.597885,DSB+,3,1,1,DIRECT,1.0,0.0,23,0.003760292285
940,163,-0.01144,-0.010636,-1.5966,DSB,2,2,1,DIRECT,1.0,0.0,23,0.003760100148
941,163,-0.017539,-0.007188,-1.622623,DSB,2,0,0,DIRECT,1.0,0.0,23,0.003750581955
942,163,-0.019028,-0.009109,-1.621238,DSB,2,0,0,DIRECT,1.0,0.0,23,0.003750663244
943,164,-0.122673,-1.10408,3.26377,DSB,2,0,0,DIRECT,1.0,0.0,7,0.109155040853
944,164,-0.028323,0.036265,2.072436,DSB,2,0,0,DIRECT,1.0,0.0,13,0.474765683954
945,164,0.905267,-0.885934,-3.988538,DSB+,4,1,1,DIRECT,1.0,0.0,15,0.948188073272
946,164,-0.035188,0.040566,-3.088879,DSB+,3,0,0,DIRECT,1.0,0.0,18,0.621337317164
947,164,-0.028302,0.036708,-2.772276,DSB,2,1,1,DIRECT,1.0,0.0,18,0.606671974256
948,164,-0.02846,0.036584,-3.217695,DSB,2,0,0,DIRECT,1.0,0.0,18,0.622062776016
949,165,-0.072756,-0.0189661,1.16276,DSB,2,1,1,DIRECT,1.0,0.0,13,0.90354350933
950,165,-0.073897,-0.018418,1.729375,DSB,2,0,0,DIRECT,1.0,0.0,13,0.430140999553
951,165,-0.071173,-0.016358,0.71011,DSB,2,0,0,DIRECT,1.0,0.0,13,0.917142850988
952,165,-0.079723,-0.01723,0.90996,DSB,2,0,0,DIRECT,1.0,0.0,13,0.917910199263
953,165,-0.073421,-0.018265,0.304213,DSB+,3,0,0,DIRECT,1.0,0.0,16,0.494265154194
954,165,-0.073549,-0.01789,-0.583554,DSB+,3,0,0,DIRECT,1.0,0.0,16,0.766148847028
955,165,-0.072365,-0.018533,0.301322,DSB,2,1,1,DIRECT,1.0,0.0,16,0.494265897572
956,165,-0.071974,-0.018144,-0.466149,DSB,2,0,0,DIRECT,1.0,0.0,16,0.764227529896
957,165,-0.072778,-0.018076,-1.160916,DSB,2,0,0,DIRECT,1.0,0.0,16,0.847673227144
958,165,-0.088524,-0.031686,-2.413784,DSB+,3,1,1,DIRECT,1.0,0.0,18,0.406568326317
959,165,-0.089353,-0.033116,-2.413025,DSB+,3,0,0,DIRECT,1.0,0.0,18,0.406568430934
960,165,-0.072507,-0.01799,-2.537116,DSB,2,0,0,DIRECT,1.0,0.0,18,0.406382574648
961,165,1.137947,1.630445,2.868305,DSB+,3,1,1,DIRECT,1.0,0.0,25,0.970098041233
962,165,-0.331101,2.16874,-1.296523,DSB,2,0,0,DIRECT,1.0,0.0,31,0.958740091299
963,166,-0.052981,0.083469,3.524358,DSB+,3,2,1,DIRECT,1.0,0.0,13,0.260888005436
964,166,-0.051071,0.100462,0.139372,DSB,2,0,0,DIRECT,1.0,0.0,16,0.679195792347
965,166,-0.187665,0.218884,0.199212,DSB,2,0,0,DIRECT,1.0,0.0,16,0.6817162118
966,166,-0.062195,0.105132,-1.152577,DSB+,3,0,0,DIRECT,1.0,0.0,23,0.03783589689
967,166,-0.061102,0.104208,-1.650683,DSB,2,0,0,DIRECT,1.0,0.0,23,0.003895268837
968,166,-0.061562,0.104771,-1.298364,DSB,2,0,0,DIRECT,1.0,0.0,23,0.038623911652
969,167,-1.6192,0.696089,3.702773,DSB+,4,0,0,DIRECT,1.0,0.0,13,0.68380270403
970,167,-0.064011,-0.097069,3.307065,DSB+,3,2,1,DIRECT,1.0,0.0,13,0.259096982432
971,167,-0.074113,-0.108577,3.62541,DSB+,3,0,0,DIRECT,1.0,0.0,13,0.196334916408
972,167,-0.073649,-0.108937,-0.339073,DSB,2,1,1,DIRECT,1.0,0.0,16,0.411726598999
973,167,-0.13049,-0.102581,-4.192801,DSB,2,1,1,DIRECT,1.0,0.0,18,0.781886962999
974,168,-0.00343891,0.0322114,4.48879,DSB,2,0,0,DIRECT,1.0,0.0,7,0.845734049854
975,168,-0.003194,0.031639,1.169308,DSB+,3,0,0,DIRECT,1.0,0.0,13,0.903614242998
976,168,-0.03565,-0.006632,2.086591,DSB,2,0,0,DIRECT,1.0,0.0,13,0.47473208977
977,168,-0.001582,0.026751,2.325643,DSB,2,0,0,DIRECT,1.0,0.0,13,0.481305895416
978,168,0.046006,0.057595,3.712621,DSB,2,2,1,DIRECT,1.0,0.0,17,0.020000006974
979,168,0.117754,0.031543,3.676182,DSB,2,2,1,DIRECT,1.0,0.0,17,0.018592400872
980,168,-0.00296,0.031396,-2.482079,DSB+,3,0,0,DIRECT,1.0,0.0,18,0.404687507846
981,168,-0.003063,0.03108,-1.588949,DSB+,3,1,1,DIRECT,1.0,0.0,23,0.00413975634
982,169,-0.022508,0.023925,3.637256,DSB,2,0,0,DIRECT,1.0,0.0,13,0.196730691346
983,170,0.066542,-0.030944,4.405096,DSB,2,2,1,DIRECT,1.0,0.0,7,0.845138819429
984,170,0.066292,-0.03086,4.457981,DSB,2,0,0,DIRECT,1.0,0.0,7,0.845177125553
985,170,0.066852,-0.032172,4.012604,DSB,2,0,0,DIRECT,1.0,0.0,17,0.036357326984
986,170,0.065328,-0.031235,-4.523664,DSB,2,1,1,DIRECT,1.0,0.0,18,0.87630593892
987,170,0.06541,-0.031206,-3.80846,DSB,2,1,1,DIRECT,1.0,0.0,18,0.715199847119
988,170,0.065776,-0.039117,-4.54386,DSB,2,0,0,DIRECT,1.0,0.0,18,0.876309265753
989,170,0.400219,-0.058731,-1.797646,DSB,2,0,0,DIRECT,1.0,0.0,22,0.007186694199
990,171,-0.050194,-0.116866,3.159081,DSB+,3,0,0,DIRECT,1.0,0.0,13,0.261163073972
991,171,-0.036194,-0.100389,1.467587,DSB,2,1,1,DIRECT,1.0,0.0,13,0.422364173754
992,171,-0.199587,-0.026564,-0.784717,DSB+,3,1,1,DIRECT,1.0,0.0,16,0.799437142375
993,171,-0.007971,-0.08367,-0.871437,DSB,2,0,0,DIRECT,1.0,0.0,16,0.797397567882
994,172,0.039439,-0.059928,3.096505,DSB+,4,1,1,MIXED,1.0,0.0,13,0.263291005154
995,172,0.022841,-0.050731,3.636917,DSB,2,0,0,DIRECT,1.0,0.0,13,0.196246911711
996,172,0.022218,-0.0507,2.190968,DSB,2,0,0,DIRECT,1.0,0.0,13,0.473626485364
997,172,0.021136,-0.049542,-1.197709,DSB,2,1,1,DIRECT,1.0,0.0,16,0.851547511894
998,172,0.022033,-0.050724,-1.199825,DSB,2,0,0,DIRECT,1.0,0.0,16,0.851548335637
999,172,0.021635,-0.05023,-2.011046,DSB,2,1,1,DIRECT,1.0,0.0,18,0.424731140274
1000,172,0.021724,-0.050415,-2.276378,DSB,2,0,0,DIRECT,1.0,0.0,18,0.405163858736
1001,172,0.021289,-0.050546,-1.895795,DSB,2,0,0,DIRECT,1.0,0.0,22,0.00403866974
1002,173,-0.0748288,-0.0271861,1.03917,DSB+,3,1,1,DIRECT,1.0,0.0,13,0.904203427616
1003,173,-0.094821,0.032295,2.24388,DSB+,3,0,0,DIRECT,1.0,0.0,13,0.475099003746
1004,173,-0.103163,0.070213,3.950813,DSB,2,1,1,DIRECT,1.0,0.0,13,0.194084284594
1005,173,-0.095244,0.031698,-2.175062,DSB+,3,1,1,DIRECT,1.0,0.0,18,0.420519920547
1006,173,-0.102392,0.035471,-1.734591,DSB,2,0,0,DIRECT,1.0,0.0,22,0.004746887387
1007,173,-0.094604,0.032112,-1.6447,DSB+,3,0,0,DIRECT,1.0,0.0,23,0.003822042303
1008,174,-0.958725,-1.004979,0.006545,DSB,2,0,0,DIRECT,1.0,0.0,11,0.700387617125
1009,174,-0.033308,0.022503,-0.402951,DSB+,3,1,1,DIRECT,1.0,0.0,16,0.765812779939
1010,174,-0.024317,0.025053,-3.516514,DSB+,4,2,1,DIRECT,1.0,0.0,18,0.700378296494
1011,174,-0.029403,0.027822,-2.329852,DSB+,3,0,0,DIRECT,1.0,0.0,18,0.405274202188
1012,174,-0.025004,0.024654,-2.064354,DSB,2,2,1,DIRECT,1.0,0.0,18,0.424525608943
1013,174,-0.024925,0.024505,-1.94975,DSB,2,1,1,DIRECT,1.0,0.0,22,0.003840860938
1014,174,-0.034835,0.014063,-1.856857,DSB,2,0,0,DIRECT,1.0,0.0,22,0.005232427343
1015,174,0.399529,0.175236,-1.038358,DSB,2,1,1,DIRECT,1.0,0.0,23,0.032891587188
1016,175,-0.050359,0.0918323,2.76296,DSB+,3,0,0,DIRECT,1.0,0.0,13,0.553762320842
1017,175,-0.095198,0.14063,4.221306,DSB,2,0,0,DIRECT,1.0,0.0,13,0.144050887371
1018,175,-0.050418,0.089954,-4.216726,DSB+,3,2,1,DIRECT,1.0,0.0,18,0.885484636587
1019,175,-0.049984,0.091511,-2.871168,DSB,2,2,1,DIRECT,1.0,0.0,18,0.608600498258
1020,175,-0.049945,0.09138,-2.614764,DSB,2,1,1,DIRECT,1.0,0.0,18,0.521312976184
1021,175,-0.049564,0.092565,-4.272411,DSB,2,1,1,DIRECT,1.0,0.0,18,0.88527946793
1022,175,-0.035199,0.074055,-1.936692,DSB,2,1,1,DIRECT,1.0,0.0,22,0.003955863179
1023,176,-0.313328,-0.593757,2.90969,DSB,2,0,0,DIRECT,1.0,0.0,7,0.346786279341
1024,176,0.001621,0.017016,3.77482,DSB,2,0,0,DIRECT,1.0,0.0,13,0.196081870589
1025,176,0.002051,0.016487,2.459491,DSB,2,0,0,DIRECT,1.0,0.0,13,0.480653166212
1026,176,0.001357,0.016933,1.159169,DSB,2,0,0,DIRECT,1.0,0.0,13,0.903605632104
1027,176,0.024307,-0.889523,-3.153335,DSB,2,2,1,DIRECT,1.0,0.0,15,0.346886438644
1028,176,-0.141396,0.050119,-0.007266,DSB,2,1,1,DIRECT,1.0,0.0,16,0.679496056749
1029,176,0.001213,0.017247,-2.483987,DSB,2,0,0,DIRECT,1.0,0.0,18,0.404675462897
1030,176,0.000898,0.017477,-3.179434,DSB,2,0,0,DIRECT,1.0,0.0,18,0.623379023236
1031,176,0.100001,0.050445,-3.454352,DSB,2,0,0,DIRECT,1.0,0.0,18,0.700695621971
1032,176,-0.000563,0.017436,-1.861061,DSB,2,0,0,DIRECT,1.0,0.0,22,0.00526044668
1033,177,-0.0197954,0.0166272,2.34258,DSB+,3,0,0,DIRECT,1.0,0.0,13,0.481291123331
1034,177,-0.02017,0.016003,-0.75447,DSB+,3,2,1,DIRECT,1.0,0.0,16,0.796866387532
1035,177,-0.019466,0.01477,-3.383242,DSB,2,1,1,DIRECT,1.0,0.0,18,0.699638686396
1036,178,0.021674,0.084222,2.141398,DSB+,3,0,0,DIRECT,1.0,0.0,13,0.474234208949
1037,178,0.023781,0.086539,1.01639,DSB,2,2,1,DIRECT,1.0,0.0,13,0.904316421758
1038,178,0.021403,0.084644,2.121941,DSB,2,1,1,DIRECT,1.0,0.0,13,0.474212543224
1039,178,0.021721,0.084151,-0.140622,DSB+,3,1,1,DIRECT,1.0,0.0,16,0.710501900636
1040,178,0.022241,0.083975,-0.144424,DSB,2,0,0,DIRECT,1.0,0.0,16,0.710502081458
1041,178,0.013482,0.083477,-0.409859,DSB,2,0,0,DIRECT,1.0,0.0,16,0.765878886996
1042,178,0.021767,0.08375,4.124223,DSB+,4,0,0,DIRECT,1.0,0.0,17,0.036918348217
1043,178,0.022016,0.08421,3.987658,DSB,2,0,0,DIRECT,1.0,0.0,17,0.037646687534
1044,178,-0.54921,-0.123964,-3.548559,DSB,2,0,0,DIRECT,1.0,0.0,18,0.218484512441
1045,178,0.02192,0.083543,-4.215205,DSB,2,0,0,DIRECT,1.0,0.0,18,0.885551535923
1046,178,0.063686,0.326959,-3.443781,DSB,2,0,0,DIRECT,1.0,0.0,18,0.962969383371
1047,178,0.02859,0.054065,-1.457202,DSB+,3,0,0,DIRECT,1.0,0.0,23,0.003374391626
1048,179,-0.624818,-0.439614,1.376575,DSB,2,0,0,DIRECT,1.0,0.0,7,0.990648652408
1049,179,0.004058,0.057754,0.773975,DSB+,3,0,0,DIRECT,1.0,0.0,13,0.918633243593
1050,179,0.003441,0.017865,2.477685,DSB,2,1,1,DIRECT,1.0,0.0,13,0.480656557636
1051,179,0.00279,0.017727,-3.363428,DSB+,3,2,1,DIRECT,1.0,0.0,18,0.699645054108
1052,179,0.002185,0.018659,-3.035412,DSB,2,0,0,DIRECT,1.0,0.0,18,0.62263044394
1053,179,0.020224,0.005288,-3.315488,DSB,2,0,0,DIRECT,1.0,0.0,18,0.699860286959
1054,180,0.068715,0.0747316,3.00748,DSB+,3,1,1,DIRECT,1.0,0.0,13,0.559535313285
1055,180,0.066528,0.083233,1.385528,DSB+,3,1,1,DIRECT,1.0,0.0,13,0.826840300218
1056,180,0.06786,0.072706,2.417475,DSB,2,0,0,DIRECT,1.0,0.0,13,0.479782561061
1057,180,0.06849,0.072646,0.842911,DSB,2,0,0,DIRECT,1.0,0.0,13,0.917467221358
1058,180,0.066338,0.077167,0.52588,DSB,2,0,0,DIRECT,1.0,0.0,13,0.99443651881
1059,180,0.068111,0.072835,4.090308,DSB+,3,1,1,DIRECT,1.0,0.0,17,0.035582628212
1060,180,0.065315,0.07397,4.04672,DSB,2,0,0,DIRECT,1.0,0.0,17,0.037893319552
1061,180,0.067269,0.072339,-3.27933,DSB,2,0,0,DIRECT,1.0,0.0,18,0.700877216843
1062,181,-0.022533,0.00674,2.477313,DSB+,3,0,0,DIRECT,1.0,0.0,13,0.480638541847
1063,181,-0.022966,0.010084,0.916758,DSB+,3,0,0,DIRECT,1.0,0.0,13,0.91794253782
1064,181,-0.143265,0.271716,0.19009,DSB,2,1,1,DIRECT,1.0,0.0,16,0.681542957867
1065,181,-0.020277,0.012275,-2.07653,DSB+,3,0,0,DIRECT,1.0,0.0,18,0.424517281398
1066,181,-0.017837,0.011645,-2.004429,DSB+,3,0,0,DIRECT,1.0,0.0,18,0.425891514553
1067,181,-0.020112,0.012407,-3.036337,DSB+,3,0,0,DIRECT,1.0,0.0,18,0.622617157531
1068,181,-0.200332,1.628273,2.312593,DSB,2,1,1,DIRECT,1.0,0.0,25,0.923690729073
1069,182,-0.011422,0.01555,2.210126,DSB,2,1,1,DIRECT,1.0,0.0,13,0.474103642181
1070,182,-0.012719,0.018762,2.354506,DSB,2,1,1,DIRECT,1.0,0.0,13,0.481299943497
1071,182,-0.013072,0.019086,3.78789,DSB,2,0,0,DIRECT,1.0,0.0,13,0.196084332603
1072,182,-0.012797,0.018874,-3.621393,DSB,2,0,0,DIRECT,1.0,0.0,18,0.715891661017
1073,182,-1.339236,1.40955,-0.928945,DSB,2,1,1,DIRECT,1.0,0.0,26,0.95015679568
1074,182,-1.252017,1.714731,-1.577072,DSB,2,0,0,DIRECT,1.0,0.0,27,0.799847341319
1075,182,1.726462,2.34406,-0.134741,DSB,2,0,0,DIRECT,1.0,0.0,34,0.898366436417
1076,183,-0.0586069,-0.0290732,2.07786,DSB+,3,1,1,DIRECT,1.0,0.0,13,0.474728901462
1077,183,-0.058765,-0.028046,-1.219856,DSB+,3,1,1,DIRECT,1.0,0.0,16,0.84761207594
1078,183,-0.05789,-0.028562,-4.107165,DSB+,3,1,1,DIRECT,1.0,0.0,18,0.783568422565
1079,183,-0.220634,0.019745,-4.448182,DSB,2,1,1,DIRECT,1.0,0.0,18,0.878885601578
1080,184,-0.007892,0.011919,-1.160549,DSB,2,1,1,DIRECT,1.0,0.0,16,0.851657759526
1081,184,-0.020745,0.012626,-2.920446,DSB+,3,0,0,DIRECT,1.0,0.0,18,0.607073565556
1082,184,-0.00734,0.014865,-2.201602,DSB,2,0,0,DIRECT,1.0,0.0,18,0.42524783163
1083,184,-0.004519,0.012483,-3.389294,DSB,2,0,0,DIRECT,1.0,0.0,18,0.699640764795
1084,185,-0.015487,-0.039637,0.766214,DSB,2,0,0,DIRECT,1.0,0.0,13,0.918309839563
1085,185,-0.007355,-0.036041,0.765691,DSB,2,0,0,DIRECT,1.0,0.0,13,0.918310295035
1086,185,-0.000568,-0.037147,0.268848,DSB,2,0,0,DIRECT,1.0,0.0,16,0.492988339012
1087,185,-0.00406,-0.0375,-3.782593,DSB,2,1,1,DIRECT,1.0,0.0,18,0.715239273927
1088,185,-0.00025,-0.037509,-3.073632,DSB,2,0,0,DIRECT,1.0,0.0,18,0.621427364841
1089,185,-0.000233,-0.037529,-3.251309,DSB,2,0,0,DIRECT,1.0,0.0,18,0.621941705794
1090,185,9.4e-05,-0.037885,-4.351293,DSB,2,0,0,DIRECT,1.0,0.0,18,0.792525631261
1091,186,-3.27722,-1.95347,1.75282,DSB,2,0,0,DIRECT,1.0,0.0,4,0.063212405856
1092,186,-2.601367,-1.818879,1.857498,DSB,2,0,0,DIRECT,1.0,0.0,4,0.083655875111
1093,186,0.087102,-0.010242,0.740886,DSB,2,1,1,DIRECT,1.0,0.0,13,0.91735126049
1094,186,0.087193,-0.009332,-0.70107,DSB,2,0,0,DIRECT,1.0,0.0,16,0.797119832519
1095,186,0.087297,-0.010423,3.978839,DSB,2,0,0,DIRECT,1.0,0.0,17,0.036173081805
1096,186,0.086929,-0.009757,-1.871265,DSB+,4,0,0,DIRECT,1.0,0.0,22,0.004104436237
1097,186,0.082047,0.002258,-1.602863,DSB+,3,0,0,DIRECT,1.0,0.0,23,0.003590605366
1098,187,-0.014175,0.03349,3.760418,DSB,2,0,0,DIRECT,1.0,0.0,13,0.196100717308
1099,187,-0.014426,0.033856,0.78535,DSB,2,0,0,DIRECT,1.0,0.0,13,0.918604961205
1100,188,0.0964404,-0.0195076,2.8815,DSB,2,0,0,DIRECT,1.0,0.0,13,0.313002955648
1101,188,0.096544,-0.019488,1.537235,DSB,2,0,0,DIRECT,1.0,0.0,13,0.422638029749
1102,188,0.089584,-0.020971,2.030681,DSB,2,0,0,DIRECT,1.0,0.0,13,0.472866147674
1103,188,-0.013579,-0.082992,-1.155676,DSB+,3,1,1,DIRECT,1.0,0.0,16,0.851568721604
1104,188,-0.007684,-0.070824,-1.155841,DSB,2,0,0,DIRECT,1.0,0.0,16,0.851581606821
1105,188,0.096382,-0.019484,3.976567,DSB,2,1,1,DIRECT,1.0,0.0,17,0.03615899333
1106,188,0.096878,-0.018038,-4.379052,DSB,2,0,0,DIRECT,1.0,0.0,18,0.875950149115
1107,189,0.021767,0.029684,1.930108,DSB+,3,0,0,DIRECT,1.0,0.0,13,0.430600386782
1108,189,0.021856,0.029139,-0.268503,DSB+,3,1,1,DIRECT,1.0,0.0,16,0.711148505476
1109,189,0.015494,0.033057,-2.490446,DSB+,3,0,0,DIRECT,1.0,0.0,18,0.404691050889
1110,189,0.021216,0.029824,-4.223424,DSB,2,1,1,DIRECT,1.0,0.0,18,0.885204352642
1111,189,-0.015583,0.038153,-4.414748,DSB,2,0,0,DIRECT,1.0,0.0,18,0.875758036708
1112,190,-0.037467,-0.034257,3.529345,DSB,2,1,1,DIRECT,1.0,0.0,13,0.259981473343
1113,190,-0.017034,-0.032106,3.253889,DSB,2,0,0,DIRECT,1.0,0.0,13,0.263462570614
1114,190,-0.056976,-0.034545,-0.993491,DSB+,4,0,0,DIRECT,1.0,0.0,16,0.852182276263
1115,190,-0.001689,-0.015502,-2.327233,DSB+,3,1,1,DIRECT,1.0,0.0,18,0.403908289603
1116,190,-0.037419,-0.034288,-2.152953,DSB+,3,0,0,DIRECT,1.0,0.0,18,0.425421873126
1117,190,-0.037526,-0.034198,-1.934127,DSB,2,0,0,DIRECT,1.0,0.0,22,0.003775480061
1118,191,-0.03184,0.164269,2.425578,DSB+,3,0,0,DIRECT,1.0,0.0,13,0.482054994011
1119,191,-0.006401,0.014604,2.231191,DSB,2,2,1,DIRECT,1.0,0.0,13,0.474106879729
1120,191,-0.006868,0.015627,2.488434,DSB,2,0,0,DIRECT,1.0,0.0,13,0.480647005021
1121,191,-0.677515,-0.421772,-1.854731,DSB,2,0,0,DIRECT,1.0,0.0,15,0.562012471336
1122,191,0.302513,-0.098962,3.333084,DSB,2,0,0,DIRECT,1.0,0.0,17,0.008578145008
1123,191,-0.018835,0.030261,-3.297717,DSB+,3,0,0,DIRECT,1.0,0.0,18,0.701030327885
1124,191,-0.010439,0.020507,-1.443254,DSB+,3,1,1,DIRECT,1.0,0.0,23,0.003351512491
1125,192,0.063244,-0.060665,0.878895,DSB,2,1,1,DIRECT,1.0,0.0,13,0.916657864966
1126,192,0.063008,-0.062388,-3.21473,DSB+,3,2,1,DIRECT,1.0,0.0,18,0.621881216017
1127,192,0.070969,-0.063897,-2.147715,DSB+,3,0,0,DIRECT,1.0,0.0,18,0.425172646597
1128,192,0.063469,-0.061037,-3.655922,DSB,2,1,1,DIRECT,1.0,0.0,18,0.714438016287
1129,192,0.071074,-0.076386,-2.621966,DSB,2,0,0,DIRECT,1.0,0.0,18,0.324037910554
1130,192,0.063593,-0.061078,-2.760347,DSB,2,0,0,DIRECT,1.0,0.0,18,0.324791378969
1131,192,0.063639,-0.061432,-2.7703,DSB,2,0,0,DIRECT,1.0,0.0,18,0.324792613454
1132,192,0.063617,-0.061195,-3.477367,DSB,2,0,0,DIRECT,1.0,0.0,18,0.700301074909
1133,192,0.063616,-0.061195,-3.471751,DSB,2,0,0,DIRECT,1.0,0.0,18,0.700302093185
1134,193,0.166523,1.303209,3.531709,DSB+,3,0,0,DIRECT,1.0,0.0,25,0.20219268784
1135,194,-0.000461,-0.032488,3.248271,DSB,2,0,0,DIRECT,1.0,0.0,13,0.263465408085
1136,194,-0.000926,-0.032087,-0.290212,DSB+,4,0,0,DIRECT,1.0,0.0,16,0.710819296215
1137,194,-0.001048,-0.032384,-0.297127,DSB+,3,1,1,DIRECT,1.0,0.0,16,0.710820354357
1138,194,-0.03554,-0.079839,-1.2117,DSB+,3,0,0,DIRECT,1.0,0.0,16,0.8469273914
1139,194,-0.000958,-0.032491,-0.402678,DSB,2,0,0,DIRECT,1.0,0.0,16,0.765516875348
1140,194,-0.000745,-0.031655,-0.792625,DSB,2,0,0,DIRECT,1.0,0.0,16,0.795541835434
1141,194,0.089543,0.23549,4.338064,DSB,2,1,1,DIRECT,1.0,0.0,17,0.040973980957
1142,194,-0.006305,-0.038574,-2.00855,DSB+,3,1,1,DIRECT,1.0,0.0,18,0.42470781757
1143,194,-0.001197,-0.032493,-2.153213,DSB,2,0,0,DIRECT,1.0,0.0,18,0.425457554631
1144,194,0.005678,-0.053154,-3.650521,DSB,2,0,0,DIRECT,1.0,0.0,18,0.714500856468
1145,195,-0.072528,0.116529,3.922393,DSB,2,0,0,DIRECT,1.0,0.0,13,0.194132718568
1146,195,-0.073526,0.118415,-4.478043,DSB+,4,0,0,DIRECT,1.0,0.0,18,0.878076762664
1147,195,-0.064156,0.119696,-2.949619,DSB+,4,0,0,DIRECT,1.0,0.0,18,0.607217198263
1148,195,-0.073373,0.118173,-2.898278,DSB,2,1,1,DIRECT,1.0,0.0,18,0.608569308326
1149,195,-0.07362,0.118205,-3.069826,DSB,2,0,0,DIRECT,1.0,0.0,18,0.622737355942
1150,195,-0.077919,0.122139,-4.113575,DSB,2,0,0,DIRECT,1.0,0.0,18,0.884635024787
1151,195,-0.073706,0.118149,-1.797539,DSB+,4,0,0,DIRECT,1.0,0.0,22,0.004615616324
1152,195,-0.073249,0.117835,-1.422356,DSB+,3,1,1,DIRECT,1.0,0.0,23,0.004924652564
1153,196,-0.032635,-0.079544,1.463566,DSB+,3,2,1,DIRECT,1.0,0.0,13,0.42237553595
1154,196,-0.023408,-0.006333,3.663181,DSB+,3,0,0,DIRECT,1.0,0.0,13,0.196703935407
1155,196,-0.037905,-0.083949,1.464563,DSB,2,0,0,DIRECT,1.0,0.0,13,0.422376120678
1156,196,-0.022453,-0.006578,-0.660444,DSB,2,1,1,DIRECT,1.0,0.0,16,0.798175275117
1157,196,0.012674,-0.031374,-3.612848,DSB,2,1,1,DIRECT,1.0,0.0,18,0.715781770907
1158,196,-0.022215,-0.006812,-3.461164,DSB,2,0,0,DIRECT,1.0,0.0,18,0.700569983457
1159,196,-0.021641,-0.006655,-1.937294,DSB,2,1,1,DIRECT,1.0,0.0,22,0.003800210709
1160,196,-0.018108,0.01861,-1.862495,DSB,2,1,1,DIRECT,1.0,0.0,22,0.005246673477
1161,196,-1.07181,0.933812,-2.140343,DSB,2,0,0,DIRECT,1.0,0.0,22,0.299120355819
1162,197,0.00434376,0.0355456,4.51516,DSB,2,0,0,DIRECT,1.0,0.0,7,0.845753588994
1163,198,-0.083579,0.026475,-0.021418,DSB,2,1,1,DIRECT,1.0,0.0,16,0.679550222879
1164,198,-0.066323,0.02872,-0.020407,DSB,2,1,1,DIRECT,1.0,0.0,16,0.679561186029
1165,198,-0.061464,0.027229,-0.124541,DSB,2,1,1,DIRECT,1.0,0.0,16,0.711536160312
1166,198,-0.061265,0.028977,-2.185155,DSB,2,1,1,DIRECT,1.0,0.0,18,0.425313754537
1167,198,-0.061701,0.028532,-1.453196,DSB,2,2,1,DIRECT,1.0,0.0,23,0.003298379099
1168,199,0.046166,0.046604,3.73653,DSB,2,0,0,DIRECT,1.0,0.0,17,0.01999216067
1169,199,0.040268,0.048604,4.257675,DSB,2,0,0,DIRECT,1.0,0.0,17,0.039115704047
1170,199,0.045402,0.046414,-4.352124,DSB+,3,0,0,DIRECT,1.0,0.0,18,0.877097376475
1171,199,-0.102261,0.206115,-2.681495,DSB,2,1,1,DIRECT,1.0,0.0,18,0.521438496132
1172,199,0.134954,0.081109,-1.101715,DSB,2,1,1,DIRECT,1.0,0.0,23,0.034595247702
1173,199,0.04598,0.046765,-1.582575,DSB,2,0,0,DIRECT,1.0,0.0,23,0.004150693394
1174,200,-0.108493,-0.0523123,4.23357,DSB,2,1,1,DIRECT,1.0,0.0,7,0.809106318286
1175,200,-0.042482,-0.537687,4.187566,DSB,2,0,0,DIRECT,1.0,0.0,7,0.227360789379
1176,200,-0.109036,-0.051682,3.390042,DSB,2,1,1,DIRECT,1.0,0.0,13,0.260597937078
1177,200,-0.108481,-0.052455,3.46017,DSB,2,0,0,DIRECT,1.0,0.0,13,0.258539268511
1178,200,-0.110398,-0.051713,1.157675,DSB,2,0,0,DIRECT,1.0,0.0,13,0.401732463996
1179,200,-0.108821,-0.051213,-0.977041,DSB,2,0,0,DIRECT,1.0,0.0,16,0.798788488224
1180,200,-0.109533,-0.052156,-1.098477,DSB,2,0,0,DIRECT,1.0,0.0,16,0.847783293954
1181,200,0.354691,0.069736,-2.934974,DSB,2,0,0,DIRECT,1.0,0.0,18,0.625984930911
1182,200,-0.110178,-0.051609,-3.825096,DSB,2,0,0,DIRECT,1.0,0.0,18,0.711974074415
1183,201,-0.017688,0.08868,3.65381,DSB+,4,0,0,DIRECT,1.0,0.0,13,0.196757545766
1184,201,0.001872,0.0851,0.780059,DSB+,3,0,0,DIRECT,1.0,0.0,13,0.918647424795
1185,201,-0.020083,0.087275,0.927159,DSB,2,2,1,DIRECT,1.0,0.0,13,0.918809136042
1186,201,-0.017684,0.10054,3.436,DSB,2,2,1,DIRECT,1.0,0.0,13,0.260754404236
1187,201,-0.017592,0.08846,1.17501,DSB,2,0,0,DIRECT,1.0,0.0,13,0.904469743692
1188,201,-0.017368,0.088284,3.657274,DSB,1,1,1,DIRECT,1.0,0.0,13,0.196757638091
1189,201,-0.01852,0.088235,-3.650752,DSB,2,1,1,DIRECT,1.0,0.0,18,0.715960785216
1190,201,-0.017945,0.088736,-2.748692,DSB,2,0,0,DIRECT,1.0,0.0,18,0.607882111542
1191,202,0.017127,-0.034006,-1.326262,DSB,2,0,0,DIRECT,1.0,0.0,16,0.883520865479
1192,202,0.024617,-0.035198,-1.324169,DSB,2,0,0,DIRECT,1.0,0.0,16,0.883521227123
1193,202,0.01663,-0.040641,-3.592563,DSB+,3,2,1,DIRECT,1.0,0.0,18,0.715787022701
1194,202,0.016594,-0.040519,-3.606875,DSB,2,1,1,DIRECT,1.0,0.0,18,0.715784002745
1195,202,0.014675,-0.0383,-3.062405,DSB,2,0,0,DIRECT,1.0,0.0,18,0.621453219286
1196,202,0.016753,-0.040633,-4.056381,DSB,2,0,0,DIRECT,1.0,0.0,18,0.782204295451
1197,202,0.015738,-0.040766,-1.894942,DSB,2,0,0,DIRECT,1.0,0.0,22,0.004023812434
1198,202,0.016392,-0.037216,-1.896779,DSB,2,0,0,DIRECT,1.0,0.0,22,0.00402390702
1199,203,-0.525811,-0.130632,2.02884,DSB+,3,0,0,DIRECT,1.0,0.0,7,0.914932602495
1200,203,-0.079661,0.106989,-3.945389,DSB+,3,1,1,DIRECT,1.0,0.0,18,0.956170675605
1201,203,-0.080505,0.107412,-3.951971,DSB,2,2,1,DIRECT,1.0,0.0,18,0.956169406247
1202,203,-0.078398,0.107442,-1.902715,DSB,2,0,0,DIRECT,1.0,0.0,22,0.005365902992
1203,203,-0.080843,0.103375,-1.649369,DSB,2,1,1,DIRECT,1.0,0.0,23,0.003899192875
1204,203,-0.077926,0.104405,-1.652499,DSB,2,0,0,DIRECT,1.0,0.0,23,0.003899421962
1205,204,0.032806,0.045868,3.672722,DSB,2,0,0,DIRECT,1.0,0.0,13,0.196130987772
1206,204,-0.074231,0.41244,3.883181,DSB,2,0,0,DIRECT,1.0,0.0,13,0.696231604138
1207,204,-0.073412,0.40973,3.883904,DSB,2,0,0,DIRECT,1.0,0.0,13,0.696231714928
1208,204,0.032873,0.045672,0.750645,DSB,2,0,0,DIRECT,1.0,0.0,13,0.918194728089
1209,204,0.032604,0.046181,-0.158202,DSB+,4,1,1,DIRECT,1.0,0.0,16,0.710471810574
1210,204,0.03466,0.045299,4.285841,DSB,2,0,0,DIRECT,1.0,0.0,17,0.039337471997
1211,204,0.033344,0.046185,4.296672,DSB,2,0,0,DIRECT,1.0,0.0,17,0.039338211294
1212,204,0.420072,0.301816,3.991707,DSB,2,0,0,DIRECT,1.0,0.0,17,0.068832979029
1213,204,0.034156,0.04405,-3.676705,DSB,2,0,0,DIRECT,1.0,0.0,18,0.714601895946
1214,204,0.031803,0.045649,-1.589928,DSB+,4,1,1,DIRECT,1.0,0.0,23,0.004147730044
1215,204,0.03284,0.045475,-1.462263,DSB+,3,1,1,DIRECT,1.0,0.0,23,0.003376194762
1216,204,0.030903,0.060896,-1.593028,DSB,2,1,1,DIRECT,1.0,0.0,23,0.004160182028
1217,205,-0.000881962,0.00650408,4.53752,DSB,2,0,0,DIRECT,1.0,0.0,7,0.845831980781
1218,205,-0.00166,0.005186,2.338811,DSB,2,0,0,DIRECT,1.0,0.0,13,0.48128483904
1219,205,-0.000331,0.005982,1.162229,DSB,2,0,0,DIRECT,1.0,0.0,13,0.90359460228
1220,205,0.000148,0.006619,-1.189331,DSB+,3,1,1,DIRECT,1.0,0.0,16,0.851663117205
1221,205,0.360011,-0.197662,-0.800086,DSB+,3,0,0,DIRECT,1.0,0.0,16,0.793478432665
1222,205,0.001384,-0.001344,-3.243161,DSB+,3,1,1,DIRECT,1.0,0.0,18,0.621970112903
1223,205,-0.000519,0.006164,-3.259695,DSB+,3,0,0,DIRECT,1.0,0.0,18,0.621977694177
1224,205,-0.001751,0.00757,-2.935737,DSB,2,1,1,DIRECT,1.0,0.0,18,0.607091329589
1225,205,-0.000684,0.0066,-2.91222,DSB,2,0,0,DIRECT,1.0,0.0,18,0.607097620582
1226,205,-0.000517,0.006172,-3.361083,DSB,2,0,0,DIRECT,1.0,0.0,18,0.69963257674
1227,205,-0.203968,-0.11851,-4.458205,DSB,2,0,0,DIRECT,1.0,0.0,18,0.787377813859
1228,205,0.008913,-0.004037,-1.713383,DSB+,3,1,1,DIRECT,1.0,0.0,22,0.004499682773
1229,206,-0.011593,0.016105,3.761906,DSB+,3,0,0,DIRECT,1.0,0.0,13,0.196079236234
1230,206,-0.016255,0.012972,2.097748,DSB,2,1,1,DIRECT,1.0,0.0,13,0.474748732986
1231,206,-0.004996,0.087785,0.889748,DSB,2,0,0,DIRECT,1.0,0.0,13,0.918009578466
1232,206,-0.034403,0.005436,-1.016274,DSB+,3,0,0,DIRECT,1.0,0.0,16,0.852225599792
1233,206,-0.016888,0.013866,-1.167603,DSB,2,1,1,DIRECT,1.0,0.0,16,0.851659025278
1234,206,-0.016432,0.014311,-2.202819,DSB,2,0,0,DIRECT,1.0,0.0,18,0.425246632017
1235,206,-0.017737,0.013614,-1.945063,DSB,2,0,0,DIRECT,1.0,0.0,22,0.003827080459
1236,206,-0.016548,0.014256,-1.466389,DSB,2,1,1,DIRECT,1.0,0.0,23,0.003331980981
1237,207,-0.14883,0.008628,3.203117,DSB+,4,0,0,DIRECT,1.0,0.0,13,0.26366316322
1238,207,-0.091576,0.004263,0.903788,DSB,2,1,1,DIRECT,1.0,0.0,13,0.917892842063
1239,207,-0.091044,0.002763,0.582329,DSB,2,1,1,DIRECT,1.0,0.0,13,0.99351576243
1240,207,-0.091189,0.001865,2.350319,DSB,2,1,1,DIRECT,1.0,0.0,13,0.482270820331
1241,207,-0.167049,-0.014117,3.746878,DSB,2,0,0,DIRECT,1.0,0.0,13,0.195850749006
1242,207,-0.092829,0.004405,1.311823,DSB,2,0,0,DIRECT,1.0,0.0,13,0.828205985649
1243,207,-0.081117,-0.002708,-0.616625,DSB+,3,1,1,DIRECT,1.0,0.0,16,0.764941132506
1244,207,-0.091166,0.002538,-1.390823,DSB+,3,1,1,DIRECT,1.0,0.0,16,0.886050580504
1245,207,-0.091045,0.002283,-1.12532,DSB,2,0,0,DIRECT,1.0,0.0,16,0.847706739424
1246,207,-0.090789,0.002664,-3.845835,DSB+,3,0,0,DIRECT,1.0,0.0,18,0.71203836529
1247,207,-0.157614,0.014521,-2.094719,DSB,2,2,1,DIRECT,1.0,0.0,18,0.421326555521
1248,208,0.070465,-0.028363,0.495649,DSB+,3,1,1,DIRECT,1.0,0.0,13,0.994341780504
1249,208,0.032043,-0.011203,0.90713,DSB,2,0,0,DIRECT,1.0,0.0,13,0.917495423731
1250,208,0.032611,-0.011642,0.774161,DSB,2,0,0,DIRECT,1.0,0.0,13,0.918147574362
1251,208,0.033165,-0.010875,-3.204774,DSB+,3,0,0,DIRECT,1.0,0.0,18,0.622199587668
1252,208,0.031385,-0.011882,-4.370895,DSB,2,1,1,DIRECT,1.0,0.0,18,0.875891995793
1253,208,0.033213,-0.010177,-4.511637,DSB,2,1,1,DIRECT,1.0,0.0,18,0.876630015707
1254,209,-0.0379281,-0.319613,3.58385,DSB,2,0,0,DIRECT,1.0,0.0,7,0.751446944663
1255,209,0.073796,-0.035978,0.883386,DSB,2,3,1,DIRECT,1.0,0.0,13,0.916678231978
1256,209,0.07386,-0.036243,2.888415,DSB,2,2,1,DIRECT,1.0,0.0,13,0.313010329381
1257,209,0.094346,-0.033603,3.374283,DSB,2,0,0,DIRECT,1.0,0.0,13,0.258793606888
1258,209,0.072434,-0.046589,4.131944,DSB,2,0,0,DIRECT,1.0,0.0,17,0.035615547819
1259,209,0.074245,-0.037463,3.963403,DSB,2,0,0,DIRECT,1.0,0.0,17,0.036139353158
1260,209,-0.248425,-0.123918,-3.174643,DSB+,3,1,1,DIRECT,1.0,0.0,18,0.308774504881
1261,209,0.073607,-0.035257,-3.03885,DSB,2,2,1,DIRECT,1.0,0.0,18,0.621505827886
1262,210,-0.0832579,-0.0375518,0.867445,DSB+,4,0,0,DIRECT,1.0,0.0,13,0.917581329562
1263,210,-0.077733,-0.03459,0.700533,DSB,2,3,1,DIRECT,1.0,0.0,13,0.917130146995
1264,210,-0.086921,-0.010927,0.899019,DSB,2,0,0,DIRECT,1.0,0.0,13,0.91789759375
1265,211,-0.000828,0.018197,-4.517357,DSB,2,1,1,DIRECT,1.0,0.0,18,0.876598330585
1266,211,-0.001526,0.016514,-3.377503,DSB,2,0,0,DIRECT,1.0,0.0,18,0.699642375903
1267,211,-0.001426,0.016504,-3.469802,DSB,2,0,0,DIRECT,1.0,0.0,18,0.700577027694
1268,211,-0.688786,2.704233,1.285333,DSB,2,0,0,DIRECT,1.0,0.0,31,0.490896398719
1269,212,-0.0534821,0.0254258,3.93134,DSB,2,0,0,DIRECT,1.0,0.0,13,0.193627660976
1270,212,-0.059328,0.025395,-0.473981,DSB,2,0,0,DIRECT,1.0,0.0,16,0.764274630588
1271,212,-0.05457,0.023196,-0.623531,DSB,2,0,0,DIRECT,1.0,0.0,16,0.764980631992
1272,212,-0.053652,0.02334,-3.825023,DSB,2,2,1,DIRECT,1.0,0.0,18,0.711143000817
1273,212,-0.053526,0.02352,-3.087638,DSB,2,0,0,DIRECT,1.0,0.0,18,0.621314761654
1274,212,-0.056096,0.0193,-3.071671,DSB,2,0,0,DIRECT,1.0,0.0,18,0.62257556863
1275,212,-0.048031,0.032548,-4.065101,DSB,2,0,0,DIRECT,1.0,0.0,18,0.783635733396
1276,212,-0.054148,0.023664,-1.775491,DSB,2,1,1,DIRECT,1.0,0.0,22,0.003124647121
1277,212,-0.054203,0.023194,-1.910742,DSB,2,1,1,DIRECT,1.0,0.0,22,0.003895022439
1278,213,-0.0163289,-0.00324774,4.551,DSB+,3,1,1,DIRECT,1.0,0.0,7,0.845820439342
1279,213,-0.01671,-0.005121,3.251807,DSB,2,0,0,DIRECT,1.0,0.0,13,0.263484371749
1280,213,-0.005926,-0.001296,-1.16044,DSB,2,1,1,DIRECT,1.0,0.0,16,0.851644854218
1281,213,-0.019337,-0.004597,-3.244869,DSB+,3,0,0,DIRECT,1.0,0.0,18,0.621962078287
1282,213,-0.015703,-0.001355,-3.381509,DSB,2,1,1,DIRECT,1.0,0.0,18,0.69962735982
1283,213,-0.015773,-0.001734,-1.935414,DSB+,4,1,1,DIRECT,1.0,0.0,22,0.003811793878
1284,213,-0.017842,0.002509,-1.881528,DSB,2,0,0,DIRECT,1.0,0.0,22,0.005237745997
1285,214,-0.013105,-0.058979,3.519079,DSB,2,0,0,DIRECT,1.0,0.0,13,0.259533903782
1286,214,0.078427,0.078273,2.809197,DSB,2,0,0,DIRECT,1.0,0.0,13,0.556189146703
1287,214,0.384997,-0.374674,0.414439,DSB+,3,2,1,DIRECT,1.0,0.0,16,0.13534259676
1288,214,-0.013131,-0.059057,0.282942,DSB+,3,0,0,DIRECT,1.0,0.0,16,0.492965850156
1289,214,-0.015127,-0.056951,-0.298799,DSB,2,1,1,DIRECT,1.0,0.0,16,0.710801796698
1290,214,-0.012479,-0.058773,-3.997061,DSB,2,2,1,DIRECT,1.0,0.0,18,0.782325637678
1291,214,-0.013251,-0.058781,-1.745715,DSB,2,0,0,DIRECT,1.0,0.0,22,0.003233152019
1292,214,-0.01279,-0.058507,-1.895098,DSB,2,0,0,DIRECT,1.0,0.0,22,0.004002348648
1293,215,-0.061158,-0.0235,0.641508,DSB+,3,2,1,DIRECT,1.0,0.0,13,0.994646448606
1294,215,-0.093283,-0.028375,0.822765,DSB+,3,0,0,DIRECT,1.0,0.0,13,0.916484496081
1295,215,-0.061141,-0.024319,1.863941,DSB,2,0,0,DIRECT,1.0,0.0,13,0.42949800146
1296,215,-0.061057,-0.022327,1.17799,DSB,2,0,0,DIRECT,1.0,0.0,13,0.903553037325
1297,215,0.88795,-0.284022,-0.211323,DSB+,3,0,0,DIRECT,1.0,0.0,16,0.402336028246
1298,215,0.881613,-0.27722,-0.2228,DSB,2,0,0,DIRECT,1.0,0.0,16,0.402332981066
1299,215,-0.055737,-0.018616,-0.147035,DSB,2,0,0,DIRECT,1.0,0.0,16,0.710396401247
1300,216,0.035911,-0.031652,1.927138,DSB,2,0,0,DIRECT,1.0,0.0,13,0.429746184801
1301,216,0.038807,-0.030747,0.881429,DSB,2,0,0,DIRECT,1.0,0.0,13,0.917490893625
1302,216,0.025821,-0.053985,-0.684571,DSB,2,0,0,DIRECT,1.0,0.0,16,0.797060810992
1303,216,0.033698,-0.031261,-4.543503,DSB,2,0,0,DIRECT,1.0,0.0,18,0.876270313211
1304,217,0.100003,0.037797,0.55798,DSB+,4,1,1,DIRECT,1.0,0.0,13,0.99382702873
1305,217,0.097862,0.036612,2.864928,DSB,2,0,0,DIRECT,1.0,0.0,13,0.557297317759
1306,217,0.099574,0.037719,1.122116,DSB,2,0,0,DIRECT,1.0,0.0,13,0.908062474841
1307,217,0.099486,0.038058,0.484285,DSB,2,0,0,DIRECT,1.0,0.0,13,0.99376619236
1308,217,0.099617,0.03787,-0.835175,DSB,2,0,0,DIRECT,1.0,0.0,16,0.797867764455
1309,217,0.099192,0.037344,3.917017,DSB,2,1,1,DIRECT,1.0,0.0,17,0.020574788882
1310,217,0.097362,0.032682,3.923814,DSB,2,1,1,DIRECT,1.0,0.0,17,0.020572759305
1311,217,0.106296,0.035701,-3.460702,DSB,2,1,1,DIRECT,1.0,0.0,18,0.700684950997
1312,218,0.087028,-0.114655,2.047994,DSB+,3,1,1,DIRECT,1.0,0.0,13,0.472989525361
1313,218,0.033905,-0.047992,2.203193,DSB+,3,0,0,DIRECT,1.0,0.0,13,0.473628313409
1314,218,0.03381,-0.047008,3.348343,DSB,2,1,1,DIRECT,1.0,0.0,13,0.259403755556
1315,218,0.061468,-0.05471,0.605532,DSB,2,1,1,DIRECT,1.0,0.0,13,0.993674242284
1316,218,0.036984,-0.049918,-3.914387,DSB+,3,1,1,DIRECT,1.0,0.0,18,0.780984644956
1317,218,0.033608,-0.046522,-3.334238,DSB,2,0,0,DIRECT,1.0,0.0,18,0.69953004472
1318,219,0.072177,0.025888,2.284207,DSB,2,3,1,DIRECT,1.0,0.0,13,0.477725197361
1319,219,0.071674,0.025468,1.847977,DSB,2,0,0,DIRECT,1.0,0.0,13,0.429852519194
1320,219,0.071375,0.025041,0.619197,DSB,2,0,0,DIRECT,1.0,0.0,13,0.993746182339
1321,219,0.067364,0.028663,0.60517,DSB,2,0,0,DIRECT,1.0,0.0,13,0.993748250431
1322,219,0.074208,0.022904,-0.708213,DSB,2,1,1,DIRECT,1.0,0.0,16,0.79714032564
1323,219,-0.487476,-0.229247,-3.572044,DSB,2,0,0,DIRECT,1.0,0.0,18,0.216991231668
1324,220,-0.0620791,-0.0435561,0.758729,DSB+,3,0,0,DIRECT,1.0,0.0,13,0.918263289029
1325,220,-0.058936,-0.047997,2.464883,DSB,2,1,1,DIRECT,1.0,0.0,13,0.480591566617
1326,220,-0.060759,-0.045043,1.604744,DSB,2,1,1,DIRECT,1.0,0.0,13,0.422933329887
1327,220,-0.059085,-0.043722,-2.680121,DSB,2,0,0,DIRECT,1.0,0.0,18,0.321311253484
1328,220,-0.05945,-0.043526,-2.812609,DSB,2,0,0,DIRECT,1.0,0.0,18,0.322038567551
1329,221,0.06259,-0.011348,3.097958,DSB+,4,0,0,DIRECT,1.0,0.0,13,0.262695240803
1330,221,0.085961,0.008017,2.677864,DSB,2,2,1,DIRECT,1.0,0.0,13,0.556885102721
1331,221,0.085414,0.009818,1.789917,DSB,2,1,1,DIRECT,1.0,0.0,13,0.429797326991
1332,221,0.085497,0.008144,1.862603,DSB,2,1,1,DIRECT,1.0,0.0,13,0.429858668075
1333,221,0.079641,0.019209,0.590155,DSB,2,1,1,DIRECT,1.0,0.0,13,0.993741178295
1334,221,0.085898,0.008076,-0.459794,DSB,2,1,1,DIRECT,1.0,0.0,16,0.764482883556
1335,221,0.085786,0.007895,4.158047,DSB+,3,1,1,DIRECT,1.0,0.0,17,0.036825991982
1336,221,0.086081,0.008007,4.27618,DSB,2,0,0,DIRECT,1.0,0.0,17,0.039030698928
1337,221,0.085336,0.007706,-2.119261,DSB,2,0,0,DIRECT,1.0,0.0,18,0.425517974663
1338,221,0.504576,0.126496,-4.238197,DSB,2,0,0,DIRECT,1.0,0.0,18,0.871392297091
1339,221,0.078235,0.094683,-1.886312,DSB+,3,0,0,DIRECT,1.0,0.0,22,0.00515451016
1340,222,-0.541348,-1.819188,1.810453,DSB,2,1,1,DIRECT,1.0,0.0,4,0.380937652373
1341,222,-0.402978,-1.512941,2.228778,DSB,2,0,0,DIRECT,1.0,0.0,4,0.730789121403
1342,222,1.956469,-2.564557,-1.773568,DSB,2,1,1,DIRECT,1.0,0.0,9,0.055846926108
1343,222,0.090077,-0.044775,1.643751,DSB,2,1,1,DIRECT,1.0,0.0,13,0.422769378206
1344,222,0.090738,-0.044405,1.756138,DSB,2,0,0,DIRECT,1.0,0.0,13,0.429958065743
1345,222,0.091177,-0.044263,1.753187,DSB,2,0,0,DIRECT,1.0,0.0,13,0.429958127294
1346,222,0.091217,-0.044508,0.447002,DSB,2,0,0,DIRECT,1.0,0.0,13,0.993903769713
1347,222,0.091124,-0.043953,3.432851,DSB,2,0,0,DIRECT,1.0,0.0,17,0.017014296316
1348,223,-0.038519,0.066655,3.805612,DSB+,4,0,0,DIRECT,1.0,0.0,13,0.196922383771
1349,223,0.056569,0.153572,1.265308,DSB+,3,1,1,DIRECT,1.0,0.0,13,0.908552766504
1350,223,-0.053048,0.059138,3.920127,DSB,2,2,1,DIRECT,1.0,0.0,13,0.193662486167
1351,223,-0.803672,0.558828,3.833713,DSB,2,0,0,DIRECT,1.0,0.0,13,0.690584629892
1352,223,-0.394039,0.180809,1.390122,DSB,2,0,0,DIRECT,1.0,0.0,13,0.831338424779
1353,223,-0.053547,0.055234,-0.499161,DSB+,3,0,0,DIRECT,1.0,0.0,16,0.764304780925
1354,223,-0.054079,0.055191,-0.630027,DSB,2,0,0,DIRECT,1.0,0.0,16,0.765003911105
1355,223,-0.052746,0.050035,-3.364669,DSB,2,1,1,DIRECT,1.0,0.0,18,0.699732946667
1356,224,0.756136,-1.181273,-0.862381,DSB+,4,1,1,DIRECT,1.0,0.0,11,0.948869825783
1357,224,-6.3e-05,-0.015283,3.493024,DSB,2,0,0,DIRECT,1.0,0.0,13,0.259579974223
1358,224,0.250332,-0.069907,0.703629,DSB,2,0,0,DIRECT,1.0,0.0,13,0.997259778197
1359,224,-0.005491,-0.018177,-0.781166,DSB,2,2,1,DIRECT,1.0,0.0,16,0.795551874384
1360,224,0.000321,-0.015271,-0.922445,DSB,2,0,0,DIRECT,1.0,0.0,16,0.796263789325
1361,224,0.000133,-0.015705,-2.338846,DSB,2,2,1,DIRECT,1.0,0.0,18,0.403909621731
1362,224,0.000858,-0.016441,-4.343147,DSB,2,1,1,DIRECT,1.0,0.0,18,0.79253129455
1363,224,0.000386,-0.015551,-2.221857,DSB,2,0,0,DIRECT,1.0,0.0,18,0.423893315367
1364,224,0.001025,-0.014899,-3.326191,DSB,2,0,0,DIRECT,1.0,0.0,18,0.699842167226
1365,224,0.013999,-0.014063,-1.84846,DSB,2,0,0,DIRECT,1.0,0.0,22,0.005281321122
1366,224,0.000642,-0.015819,-1.592311,DSB,2,1,1,DIRECT,1.0,0.0,23,0.003772441284
1367,225,-0.055156,-0.022729,1.599794,DSB+,3,1,1,DIRECT,1.0,0.0,13,0.422955438774
1368,225,-0.055036,-0.02291,0.547793,DSB+,3,0,0,DIRECT,1.0,0.0,13,0.993447490777
1369,225,-0.054951,-0.021916,1.849694,DSB,2,2,1,DIRECT,1.0,0.0,13,0.429503528682
1370,225,-0.055412,-0.022568,0.623274,DSB,2,1,1,DIRECT,1.0,0.0,13,0.994637880797
1371,225,-0.055375,-0.022634,0.672637,DSB,2,0,0,DIRECT,1.0,0.0,13,0.917087240242
1372,225,-0.055374,-0.022585,0.436439,DSB,2,0,0,DIRECT,1.0,0.0,13,0.994085866438
1373,225,-0.054691,-0.0206,-1.630158,DSB,2,0,0,DIRECT,1.0,0.0,23,0.003714312318
1374,226,-0.758078,0.715234,0.2836,DSB,2,1,1,DIRECT,1.0,0.0,17,0.774844245625
1375,226,0.004947,-0.255225,-3.112042,DSB+,4,0,0,DIRECT,1.0,0.0,18,0.306639466144
1376,226,-0.020235,0.01719,-2.912387,DSB,2,1,1,DIRECT,1.0,0.0,18,0.607073997975
1377,226,-0.008575,0.024402,-1.435442,DSB++,5,1,1,DIRECT,1.0,0.0,23,0.003352066734
1378,226,-0.865477,1.110442,0.636486,DSB+,3,0,0,DIRECT,1.0,0.0,25,0.741101684454
1379,227,-0.046277,-0.050052,2.478886,DSB+,4,0,0,DIRECT,1.0,0.0,13,0.480601291573
1380,227,-0.055441,-0.051199,0.570384,DSB+,3,0,0,DIRECT,1.0,0.0,13,0.993422328992
1381,227,-0.051544,-0.052426,1.968126,DSB,2,1,1,DIRECT,1.0,0.0,13,0.473225921809
1382,227,-0.096259,0.007039,0.907078,DSB,2,0,0,DIRECT,1.0,0.0,13,0.917891937273
1383,227,-0.050895,-0.052429,-1.443929,DSB+,3,1,1,DIRECT,1.0,0.0,16,0.88530370671
1384,227,-0.050987,-0.053065,-0.577937,DSB,2,1,1,DIRECT,1.0,0.0,16,0.765027946991
1385,227,-0.051151,-0.052893,-0.72038,DSB,2,1,1,DIRECT,1.0,0.0,16,0.796980747182
1386,227,-0.060288,-0.049325,-1.469915,DSB,2,0,0,DIRECT,1.0,0.0,16,0.885286421499
1387,227,-0.051068,-0.053049,-1.43359,DSB,2,0,0,DIRECT,1.0,0.0,16,0.885316391014
1388,227,-0.051204,-0.052988,-1.416182,DSB,2,0,0,DIRECT,1.0,0.0,16,0.885328197998
1389,227,-0.052286,-0.053097,-3.872569,DSB,2,0,0,DIRECT,1.0,0.0,18,0.711089115885
1390,228,-0.00668957,0.0635104,2.20092,DSB+,3,2,1,DIRECT,1.0,0.0,13,0.474146979786
1391,228,0.02455,0.091622,-4.333817,DSB+,3,0,0,DIRECT,1.0,0.0,18,0.877427813999
1392,228,-0.005882,0.048526,-4.507603,DSB+,3,0,0,DIRECT,1.0,0.0,18,0.877790529476
1393,228,-0.004466,0.050235,-1.715465,DSB+,3,0,0,DIRECT,1.0,0.0,22,0.004846937736
1394,228,-0.013359,0.06171,-1.83407,DSB,2,0,0,DIRECT,1.0,0.0,22,0.005616345365
1395,228,0.249863,3.900446,-0.519242,DSB+,3,0,0,DIRECT,1.0,0.0,46,0.264957876868
1396,228,0.249485,3.9051,-0.524737,DSB,2,0,0,DIRECT,1.0,0.0,46,0.264969739601
1397,229,0.009698,-0.014838,1.15896,DSB,2,0,0,DIRECT,1.0,0.0,13,0.903585825199
1398,229,0.010119,-0.014349,-2.094763,DSB+,3,0,0,DIRECT,1.0,0.0,18,0.423166412795
1399,229,0.009971,-0.013609,-2.474059,DSB,2,2,1,DIRECT,1.0,0.0,18,0.404643059403
1400,229,0.010321,-0.014185,-2.465331,DSB,2,0,0,DIRECT,1.0,0.0,18,0.404644991338
1401,230,-0.009137,0.014045,1.173035,DSB+,3,1,1,DIRECT,1.0,0.0,13,0.903603391671
1402,230,-0.009832,0.017561,-2.204152,DSB+,3,0,0,DIRECT,1.0,0.0,18,0.425246890074
1403,230,0.00066,0.017735,-2.482416,DSB,2,2,1,DIRECT,1.0,0.0,18,0.404675455923
1404,230,-0.004907,0.014665,-3.389636,DSB,2,1,1,DIRECT,1.0,0.0,18,0.699640702025
1405,231,-0.045807,-0.012739,0.539669,DSB+,3,1,1,MIXED,1.0,0.0,13,0.993460317871
1406,231,-0.045544,-0.011727,0.902204,DSB,2,2,1,DIRECT,1.0,0.0,13,0.917929082912
1407,231,-0.047935,-0.019696,0.561852,DSB,2,0,0,DIRECT,1.0,0.0,13,0.993444000872
1408,231,-0.046074,-0.012395,-0.15062,DSB,2,2,1,DIRECT,1.0,0.0,16,0.710395061828
1409,231,-0.046387,-0.01204,-4.124452,DSB,2,0,0,DIRECT,1.0,0.0,18,0.783589276299
1410,231,-0.815682,0.762488,-2.083995,DSB,2,0,0,DIRECT,1.0,0.0,22,0.294933818779
1411,232,0.048865,0.002987,1.777822,DSB,2,1,1,DIRECT,1.0,0.0,13,0.43042314638
1412,232,0.049081,0.003079,1.90059,DSB,2,0,0,DIRECT,1.0,0.0,13,0.429781884007
1413,232,0.047813,0.003071,-3.944788,DSB+,3,4,1,DIRECT,1.0,0.0,18,0.781050714328
1414,233,-0.0346104,-0.127689,2.61057,DSB,2,1,1,DIRECT,1.0,0.0,7,0.869828264202
1415,233,-0.073218,-0.026846,0.745159,DSB,2,0,0,DIRECT,1.0,0.0,13,0.918255453669
1416,233,-0.073524,-0.025911,-4.11666,DSB,2,1,1,DIRECT,1.0,0.0,18,0.783572035352
1417,233,0.511778,0.032062,-4.332204,DSB,2,0,0,DIRECT,1.0,0.0,18,0.872148067089
1418,234,0.540856,-0.528159,-2.610622,DSB,2,0,0,DIRECT,1.0,0.0,15,0.742472032918
1419,234,-0.025141,-0.021551,-4.11443,DSB+,3,0,0,DIRECT,1.0,0.0,18,0.782873665431
1420,234,0.018328,0.003702,-2.931257,DSB+,3,2,1,DIRECT,1.0,0.0,18,0.607104225427
1421,234,0.017886,0.003689,-3.441885,DSB+,3,1,1,DIRECT,1.0,0.0,18,0.700610686597
1422,234,0.017625,0.004807,-4.522743,DSB,2,2,1,DIRECT,1.0,0.0,18,0.876615048445
1423,234,0.017651,0.004147,-2.331225,DSB,2,1,1,DIRECT,1.0,0.0,18,0.403931277532
1424,234,0.017555,0.004863,-3.791176,DSB,2,1,1,DIRECT,1.0,0.0,18,0.715290892149
1425,234,0.018192,0.00511,-4.38127,DSB,2,1,1,DIRECT,1.0,0.0,18,0.875871309447
1426,234,0.019005,0.004611,-1.854419,DSB,2,0,0,DIRECT,1.0,0.0,22,0.005285301017
1427,235,-0.01472,0.010602,1.041643,DSB+,3,0,0,DIRECT,1.0,0.0,13,0.904245109517
1428,235,-0.546988,0.10381,3.867751,DSB,2,0,0,DIRECT,1.0,0.0,13,0.192388793896
1429,235,-0.014887,0.011166,2.20541,DSB,2,0,0,DIRECT,1.0,0.0,13,0.474103051297
1430,235,-0.015314,0.010139,-1.183405,DSB+,3,2,1,DIRECT,1.0,0.0,16,0.851661067893
1431,235,-0.014425,0.011152,-3.445214,DSB,2,1,1,DIRECT,1.0,0.0,18,0.700573749683
1432,236,0.017977,0.000405183,4.41689,DSB+,3,1,1,DIRECT,1.0,0.0,7,0.84567775913
1433,236,0.017999,0.000238,4.443,DSB,2,1,1,DIRECT,1.0,0.0,7,0.845694618734
1434,236,0.017782,-0.000154,2.321116,DSB+,3,0,0,DIRECT,1.0,0.0,13,0.48085747646
1435,236,0.018321,0.000484,-3.640669,DSB,2,0,0,DIRECT,1.0,0.0,18,0.714546086054
1436,236,0.016462,0.001211,-1.850966,DSB,2,1,1,DIRECT,1.0,0.0,22,0.005284027741
1437,237,-0.002554,-0.026453,3.370764,DSB+,3,1,1,DIRECT,1.0,0.0,13,0.260210292943
1438,237,-0.035696,-0.00156,3.546675,DSB,2,1,1,DIRECT,1.0,0.0,13,0.260009423359
1439,237,0.023227,0.013179,3.378984,DSB,2,1,1,DIRECT,1.0,0.0,13,0.260250023697
1440,237,0.030404,0.018917,2.044277,DSB,2,1,1,DIRECT,1.0,0.0,13,0.474334419082
1441,237,0.030524,0.005103,3.3895,DSB,2,0,0,DIRECT,1.0,0.0,13,0.259440648839
1442,237,0.026677,0.013678,-0.140515,DSB,2,1,1,DIRECT,1.0,0.0,16,0.710437025845
1443,237,0.027483,0.007731,-0.542776,DSB,2,0,0,DIRECT,1.0,0.0,16,0.766043454792
1444,237,0.245099,-0.090736,-1.371125,DSB,2,0,0,DIRECT,1.0,0.0,16,0.882461639021
1445,237,0.026995,0.007497,-4.388894,DSB+,3,0,0,DIRECT,1.0,0.0,18,0.87587278804
1446,237,0.033287,0.011138,-3.17279,DSB,2,0,0,DIRECT,1.0,0.0,18,0.623403559502
1447,237,0.02686,0.008026,-3.770035,DSB,2,0,0,DIRECT,1.0,0.0,18,0.715283826988
1448,237,0.001893,-0.011014,-1.942621,DSB,2,0,0,DIRECT,1.0,0.0,22,0.003808148672
1449,237,0.027011,0.008085,-1.870701,DSB,2,0,0,DIRECT,1.0,0.0,22,0.005288815257
1450,238,0.0514,-0.003234,1.005707,DSB+,4,2,1,DIRECT,1.0,0.0,13,0.903816971402
1451,238,-0.005971,0.001446,1.033892,DSB,2,1,1,DIRECT,1.0,0.0,13,0.904236209335
1452,238,-0.005421,0.002595,-2.936265,DSB+,3,0,0,DIRECT,1.0,0.0,18,0.607080072758
1453,238,-0.005796,0.002156,-2.342442,DSB,2,2,1,DIRECT,1.0,0.0,18,0.403922573365
1454,238,-0.006926,0.008475,-1.873378,DSB,2,1,1,DIRECT,1.0,0.0,22,0.0052494092
1455,239,-0.033966,0.022085,2.624169,DSB,2,2,1,DIRECT,1.0,0.0,13,0.55391633214
1456,239,-0.040436,0.007024,2.61071,DSB,2,1,1,DIRECT,1.0,0.0,13,0.553901775482
1457,239,-1.357905,0.325477,0.712529,DSB,2,0,0,DIRECT,1.0,0.0,13,0.894890600399
1458,239,-0.033317,0.022906,-0.540647,DSB,2,0,0,DIRECT,1.0,0.0,16,0.766525069918
1459,239,-0.033296,0.022947,-0.778204,DSB,2,0,0,DIRECT,1.0,0.0,16,0.796873272149
1460,240,-0.190569,-0.250805,1.386633,DSB,2,0,0,DIRECT,1.0,0.0,13,0.41856242991
1461,240,-0.005964,-0.025314,0.134859,DSB+,4,0,0,DIRECT,1.0,0.0,16,0.493698459132
1462,240,-0.008355,-0.00429,-4.095194,DSB+,3,1,1,DIRECT,1.0,0.0,18,0.782893368373
1463,240,0.022212,-0.105389,-2.750673,DSB,2,0,0,DIRECT,1.0,0.0,18,0.319948793273
1464,240,-0.010245,-0.009444,-3.464619,DSB,2,0,0,DIRECT,1.0,0.0,18,0.700581421625
1465,240,-0.015169,-0.007074,-1.873964,DSB,2,1,1,DIRECT,1.0,0.0,22,0.005252392303
1466,240,0.061071,0.023658,-1.865876,DSB,2,0,0,DIRECT,1.0,0.0,22,0.005076047287
1467,240,-0.015349,-0.006753,-1.608761,DSB,2,0,0,DIRECT,1.0,0.0,23,0.00374793637
1468,240,-0.014751,-0.007359,-1.625933,DSB,2,0,0,DIRECT,1.0,0.0,23,0.003751394844
1469,241,-0.047988,-0.013631,0.410681,DSB+,4,0,0,DIRECT,1.0,0.0,13,0.994102823561
1470,241,-0.04838,-0.013175,0.557146,DSB,2,1,1,DIRECT,1.0,0.0,13,0.993455603113
1471,241,-0.048343,-0.014349,0.306458,DSB+,3,0,0,DIRECT,1.0,0.0,16,0.494273130438
1472,241,-0.049398,-0.011468,-0.147697,DSB,2,3,1,DIRECT,1.0,0.0,16,0.710395791811
1473,241,-0.048629,-0.013871,0.310599,DSB,2,2,1,DIRECT,1.0,0.0,16,0.494274001061
1474,241,-0.047322,-0.013637,-0.14758,DSB,2,1,1,DIRECT,1.0,0.0,16,0.710395858782
1475,241,-0.047983,-0.014101,-0.425764,DSB,2,0,0,DIRECT,1.0,0.0,16,0.765459287
1476,241,-0.045876,-0.005154,-2.735398,DSB,2,0,0,DIRECT,1.0,0.0,18,0.321402521698
1477,241,-0.048804,-0.010024,-3.981115,DSB,2,0,0,DIRECT,1.0,0.0,18,0.782853899718
1478,242,0.276209,-1.31534,3.44338,DSB,2,2,1,DIRECT,1.0,0.0,6,0.519221775905
1479,242,-0.065931,0.081648,2.639793,DSB+,4,0,0,DIRECT,1.0,0.0,13,0.554393525887
1480,242,-0.065096,0.081458,-4.223049,DSB,2,1,1,DIRECT,1.0,0.0,18,0.885469209009
1481,242,-0.065062,0.081844,-2.758347,DSB,2,0,0,DIRECT,1.0,0.0,18,0.607833617893
1482,242,0.090849,-0.079552,-3.956356,DSB,2,0,0,DIRECT,1.0,0.0,18,0.779641336703
1483,242,-0.065162,0.081829,-1.443847,DSB,2,0,0,DIRECT,1.0,0.0,23,0.004559879633
1484,243,-0.053631,0.011169,-0.287112,DSB,2,0,0,DIRECT,1.0,0.0,16,0.711102014219
1485,243,-0.05396,0.012457,-1.998486,DSB,2,1,1,DIRECT,1.0,0.0,18,0.425856404956
1486,244,-0.0049,-0.067882,-0.564969,DSB+,3,0,0,DIRECT,1.0,0.0,16,0.765075027592
1487,244,-0.004242,-0.069492,0.005388,DSB,2,0,0,DIRECT,1.0,0.0,16,0.468733317528
1488,244,0.169565,0.222738,0.638634,DSB,2,0,0,DIRECT,1.0,0.0,16,0.597060764112
1489,244,-0.004618,-0.068899,-2.472939,DSB,2,0,0,DIRECT,1.0,0.0,18,0.404590701885
1490,244,-0.004554,-0.064367,-1.763271,DSB,2,0,0,DIRECT,1.0,0.0,22,0.003229645054
1491,245,0.042962,0.040458,4.116172,DSB+,3,1,1,DIRECT,1.0,0.0,17,0.035541764658
1492,245,0.042107,0.040203,3.910904,DSB,2,0,0,DIRECT,1.0,0.0,17,0.020522501109
1493,245,0.042251,0.040163,4.425244,DSB,2,0,0,DIRECT,1.0,0.0,17,0.03859668321
1494,245,0.042388,0.040053,4.422201,DSB,2,0,0,DIRECT,1.0,0.0,17,0.038596773879
1495,245,0.005771,0.047789,-3.396688,DSB+,4,0,0,DIRECT,1.0,0.0,18,0.699679166353
1496,245,0.002358,0.047561,-3.395831,DSB,2,1,1,DIRECT,1.0,0.0,18,0.699678343363
1497,245,0.010038,0.024714,-3.38079,DSB,2,0,0,DIRECT,1.0,0.0,18,0.69965541123
1498,245,0.062361,-0.049392,-3.577312,DSB,2,0,0,DIRECT,1.0,0.0,18,0.715837218126
1499,246,0.024362,0.10144,2.814026,DSB+,3,1,1,DIRECT,1.0,0.0,13,0.557372304556
1500,246,0.023861,0.101802,2.147794,DSB+,3,0,0,DIRECT,1.0,0.0,13,0.474242598262
1501,246,0.023832,0.102014,2.84981,DSB,2,0,0,DIRECT,1.0,0.0,13,0.557537487244
1502,246,-0.290698,-0.104721,-0.513007,DSB+,3,0,0,DIRECT,1.0,0.0,16,0.413699162327
1503,246,0.018195,0.107703,-0.415169,DSB,2,0,0,DIRECT,1.0,0.0,16,0.765902916184
1504,246,0.025019,0.099333,4.46024,DSB+,3,0,0,DIRECT,1.0,0.0,17,0.03978063825
1505,246,0.02389,0.101389,4.333862,DSB+,3,0,0,DIRECT,1.0,0.0,17,0.040530549674
1506,246,0.030724,0.119151,-2.626867,DSB+,3,1,1,DIRECT,1.0,0.0,18,0.521151718934
1507,246,0.024141,0.102268,-1.71874,DSB+,4,0,0,DIRECT,1.0,0.0,22,0.004891684274
1508,247,0.0865078,-0.0832723,4.47094,DSB,2,1,1,DIRECT,1.0,0.0,7,0.844654477843
1509,247,0.087493,-0.083072,4.484728,DSB,2,1,1,DIRECT,1.0,0.0,7,0.844663759063
1510,247,0.086325,-0.082405,-2.508847,DSB,2,0,0,DIRECT,1.0,0.0,18,0.403190990908
1511,248,0.039745,-0.003987,4.286194,DSB+,3,0,0,DIRECT,1.0,0.0,17,0.038998909189
1512,248,0.039343,-0.004682,-2.616028,DSB,2,0,0,DIRECT,1.0,0.0,18,0.325437182137
1513,249,-0.0437883,-0.0638658,0.666881,DSB++,5,0,0,DIRECT,1.0,0.0,13,0.917057043638
1514,249,-0.04845,-0.067618,1.942504,DSB+,4,2,1,DIRECT,1.0,0.0,13,0.430694817337
1515,249,-0.043968,-0.064896,0.896966,DSB+,3,0,0,DIRECT,1.0,0.0,13,0.91763128383
1516,249,-0.044386,-0.064517,0.154822,DSB,2,2,1,DIRECT,1.0,0.0,16,0.493656602267
1517,249,-1.50807,0.040761,-0.729445,DSB,2,2,1,DIRECT,1.0,0.0,16,0.425008887049
1518,249,-0.046113,-0.062586,-0.633026,DSB,2,0,0,DIRECT,1.0,0.0,16,0.764840046505
1519,249,-0.046359,-0.064867,-1.454804,DSB,2,0,0,DIRECT,1.0,0.0,16,0.885293152083
1520,249,-0.045202,-0.064403,-3.735156,DSB+,3,0,0,DIRECT,1.0,0.0,18,0.710337481762
1521,249,-0.168133,-0.003275,-4.592991,DSB,2,1,1,DIRECT,1.0,0.0,18,0.879328900346
1522,249,-0.046711,-0.067124,-2.942316,DSB,2,0,0,DIRECT,1.0,0.0,18,0.307475198703
1523,249,-0.044829,-0.064779,-3.853785,DSB,2,0,0,DIRECT,1.0,0.0,18,0.711068680621
1524,250,0.005462,0.050386,3.386787,DSB,2,0,0,DIRECT,1.0,0.0,13,0.260071109125
1525,250,0.961644,0.083525,0.776705,DSB+,3,0,0,DIRECT,1.0,0.0,16,0.615244517755
1526,251,-0.0182745,0.028792,2.34003,DSB,2,0,0,DIRECT,1.0,0.0,13,0.481302202395
1527,251,-0.018337,0.028848,1.318175,DSB,2,0,0,DIRECT,1.0,0.0,13,0.828056529077
1528,252,-0.044359,-0.051158,0.548472,DSB,2,3,1,DIRECT,1.0,0.0,13,0.993428791779
1529,252,-0.045188,-0.051211,-0.737221,DSB,2,1,1,DIRECT,1.0,0.0,16,0.796796349278
1530,252,-0.045351,-0.056037,-1.49676,DSB,2,1,1,DIRECT,1.0,0.0,16,0.885252534182
1531,252,-0.048793,-0.05208,-1.181643,DSB,2,0,0,DIRECT,1.0,0.0,16,0.846959812053
1532,252,-0.044226,-0.05077,-2.456701,DSB+,3,2,1,DIRECT,1.0,0.0,18,0.405740921303
1533,253,0.048219,-0.016284,0.894427,DSB+,3,0,0,DIRECT,1.0,0.0,13,0.917503899215
1534,253,0.060732,-0.097489,-0.824732,DSB,2,1,1,DIRECT,1.0,0.0,16,0.797477825908
1535,253,0.04791,-0.01647,-3.90928,DSB,2,1,1,DIRECT,1.0,0.0,18,0.781020431079
1536,253,0.048284,-0.016115,-3.819914,DSB,2,0,0,DIRECT,1.0,0.0,18,0.715209520741
1537,253,-0.223195,2.033885,0.865767,DSB,2,0,0,DIRECT,1.0,0.0,27,0.385756543567
1538,254,-0.099387,-0.068331,3.788043,DSB+,3,1,1,DIRECT,1.0,0.0,13,0.19597110457
1539,254,-0.098736,-0.068165,2.000816,DSB+,3,0,0,DIRECT,1.0,0.0,13,0.473253465593
1540,254,-0.09982,-0.068487,2.311,DSB,2,1,1,DIRECT,1.0,0.0,13,0.480896247029
1541,254,-0.099931,-0.068733,2.138201,DSB,2,0,0,DIRECT,1.0,0.0,13,0.472610639841
1542,254,-0.096722,-0.066678,-1.358855,DSB,2,0,0,DIRECT,1.0,0.0,16,0.885230661459
1543,254,-0.103611,-0.072871,-3.701967,DSB+,3,1,1,DIRECT,1.0,0.0,18,0.71122389796
1544,254,-0.099416,-0.06913,-2.254048,DSB,2,3,1,DIRECT,1.0,0.0,18,0.420589581782
1545,254,-0.099284,-0.069117,-3.576438,DSB,2,2,1,DIRECT,1.0,0.0,18,0.701632833402
1546,255,-0.014641,0.021563,3.785042,DSB,2,0,0,DIRECT,1.0,0.0,13,0.196085181998
1547,255,-0.020296,0.035852,2.232618,DSB,2,0,0,DIRECT,1.0,0.0,13,0.474120457738
1548,255,-0.003188,0.036012,1.167109,DSB,2,0,0,DIRECT,1.0,0.0,13,0.903625531333
1549,255,-0.830491,0.71291,-0.960044,DSB+,3,1,1,DIRECT,1.0,0.0,23,0.27039861868
1550,256,0.0214359,0.000233603,4.46392,DSB+,3,0,0,DIRECT,1.0,0.0,7,0.845712051063
1551,256,0.020066,-4.2e-05,0.760482,DSB,2,0,0,DIRECT,1.0,0.0,13,0.918150658035
1552,256,1.377519,0.50466,1.572331,DSB,2,0,0,DIRECT,1.0,0.0,17,0.907346324024
1553,256,0.019188,0.001071,-2.346328,DSB+,3,0,0,DIRECT,1.0,0.0,18,0.403928431939
1554,256,0.022107,0.001279,-3.528916,DSB,2,0,0,DIRECT,1.0,0.0,18,0.699028111391
1555,256,0.050168,0.008577,-3.927097,DSB,2,0,0,DIRECT,1.0,0.0,18,0.781047164311
1556,256,0.019734,3.9e-05,-4.557885,DSB,2,0,0,DIRECT,1.0,0.0,18,0.876393154954
1557,257,0.019301,-0.087499,3.241739,DSB,2,0,0,DIRECT,1.0,0.0,13,0.262611667731
1558,257,0.01648,-0.087071,-0.865848,DSB,2,0,0,DIRECT,1.0,0.0,16,0.79742159707
1559,257,0.017198,-0.085639,-4.409318,DSB+,3,1,1,DIRECT,1.0,0.0,18,0.79246713619
1560,257,0.083974,-0.047757,-3.57906,DSB,2,1,1,DIRECT,1.0,0.0,18,0.715861831111
1561,257,0.016562,-0.087044,-2.461398,DSB,2,0,0,DIRECT,1.0,0.0,18,0.404695144916
1562,257,-0.000918,-0.086084,-1.906842,DSB,2,0,0,DIRECT,1.0,0.0,22,0.003649287548
1563,258,1.70892,-0.47787,3.95662,DSB+,4,1,1,DIRECT,1.0,0.0,7,0.738892011606
1564,258,-0.004106,0.026394,4.496057,DSB,2,0,0,DIRECT,1.0,0.0,7,0.845742635621
1565,258,-0.002665,0.026991,3.783686,DSB+,3,1,1,DIRECT,1.0,0.0,13,0.196094254521
1566,258,0.001842,0.023591,3.255647,DSB,2,1,1,DIRECT,1.0,0.0,13,0.263504320219
1567,258,-0.002741,0.027333,2.230427,DSB,2,1,1,DIRECT,1.0,0.0,13,0.474117872623
1568,258,-0.008569,0.028444,3.658076,DSB,2,0,0,DIRECT,1.0,0.0,13,0.196736710971
1569,258,-0.00748,0.032711,-3.255531,DSB,2,0,0,DIRECT,1.0,0.0,18,0.621999468544
1570,258,-0.004011,0.043375,-3.364608,DSB,2,0,0,DIRECT,1.0,0.0,18,0.699659316946
1571,259,0.050752,0.012463,4.035036,DSB+,3,1,1,DIRECT,1.0,0.0,17,0.037531845535
1572,259,0.068731,0.013751,4.034621,DSB,2,0,0,DIRECT,1.0,0.0,17,0.037556409698
1573,259,0.070113,0.015979,-1.710414,DSB,2,0,0,DIRECT,1.0,0.0,22,0.004309251692
1574,259,0.070366,0.016331,-1.591037,DSB,2,1,1,DIRECT,1.0,0.0,23,0.003606752301
1575,260,-0.043656,-0.02446,0.543826,DSB,2,1,1,DIRECT,1.0,0.0,13,0.993450045116
1576,260,-0.043362,-0.023364,-0.682046,DSB+,3,2,1,DIRECT,1.0,0.0,16,0.798147843802
1577,260,-0.044194,-0.023697,-2.20089,DSB++,6,0,0,DIRECT,1.0,0.0,18,0.425205322096
1578,260,-0.043519,-0.023315,-1.62694,DSB+,4,0,0,DIRECT,1.0,0.0,23,0.003727547632
1579,260,-0.043558,-0.02332,-1.622155,DSB,2,0,0,DIRECT,1.0,0.0,23,0.003728582218
1580,260,-0.043558,-0.02333,-1.614823,DSB,2,0,0,DIRECT,1.0,0.0,23,0.003729831111
1581,260,0.552394,1.809032,3.360595,DSB,2,0,0,DIRECT,1.0,0.0,26,0.530293395054
1582,261,-0.025346,-0.136203,1.443491,DSB,2,0,0,DIRECT,1.0,0.0,13,0.42227587977
1583,261,0.105367,-0.014896,1.839067,DSB,2,0,0,DIRECT,1.0,0.0,13,0.429211558418
1584,261,0.088241,0.018506,3.954635,DSB,2,1,1,DIRECT,1.0,0.0,17,0.036201670252
1585,261,0.126957,-0.028703,-2.01425,DSB+,3,1,1,DIRECT,1.0,0.0,18,0.424275761684
1586,261,3.685333,1.12828,-0.705401,DSB,2,0,0,DIRECT,1.0,0.0,30,0.432607971836
1587,262,1.594014,-2.011948,-1.296327,DSB,2,0,0,DIRECT,1.0,0.0,9,0.168267159121
1588,262,0.067632,0.271373,2.007546,DSB,2,1,1,DIRECT,1.0,0.0,13,0.743215144342
1589,262,-0.088771,-0.046456,-0.162852,DSB,2,1,1,DIRECT,1.0,0.0,16,0.465511912798
1590,262,-0.015347,0.006528,-3.625347,DSB,2,1,1,DIRECT,1.0,0.0,18,0.715877147098
1591,262,-0.012558,0.006296,-3.626387,DSB,2,1,1,DIRECT,1.0,0.0,18,0.715877223817
1592,262,-0.015038,0.006592,-2.206888,DSB,2,0,0,DIRECT,1.0,0.0,18,0.425246206573
1593,262,-0.01471,0.006744,-1.988978,DSB,2,0,0,DIRECT,1.0,0.0,18,0.425894039319
1594,262,-0.01456,0.006663,-3.623027,DSB,2,0,0,DIRECT,1.0,0.0,18,0.715877991011
1595,262,-0.0148,0.006698,-1.929242,DSB+,3,0,0,DIRECT,1.0,0.0,22,0.003811335499
1596,262,0.701027,0.48159,-3.181401,DSB,2,0,0,DIRECT,1.0,0.0,22,0.54720071478
1597,263,0.056259,-0.028082,0.620507,DSB,2,1,1,DIRECT,1.0,0.0,13,0.993692362709
1598,263,0.055362,-0.02897,3.419238,DSB,2,0,0,DIRECT,1.0,0.0,13,0.258832783689
1599,263,0.05597,-0.026894,2.053867,DSB,2,0,0,DIRECT,1.0,0.0,13,0.473489585064
1600,263,0.152126,0.155963,1.9777,DSB,2,0,0,DIRECT,1.0,0.0,13,0.74190647916
1601,263,0.047629,-0.032007,-4.542494,DSB+,4,0,0,DIRECT,1.0,0.0,18,0.876282909145
1602,263,0.052189,-0.021243,-3.444471,DSB,2,1,1,DIRECT,1.0,0.0,18,0.700644833714
1603,263,0.106532,-0.156947,-2.303512,DSB,2,1,1,DIRECT,1.0,0.0,18,0.403696725336
1604,263,1.553072,0.389609,-0.276528,DSB,2,1,1,DIRECT,1.0,0.0,21,0.406834389788
1605,264,0.017792,0.051723,3.704849,DSB+,4,0,0,DIRECT,1.0,0.0,13,0.196163738716
1606,264,0.017413,0.051748,1.925781,DSB,2,0,0,DIRECT,1.0,0.0,13,0.430620587609
1607,264,0.131201,0.013949,2.990913,DSB,2,0,0,DIRECT,1.0,0.0,13,0.559287363835
1608,264,0.016649,0.051892,1.041541,DSB,2,0,0,DIRECT,1.0,0.0,13,0.904286459045
1609,264,0.017267,0.051818,-0.149436,DSB,2,1,1,DIRECT,1.0,0.0,16,0.710468361568
1610,264,0.018512,0.050023,-4.074499,DSB,2,0,0,DIRECT,1.0,0.0,18,0.88481632673
1611,264,0.016386,0.051638,-4.074113,DSB,2,0,0,DIRECT,1.0,0.0,18,0.884816501092
1612,265,0.045998,0.042474,3.987538,DSB+,3,0,0,DIRECT,1.0,0.0,17,0.036280133297
1613,265,0.045746,0.042195,4.424858,DSB+,3,0,0,DIRECT,1.0,0.0,17,0.038608770006
1614,265,0.043207,0.045881,4.445521,DSB,2,0,0,DIRECT,1.0,0.0,17,0.038603727448
1615,265,0.038424,0.035036,-4.342004,DSB,2,1,1,DIRECT,1.0,0.0,18,0.877092089809
1616,265,0.044415,0.040837,-4.495418,DSB,2,1,1,DIRECT,1.0,0.0,18,0.877840480794
1617,265,-1.733045,1.513551,-2.926749,DSB+,3,0,0,DIRECT,1.0,0.0,22,0.953187663343
1618,266,0.027059,-0.041189,-4.389213,DSB+,3,0,0,DIRECT,1.0,0.0,18,0.792484593345
1619,266,0.028813,-0.041157,-3.483929,DSB,2,1,1,DIRECT,1.0,0.0,18,0.700260518233
1620,266,0.029553,-0.041258,-2.086168,DSB,2,0,0,DIRECT,1.0,0.0,18,0.423134434745
1621,266,0.027732,-0.042379,-3.401381,DSB,2,0,0,DIRECT,1.0,0.0,18,0.698254382074
1622,266,-0.763101,-0.418243,-4.253573,DSB,2,1,1,DIRECT,1.0,0.0,19,0.249360311579
1623,266,-0.01614,-0.057786,-1.932714,DSB,2,4,1,DIRECT,1.0,0.0,22,0.003755238619
1624,267,-0.074753,0.008161,1.19755,DSB+,3,1,1,DIRECT,1.0,0.0,13,0.904598236213
1625,267,-0.073261,0.020516,0.704948,DSB+,3,0,0,DIRECT,1.0,0.0,13,0.917177023745
1626,267,-0.073766,0.020348,0.839394,DSB,2,1,1,DIRECT,1.0,0.0,13,0.916524959284
1627,267,-0.073871,0.021134,-0.85925,DSB,2,1,1,DIRECT,1.0,0.0,16,0.797618223876
1628,267,-0.07363,0.020665,-0.745126,DSB,2,0,0,DIRECT,1.0,0.0,16,0.796915323229
1629,267,-0.037839,0.002001,-1.003557,DSB,2,0,0,DIRECT,1.0,0.0,16,0.85222809781
1630,267,-0.076696,0.022122,-3.858632,DSB,2,1,1,DIRECT,1.0,0.0,18,0.71206615167
1631,267,-0.073824,0.021348,-2.459809,DSB,2,0,0,DIRECT,1.0,0.0,18,0.406461637499
1632,268,1.39887,-2.00046,3.08692,DSB,2,1,1,DIRECT,1.0,0.0,6,0.188332289421
1633,268,-0.032499,0.065122,3.386405,DSB,2,0,0,DIRECT,1.0,0.0,13,0.260719431324
1634,268,-0.032563,0.065026,3.374723,DSB,2,0,0,DIRECT,1.0,0.0,13,0.260721160889
1635,268,-0.032053,0.062201,-0.1148,DSB+,3,0,0,DIRECT,1.0,0.0,16,0.711344047351
1636,268,-0.031232,0.064944,-4.362918,DSB+,3,1,1,DIRECT,1.0,0.0,18,0.877020719823
1637,268,-0.03161,0.064959,-3.14693,DSB,2,0,0,DIRECT,1.0,0.0,18,0.623697764536
1638,268,-0.032507,0.06575,-4.410758,DSB,2,0,0,DIRECT,1.0,0.0,18,0.87577898111
1639,268,-0.03363,0.060417,-1.783981,DSB,2,0,0,DIRECT,1.0,0.0,22,0.003175097933
1640,269,0.020947,0.016531,1.947415,DSB,2,0,0,DIRECT,1.0,0.0,13,0.430582112482
1641,269,0.018952,0.015317,-4.235482,DSB+,4,2,1,DIRECT,1.0,0.0,18,0.885201283865
1642,269,0.019416,0.016522,-3.160747,DSB+,3,2,1,DIRECT,1.0,0.0,18,0.623393997472
1643,269,0.01791,0.0169,-3.173954,DSB,2,0,0,DIRECT,1.0,0.0,18,0.623391744711
1644,269,0.019596,0.015746,-4.380223,DSB,2,0,0,DIRECT,1.0,0.0,18,0.875871727917
1645,270,-1.059022,0.217841,0.953538,DSB,2,0,0,DIRECT,1.0,0.0,13,0.896985085118
1646,270,-0.037394,0.036969,-0.901401,DSB,2,1,1,DIRECT,1.0,0.0,16,0.797581999271
1647,270,-1.848227,0.382065,-3.680479,DSB,2,0,0,DIRECT,1.0,0.0,19,0.956235280846
1648,270,-0.037987,0.036258,-1.777935,DSB+,3,0,0,DIRECT,1.0,0.0,22,0.003148933941
1649,270,-0.051156,0.037974,-1.729526,DSB+,3,0,0,DIRECT,1.0,0.0,22,0.004797731096
1650,270,-0.037181,0.037275,-1.574923,DSB,2,0,0,DIRECT,1.0,0.0,23,0.004109280386
1651,271,-0.073686,-0.020622,1.715216,DSB+,3,0,0,DIRECT,1.0,0.0,13,0.430142901459
1652,271,-0.072479,-0.021166,1.014297,DSB,2,0,0,DIRECT,1.0,0.0,13,0.904199734595
1653,271,-0.073279,-0.021494,-1.208123,DSB+,3,0,0,DIRECT,1.0,0.0,16,0.847622590384
1654,271,-0.073106,-0.020816,0.290113,DSB,2,1,1,DIRECT,1.0,0.0,16,0.4942672169
1655,271,-0.073054,-0.021016,-1.193387,DSB,2,0,0,DIRECT,1.0,0.0,16,0.847635776971
1656,271,-0.073,-0.021332,-4.114489,DSB+,3,1,1,DIRECT,1.0,0.0,18,0.783571756373
1657,271,-0.072705,-0.021025,-3.837137,DSB,2,0,0,DIRECT,1.0,0.0,18,0.712018997124
1658,272,0.020455,0.088342,2.395385,DSB,2,1,1,DIRECT,1.0,0.0,13,0.480767212865
1659,272,-0.006262,-0.302896,1.092634,DSB,2,0,0,DIRECT,1.0,0.0,13,0.39989250846
1660,272,0.071377,0.067677,0.823185,DSB,2,0,0,DIRECT,1.0,0.0,13,0.917455939178
1661,272,0.069708,0.065993,-1.88364,DSB+,4,0,0,DIRECT,1.0,0.0,22,0.005127676789
1662,273,0.00367,0.028675,2.456595,DSB,2,1,1,DIRECT,1.0,0.0,13,0.480664196035
1663,273,0.004626,0.028771,-2.489745,DSB,2,1,1,DIRECT,1.0,0.0,18,0.404688791153
1664,273,0.005267,0.029007,-2.750817,DSB,2,0,0,DIRECT,1.0,0.0,18,0.606710947722
1665,273,0.004522,0.028453,-1.459492,DSB,2,0,0,DIRECT,1.0,0.0,23,0.003355517818
1666,274,0.009938,-0.0286,2.064609,DSB,2,1,1,DIRECT,1.0,0.0,13,0.47428811475
1667,274,0.009731,-0.023989,0.770709,DSB,2,1,1,DIRECT,1.0,0.0,13,0.918127995194
1668,274,0.010112,-0.023614,2.190203,DSB,2,0,0,DIRECT,1.0,0.0,13,0.473645959896
1669,274,0.00972,-0.023658,-3.760148,DSB+,3,1,1,DIRECT,1.0,0.0,18,0.715247503829
1670,274,-0.197108,-0.003013,-4.040471,DSB+,3,0,0,DIRECT,1.0,0.0,18,0.782637585821
1671,274,0.208283,0.471829,-3.892277,DSB,2,0,0,DIRECT,1.0,0.0,22,0.619403495905
1672,275,0.12658,0.016854,2.110437,DSB,2,0,0,DIRECT,1.0,0.0,13,0.477191112621
1673,275,0.126571,0.016673,2.362913,DSB,2,0,0,DIRECT,1.0,0.0,13,0.478517005748
1674,275,0.129449,0.016222,2.360701,DSB,2,0,0,DIRECT,1.0,0.0,13,0.478517713577
1675,275,0.126297,0.018984,2.464871,DSB,2,0,0,DIRECT,1.0,0.0,13,0.479912186109
1676,275,0.159134,0.023059,1.53312,DSB,2,0,0,DIRECT,1.0,0.0,13,0.825214336801
1677,275,0.126511,0.016777,1.354725,DSB,2,0,0,DIRECT,1.0,0.0,13,0.825632417587
1678,275,0.124937,0.019528,0.985687,DSB,2,0,0,DIRECT,1.0,0.0,13,0.916263567237
1679,275,0.062122,-0.694516,-2.319921,DSB+,3,0,0,DIRECT,1.0,0.0,15,0.462092454781
1680,275,0.050574,-0.70531,-2.312212,DSB,2,0,0,DIRECT,1.0,0.0,15,0.462079194527
1681,275,0.125204,0.015577,-0.970204,DSB+,3,2,1,DIRECT,1.0,0.0,16,0.852061159241
1682,275,0.155578,0.020273,-1.081938,DSB+,3,0,0,DIRECT,1.0,0.0,16,0.851899571654
1683,275,0.124581,0.018022,-0.984411,DSB,2,2,1,DIRECT,1.0,0.0,16,0.852058654526
1684,275,0.1271,0.016919,3.552484,DSB,2,0,0,DIRECT,1.0,0.0,17,0.016353672349
1685,275,0.126013,0.042733,3.540259,DSB,2,0,0,DIRECT,1.0,0.0,17,0.016376764895
1686,275,0.126914,0.017202,4.053301,DSB,2,0,0,DIRECT,1.0,0.0,17,0.037609652977
1687,275,0.154075,0.125214,-2.809074,DSB+,3,0,0,DIRECT,1.0,0.0,18,0.605890531149
1688,276,0.030385,0.070293,1.022225,DSB+,3,0,0,DIRECT,1.0,0.0,13,0.904306616786
1689,276,0.029974,0.069855,2.993946,DSB,2,0,0,DIRECT,1.0,0.0,13,0.559500383459
1690,276,0.029394,0.070323,4.172334,DSB,2,1,1,DIRECT,1.0,0.0,17,0.037116068116
1691,276,0.029644,0.070307,4.302134,DSB,2,0,0,DIRECT,1.0,0.0,17,0.039333322174
1692,276,0.031093,0.070041,-4.584598,DSB,2,2,1,DIRECT,1.0,0.0,18,0.876466979961
1693,277,-0.279837,-0.104659,2.39936,DSB,2,0,0,DIRECT,1.0,0.0,7,0.86720772852
1694,277,-0.045262,0.040846,-0.478338,DSB+,3,1,1,DIRECT,1.0,0.0,16,0.764285004393
1695,277,-0.044217,0.039626,-3.212129,DSB,2,2,1,DIRECT,1.0,0.0,18,0.622064966006
1696,277,-0.044848,0.040018,-2.76134,DSB,2,0,0,DIRECT,1.0,0.0,18,0.606661798471
1697,277,-0.044807,0.039933,-3.089896,DSB,2,0,0,DIRECT,1.0,0.0,18,0.621339151455
1698,278,0.093159,0.000423,1.571985,DSB+,3,0,0,DIRECT,1.0,0.0,13,0.422672153265
1699,278,0.092788,0.000328,1.599771,DSB,2,0,0,DIRECT,1.0,0.0,13,0.422693738975
1700,278,0.093804,-0.000535,2.583904,DSB,2,0,0,DIRECT,1.0,0.0,13,0.479224360892
1701,278,0.096426,0.00096,3.435834,DSB,2,0,0,DIRECT,1.0,0.0,17,0.017062469138
1702,279,0.0341252,0.0380193,0.88348,DSB+,3,1,1,DIRECT,1.0,0.0,13,0.917542048125
1703,279,0.035031,0.040435,-0.6887,DSB+,3,0,0,DIRECT,1.0,0.0,16,0.798030698159
1704,279,0.036549,0.041917,3.872239,DSB+,4,2,1,DIRECT,1.0,0.0,17,0.019255500783
1705,279,0.034403,0.039056,3.867638,DSB+,3,0,0,DIRECT,1.0,0.0,17,0.019243609272
1706,279,0.034152,0.037807,-3.667214,DSB+,3,0,0,DIRECT,1.0,0.0,18,0.71458987192
1707,279,0.033938,0.037695,-3.794164,DSB,2,0,0,DIRECT,1.0,0.0,18,0.715318294932
1708,279,0.034229,0.037254,-4.241018,DSB,2,0,0,DIRECT,1.0,0.0,18,0.885209562588
1709,280,0.0524651,0.0840365,0.81272,DSB+,3,0,0,DIRECT,1.0,0.0,13,0.917450128825
1710,280,0.052579,0.0842,2.857299,DSB,2,1,1,DIRECT,1.0,0.0,13,0.557571943132
1711,280,0.052644,0.083762,0.815787,DSB,2,0,0,DIRECT,1.0,0.0,13,0.917450067275
1712,280,-0.111819,-0.92437,-0.628574,DSB,2,0,0,DIRECT,1.0,0.0,16,0.039270177018
1713,280,0.052859,0.083567,-0.699741,DSB,2,0,0,DIRECT,1.0,0.0,16,0.7980675322
1714,280,0.053713,0.083396,3.862451,DSB+,3,2,1,DIRECT,1.0,0.0,17,0.01929149614
1715,280,0.050634,0.085066,-1.988329,DSB,2,0,0,DIRECT,1.0,0.0,18,0.425769684111
1716,281,-0.081184,-0.264364,3.469814,DSB,2,0,0,DIRECT,1.0,0.0,7,0.752367871742
1717,281,0.004323,0.006785,3.488797,DSB+,3,0,0,DIRECT,1.0,0.0,13,0.25960209542
1718,281,0.006132,-0.012705,3.247789,DSB,2,0,0,DIRECT,1.0,0.0,13,0.263477668916
1719,281,0.009814,-0.010466,3.238871,DSB,2,0,0,DIRECT,1.0,0.0,13,0.263488212492
1720,281,0.025956,-0.016165,2.312674,DSB,2,0,0,DIRECT,1.0,0.0,13,0.480848625519
1721,281,0.980897,-0.951837,-2.510537,DSB,2,0,0,DIRECT,1.0,0.0,15,0.369215803277
1722,281,0.011126,-0.010745,-3.456789,DSB+,3,1,1,DIRECT,1.0,0.0,18,0.70059442208
1723,281,0.010654,-0.009566,-2.136433,DSB+,3,0,0,DIRECT,1.0,0.0,18,0.425464626767
1724,281,0.010971,-0.010422,-2.459312,DSB,2,2,1,DIRECT,1.0,0.0,18,0.404645793404
1725,281,0.011235,-0.009818,-2.926122,DSB,2,1,1,DIRECT,1.0,0.0,18,0.607106610703
1726,281,0.011708,-0.010949,-3.631298,DSB,2,1,1,DIRECT,1.0,0.0,18,0.714533852794
1727,281,0.0117,-0.010324,-3.642944,DSB,2,0,0,DIRECT,1.0,0.0,18,0.714534787376
1728,281,0.623946,0.055216,-1.709593,DSB,2,1,1,DIRECT,1.0,0.0,22,0.01187603681
1729,281,0.63946,0.063625,-1.713839,DSB,2,0,0,DIRECT,1.0,0.0,22,0.011892174667
1730,282,0.0306232,0.0969438,2.0817,DSB,2,1,1,DIRECT,1.0,0.0,13,0.474185417982
1731,282,0.05736,-0.006178,1.907713,DSB,2,0,0,DIRECT,1.0,0.0,13,0.429771500462
1732,282,0.056103,-0.004339,0.474933,DSB,2,0,0,DIRECT,1.0,0.0,13,0.994358042108
1733,282,0.055366,-0.005494,4.268381,DSB+,3,0,0,DIRECT,1.0,0.0,17,0.039008248035
1734,282,0.057073,-0.006149,-3.944793,DSB,2,0,0,DIRECT,1.0,0.0,18,0.781039178516
1735,283,-0.068696,0.03893,2.76185,DSB,2,1,1,DIRECT,1.0,0.0,13,0.553716367347
1736,283,-0.068766,0.038818,2.231822,DSB,2,0,0,DIRECT,1.0,0.0,13,0.474919110524
1737,283,-0.070469,0.039405,0.925293,DSB,2,0,0,DIRECT,1.0,0.0,13,0.918965775541
1738,283,-0.242347,-0.100857,-0.935796,DSB,2,0,0,DIRECT,1.0,0.0,16,0.799154256944
1739,283,-0.110374,0.058764,-3.702811,DSB+,3,0,0,DIRECT,1.0,0.0,18,0.711842591275
1740,283,0.220974,-0.281921,-3.237054,DSB,2,3,1,DIRECT,1.0,0.0,18,0.226302033204
1741,284,-1.27649,-1.14697,3.8185,DSB,2,0,0,DIRECT,1.0,0.0,4,0.235663543644
1742,284,0.083481,0.042859,0.555849,DSB+,3,0,0,DIRECT,1.0,0.0,13,0.993829780031
1743,284,0.080309,0.047993,3.125073,DSB,2,1,1,DIRECT,1.0,0.0,13,0.558890068604
1744,284,0.083566,0.042908,1.668004,DSB,2,1,1,DIRECT,1.0,0.0,13,0.817717632823
1745,284,0.078315,0.045702,0.761485,DSB,2,1,1,DIRECT,1.0,0.0,13,0.917391065104
1746,284,0.081787,0.042185,-0.708256,DSB,2,2,1,DIRECT,1.0,0.0,16,0.797164113733
1747,284,0.083409,0.041663,3.71886,DSB+,3,0,0,DIRECT,1.0,0.0,17,0.019925721651
1748,284,0.083516,0.043457,3.569591,DSB,2,0,0,DIRECT,1.0,0.0,17,0.017701207145
1749,284,0.081381,0.050906,4.178112,DSB,2,0,0,DIRECT,1.0,0.0,17,0.037168411685
1750,284,-1.579078,1.047003,-2.980971,DSB,2,1,1,DIRECT,1.0,0.0,22,0.436842706096
1751,285,-0.001251,-0.039832,3.395262,DSB,2,1,1,DIRECT,1.0,0.0,13,0.260195847074
1752,285,-0.003906,-0.03521,1.956771,DSB,2,0,0,DIRECT,1.0,0.0,13,0.430529893161
1753,285,-0.00497,-0.034951,-0.309866,DSB+,4,0,0,DIRECT,1.0,0.0,16,0.710810020734
1754,285,-0.00301,-0.039281,-0.793966,DSB+,3,3,1,DIRECT,1.0,0.0,16,0.795542136803
1755,285,-0.002321,-0.034619,-0.793757,DSB,2,2,1,DIRECT,1.0,0.0,16,0.795541915799
1756,285,-0.005251,-0.031639,-3.257592,DSB+,3,1,1,DIRECT,1.0,0.0,18,0.621940359716
1757,285,-0.00251,-0.034684,-3.24651,DSB,2,2,1,DIRECT,1.0,0.0,18,0.621942040569
1758,286,-2.07362,-2.87102,0.686046,DSB,2,0,0,DIRECT,1.0,0.0,2,0.337635711438
1759,286,0.032076,-0.025711,0.751741,DSB+,3,0,0,DIRECT,1.0,0.0,13,0.918132316029
1760,286,0.084492,-0.040191,4.146934,DSB,2,0,0,DIRECT,1.0,0.0,17,0.035630319794
1761,286,0.032099,-0.016996,-2.618888,DSB,2,0,0,DIRECT,1.0,0.0,18,0.325426671577
1762,286,0.032233,-0.027048,-3.921084,DSB,2,0,0,DIRECT,1.0,0.0,18,0.781010848126
1763,287,0.0252131,0.0906251,2.85195,DSB,2,3,1,DIRECT,1.0,0.0,13,0.557538447429
1764,287,0.026603,0.09386,1.024161,DSB,2,1,1,DIRECT,1.0,0.0,13,0.904318391369
1765,287,0.027392,0.090987,2.389814,DSB,2,0,0,DIRECT,1.0,0.0,13,0.48075684163
1766,287,0.027105,0.093912,2.817809,DSB,2,0,0,DIRECT,1.0,0.0,13,0.557372636928
1767,287,0.196317,0.177308,2.994895,DSB,2,0,0,DIRECT,1.0,0.0,13,0.559039205114
1768,287,0.026786,0.094334,3.265263,DSB,2,0,0,DIRECT,1.0,0.0,13,0.632348626135
1769,288,0.010849,-0.048269,3.645788,DSB,2,1,1,DIRECT,1.0,0.0,13,0.196238128475
1770,288,0.010659,-0.048152,3.378466,DSB,2,0,0,DIRECT,1.0,0.0,13,0.260192708006
1771,288,0.010813,-0.048292,-0.792382,DSB,2,1,1,DIRECT,1.0,0.0,16,0.795531917031
1772,288,0.011708,-0.047269,-4.103841,DSB+,3,1,1,DIRECT,1.0,0.0,18,0.782163515591
1773,288,0.011582,-0.048067,-4.362303,DSB+,3,0,0,DIRECT,1.0,0.0,18,0.792511800842
1774,288,0.011709,-0.04767,-3.227656,DSB,2,1,1,DIRECT,1.0,0.0,18,0.621831536704
1775,288,0.011063,-0.048307,-2.470591,DSB,2,0,0,DIRECT,1.0,0.0,18,0.40460500657
1776,288,0.011202,-0.048518,-1.895058,DSB+,3,0,0,DIRECT,1.0,0.0,22,0.004025755089
1777,289,-0.01301,0.049465,2.222173,DSB+,3,0,0,DIRECT,1.0,0.0,13,0.474131136724
1778,289,0.258056,0.534934,0.294071,DSB+,3,1,1,DIRECT,1.0,0.0,17,0.764367022924
1779,289,-0.01858,0.058328,-4.541914,DSB+,3,0,0,DIRECT,1.0,0.0,18,0.876498253587
1780,289,-0.004313,0.047883,-3.632725,DSB,2,0,0,DIRECT,1.0,0.0,18,0.715927816788
1781,290,0.013603,-0.01018,3.616592,DSB,2,1,1,DIRECT,1.0,0.0,13,0.196274824797
1782,290,0.013774,-0.015665,3.640607,DSB,2,0,0,DIRECT,1.0,0.0,13,0.196272184287
1783,291,0.0212413,-0.0740238,4.39434,DSB,2,0,0,DIRECT,1.0,0.0,7,0.845648984793
1784,291,0.022438,-0.074378,-0.000393,DSB+,3,1,1,DIRECT,1.0,0.0,16,0.468727832605
1785,291,0.015179,-0.065061,-0.570562,DSB,2,3,1,DIRECT,1.0,0.0,16,0.765089212046
1786,291,0.000721,-0.048558,-1.770686,DSB,2,0,0,DIRECT,1.0,0.0,22,0.003239823982
1787,292,0.001527,-0.059686,3.526753,DSB,2,0,0,DIRECT,1.0,0.0,13,0.259531934171
1788,292,-0.043211,-0.089067,1.584802,DSB,2,0,0,DIRECT,1.0,0.0,13,0.42172887561
1789,292,0.001656,-0.059205,-0.919422,DSB,2,0,0,DIRECT,1.0,0.0,16,0.796218001264
1790,292,0.015742,-0.052346,-3.222443,DSB+,3,0,0,DIRECT,1.0,0.0,18,0.621830441709
1791,292,0.00103,-0.059374,-3.061096,DSB,2,0,0,DIRECT,1.0,0.0,18,0.307289537703
1792,292,0.026281,-0.062187,-3.210072,DSB,2,0,0,DIRECT,1.0,0.0,18,0.621853694668
1793,293,0.0233539,0.052871,0.630771,DSB+,3,0,0,DIRECT,1.0,0.0,13,0.994565275998
1794,293,0.043825,0.042385,1.003705,DSB,2,0,0,DIRECT,1.0,0.0,13,0.903856302079
1795,293,0.110731,-0.054794,-0.852516,DSB,2,0,0,DIRECT,1.0,0.0,16,0.797309112608
1796,293,0.029455,0.051582,3.725861,DSB,2,0,0,DIRECT,1.0,0.0,17,0.019997245075
1797,293,0.03149,0.047572,-1.434813,DSB,2,0,0,DIRECT,1.0,0.0,23,0.003370452809
1798,294,-3.580354,0.081072,-0.661433,DSB,2,1,1,DIRECT,1.0,0.0,12,0.846610924962
1799,294,-0.007786,0.110074,1.172093,DSB,2,1,1,DIRECT,1.0,0.0,13,0.904492443463
1800,294,-0.008041,0.110516,2.339663,DSB,2,0,0,DIRECT,1.0,0.0,13,0.481351898151
1801,294,-0.008052,0.110515,2.389893,DSB,2,0,0,DIRECT,1.0,0.0,13,0.481393315385
1802,294,-0.007666,0.110581,0.769469,DSB,2,0,0,DIRECT,1.0,0.0,13,0.918671521759
1803,294,-0.004994,0.10749,-0.26787,DSB,2,1,1,DIRECT,1.0,0.0,16,0.712095495264
1804,294,-0.007957,0.109802,4.202869,DSB+,3,1,1,DIRECT,1.0,0.0,17,0.038284518858
1805,294,-0.007565,0.110406,-1.449414,DSB+,3,2,1,DIRECT,1.0,0.0,23,0.004396681047
1806,295,-0.036208,-0.018824,3.394883,DSB,2,3,1,DIRECT,1.0,0.0,13,0.260645847875
1807,295,-0.027923,-0.033502,3.806592,DSB,2,0,0,DIRECT,1.0,0.0,13,0.196029663578
1808,295,-0.03718,-0.01865,-0.744694,DSB+,3,2,1,DIRECT,1.0,0.0,16,0.796819842699
1809,295,-0.037111,-0.003456,-0.632588,DSB+,3,1,1,DIRECT,1.0,0.0,16,0.7648857542
1810,295,-0.033687,-0.020129,-0.640285,DSB,2,0,0,DIRECT,1.0,0.0,16,0.764876358172
1811,295,-0.03687,-0.017112,-2.73637,DSB+,3,0,0,DIRECT,1.0,0.0,18,0.321405067388
1812,296,-0.124508,-0.328902,2.28278,DSB,2,0,0,DIRECT,1.0,0.0,7,0.912292379377
1813,296,0.022837,0.04065,2.048353,DSB+,3,0,0,DIRECT,1.0,0.0,13,0.474354275226
1814,296,0.136805,0.051532,-0.072067,DSB+,3,0,0,DIRECT,1.0,0.0,16,0.708714672807
1815,296,0.119864,0.047867,0.063892,DSB,2,0,0,DIRECT,1.0,0.0,16,0.682634819285
1816,296,0.022448,0.040058,4.249851,DSB,2,0,0,DIRECT,1.0,0.0,17,0.039100032362
1817,297,-0.04471,0.032359,2.487034,DSB,2,0,0,DIRECT,1.0,0.0,13,0.481458460281
1818,297,-0.07497,0.018757,-0.742243,DSB,2,0,0,DIRECT,1.0,0.0,16,0.796915222772
1819,297,-0.043676,0.031318,-3.361787,DSB+,3,0,0,DIRECT,1.0,0.0,18,0.699709589091
1820,297,-0.044508,0.031744,-3.093912,DSB,2,1,1,DIRECT,1.0,0.0,18,0.621327769083
1821,297,-0.043709,0.031932,-3.307391,DSB,2,0,0,DIRECT,1.0,0.0,18,0.701005129042
1822,298,-0.0136838,-0.0103203,4.57132,DSB,2,0,0,DIRECT,1.0,0.0,7,0.845817770032
1823,298,-0.027971,0.009423,2.085044,DSB,2,0,0,DIRECT,1.0,0.0,13,0.474743341175
1824,298,-0.05699,-0.191922,0.046649,DSB,2,1,1,DIRECT,1.0,0.0,16,0.494777221026
1825,298,-0.028088,0.009354,-1.016714,DSB,2,1,1,DIRECT,1.0,0.0,16,0.852237969333
1826,298,0.076138,-0.056144,-2.78777,DSB++,6,2,1,DIRECT,1.0,0.0,18,0.324796302961
1827,298,-0.03689,0.002684,-4.023069,DSB+,3,1,1,DIRECT,1.0,0.0,18,0.782959598158
1828,298,-0.027187,0.008716,-2.940555,DSB+,3,0,0,DIRECT,1.0,0.0,18,0.60706719087
1829,298,-0.037108,-0.0004,-4.021055,DSB+,3,0,0,DIRECT,1.0,0.0,18,0.782959723698
1830,298,-0.027039,0.007803,-1.939553,DSB+,4,2,1,DIRECT,1.0,0.0,22,0.003813518257
1831,298,-0.026483,0.009182,-1.88266,DSB+,3,1,1,DIRECT,1.0,0.0,22,0.005237025687
1832,299,0.272946,-0.0739488,2.55055,DSB+,3,0,0,DIRECT,1.0,0.0,13,0.477995446505
1833,299,0.041958,0.045818,0.637316,DSB+,3,0,0,DIRECT,1.0,0.0,13,0.994561539891
1834,299,0.03812,0.038291,3.44247,DSB,2,0,0,DIRECT,1.0,0.0,13,0.259489101279
1835,299,0.041442,0.045236,0.740207,DSB,2,0,0,DIRECT,1.0,0.0,13,0.918197651731
1836,299,0.041516,0.044688,-0.425523,DSB,2,0,0,DIRECT,1.0,0.0,16,0.765382283764
1837,299,0.044525,0.044073,3.714836,DSB,2,1,1,DIRECT,1.0,0.0,17,0.019987529607
1838,299,0.042455,0.046948,4.176599,DSB,2,0,0,DIRECT,1.0,0.0,17,0.037132165245
1839,299,0.04115,0.045141,4.444294,DSB,2,0,0,DIRECT,1.0,0.0,17,0.038603650729
1840,300,0.009939,-0.030245,2.212002,DSB+,3,0,0,DIRECT,1.0,0.0,13,0.473643473262
1841,300,-0.175194,0.095527,1.022855,DSB+,3,0,0,DIRECT,1.0,0.0,13,0.905277986023
1842,300,0.013534,-0.016595,2.085149,DSB,2,1,1,DIRECT,1.0,0.0,13,0.474295088405
1843,300,0.010006,-0.030202,1.943105,DSB,2,0,0,DIRECT,1.0,0.0,13,0.430545200734
1844,300,0.011055,-0.029188,-0.794614,DSB+,3,2,1,DIRECT,1.0,0.0,16,0.795555350178
1845,300,0.007814,-0.035322,-0.923972,DSB,2,0,0,DIRECT,1.0,0.0,16,0.796242023756
1846,300,0.011585,-0.029217,-4.3562,DSB+,3,1,1,DIRECT,1.0,0.0,18,0.792521404719
1847,300,0.011049,-0.028515,-4.057366,DSB,2,1,1,DIRECT,1.0,0.0,18,0.782215105915
1848,300,0.012759,-0.037766,-4.334076,DSB,2,0,0,DIRECT,1.0,0.0,18,0.792535667557
1849,300,0.713643,0.166738,-3.721396,DSB,2,0,0,DIRECT,1.0,0.0,18,0.9489152083
1850,301,-0.008137,0.098714,-3.936759,DSB+,4,0,0,DIRECT,1.0,0.0,18,0.956243607877
1851,301,-0.008003,0.098888,-3.947362,DSB,2,0,0,DIRECT,1.0,0.0,18,0.956242736066
1852,302,0.0420159,-0.0949662,2.04897,DSB,2,1,1,DIRECT,1.0,0.0,13,0.47343772889
1853,302,0.037875,0.001783,3.41419,DSB,2,0,0,DIRECT,1.0,0.0,13,0.259460935836
1854,302,0.037734,0.001943,1.788035,DSB,2,0,0,DIRECT,1.0,0.0,13,0.430421016738
1855,302,0.614053,0.560018,0.951826,DSB+,3,0,0,DIRECT,1.0,0.0,17,0.798680690977
1856,302,0.047123,0.011911,4.169572,DSB,2,2,1,DIRECT,1.0,0.0,17,0.036793553616
1857,302,0.613754,0.563927,0.968077,DSB,2,0,0,DIRECT,1.0,0.0,17,0.858714231313
1858,302,0.037249,0.001514,-3.522168,DSB+,3,1,1,DIRECT,1.0,0.0,18,0.699036215752
1859,302,0.03725,0.001928,-4.382426,DSB,2,1,1,DIRECT,1.0,0.0,18,0.87588516079
1860,303,0.0316123,0.0511646,0.738413,DSB+,4,2,1,DIRECT,1.0,0.0,13,0.918207327447
1861,303,0.030145,0.053326,3.20115,DSB+,3,0,0,DIRECT,1.0,0.0,13,0.263418278978
1862,303,0.032096,0.05163,2.357826,DSB,2,1,1,DIRECT,1.0,0.0,13,0.480718083371
1863,303,-1.014294,-0.634938,0.176904,DSB++,5,1,1,DIRECT,1.0,0.0,16,0.086549132592
1864,303,0.031746,0.052022,-0.160834,DSB,2,1,1,DIRECT,1.0,0.0,16,0.710471482416
1865,303,0.178335,0.073057,-2.988045,DSB+,3,1,1,DIRECT,1.0,0.0,18,0.625755079523
1866,303,0.03235,0.05141,-3.670635,DSB+,3,0,0,DIRECT,1.0,0.0,18,0.714601540247
1867,303,0.180448,0.093155,-2.990068,DSB,2,1,1,DIRECT,1.0,0.0,18,0.625767005906
1868,303,0.032149,0.051498,-1.595064,DSB,2,0,0,DIRECT,1.0,0.0,23,0.004147197971
1869,304,0.170018,0.023008,1.404543,DSB+,3,0,0,DIRECT,1.0,0.0,13,0.825877591116
1870,304,0.180974,0.02882,0.909925,DSB,2,1,1,DIRECT,1.0,0.0,13,0.915129723528
1871,304,0.180764,0.026813,-0.629658,DSB+,3,0,0,DIRECT,1.0,0.0,16,0.795388217393
1872,304,0.181138,0.026806,-0.625285,DSB,2,1,1,DIRECT,1.0,0.0,16,0.795388351335
1873,304,0.253988,-0.009581,-1.726825,DSB,2,1,1,DIRECT,1.0,0.0,22,0.006230617109
1874,304,0.181023,0.026912,-1.371263,DSB,2,2,1,DIRECT,1.0,0.0,23,0.007635401471
1875,305,-0.044758,0.023941,-0.54571,DSB+,3,3,1,DIRECT,1.0,0.0,16,0.766513115597
1876,305,-0.043468,0.025064,-1.007469,DSB,2,0,0,DIRECT,1.0,0.0,16,0.852242355932
1877,305,-0.044289,0.024807,-3.081469,DSB,2,1,1,DIRECT,1.0,0.0,18,0.621313401628
1878,305,-0.043936,0.025524,-1.443728,DSB,2,0,0,DIRECT,1.0,0.0,23,0.003311355766
1879,306,0.0177737,0.0749037,3.43458,DSB,2,1,1,DIRECT,1.0,0.0,13,0.260121149564
1880,306,0.017771,0.0758,-0.41446,DSB+,3,2,1,DIRECT,1.0,0.0,16,0.765868258701
1881,306,0.017477,0.075538,-0.292248,DSB,2,0,0,DIRECT,1.0,0.0,16,0.711191601303
1882,306,0.017834,0.074777,4.183397,DSB,2,0,0,DIRECT,1.0,0.0,17,0.037112811028
1883,306,0.018094,0.074631,4.054962,DSB,2,0,0,DIRECT,1.0,0.0,17,0.037850754222
1884,306,0.013399,0.077974,-1.706351,DSB,2,0,0,DIRECT,1.0,0.0,22,0.004864407076
1885,307,0.112357,0.0589684,1.2109,DSB+,3,0,0,DIRECT,1.0,0.0,13,0.907253383115
1886,307,0.046483,0.017737,3.375294,DSB,2,1,1,DIRECT,1.0,0.0,13,0.259432844254
1887,307,0.02787,0.009067,2.048561,DSB,2,1,1,DIRECT,1.0,0.0,13,0.474323303087
1888,307,0.046147,0.018806,-0.303607,DSB,2,0,0,DIRECT,1.0,0.0,16,0.710682970083
1889,307,0.046563,0.018673,4.169275,DSB,2,2,1,DIRECT,1.0,0.0,17,0.036781676054
1890,307,0.046691,0.018257,4.028815,DSB,2,0,0,DIRECT,1.0,0.0,17,0.037531475886
1891,308,0.089553,-0.038346,3.389191,DSB,2,1,1,DIRECT,1.0,0.0,13,0.258805707688
1892,308,0.090137,-0.038777,2.823873,DSB,2,0,0,DIRECT,1.0,0.0,13,0.312956349719
1893,308,0.090929,-0.039156,2.835649,DSB,2,0,0,DIRECT,1.0,0.0,13,0.312967521109
1894,308,0.090061,-0.039136,0.324159,DSB,2,1,1,DIRECT,1.0,0.0,16,0.494077581865
1895,308,0.09005,-0.038917,0.349313,DSB,2,0,0,DIRECT,1.0,0.0,16,0.494072619316
1896,308,0.09,-0.03839,3.977071,DSB,2,2,1,DIRECT,1.0,0.0,17,0.036146146314
1897,308,0.090171,-0.038715,3.435833,DSB,2,0,0,DIRECT,1.0,0.0,17,0.017026173877
1898,308,0.082846,-0.042363,-3.595278,DSB+,3,0,0,DIRECT,1.0,0.0,18,0.715856760655
1899,308,0.089399,-0.040204,-3.567096,DSB,2,1,1,DIRECT,1.0,0.0,18,0.715863491041
1900,308,0.092089,-0.040081,-3.825865,DSB,2,0,0,DIRECT,1.0,0.0,18,0.713857738479
1901,308,0.089691,-0.039037,-3.840182,DSB,2,0,0,DIRECT,1.0,0.0,18,0.713859984266
1902,309,-0.132888,0.0750829,1.20931,DSB,2,0,0,DIRECT,1.0,0.0,13,0.904858323393
1903,309,-0.132838,0.074058,-2.17722,DSB+,3,1,1,DIRECT,1.0,0.0,18,0.421247813496
1904,309,-0.132948,0.074719,-1.593469,DSB,2,1,1,DIRECT,1.0,0.0,23,0.005269118045
1905,309,-0.133703,0.074694,-1.590331,DSB,2,1,1,DIRECT,1.0,0.0,23,0.005269982663
1906,309,-0.133534,0.073161,-1.462137,DSB,2,0,0,DIRECT,1.0,0.0,23,0.004484923862
1907,310,-0.0108885,-0.0157306,3.77408,DSB+,3,2,1,DIRECT,1.0,0.0,13,0.196058382974
1908,310,-0.014496,-0.009884,-3.82647,DSB+,3,2,1,DIRECT,1.0,0.0,18,0.710418295211
1909,310,-0.005825,-0.010357,-3.189519,DSB,2,1,1,DIRECT,1.0,0.0,18,0.622171375844
1910,310,-0.014353,-0.009696,-3.334171,DSB,2,0,0,DIRECT,1.0,0.0,18,0.699828657633
1911,310,-2.557438,0.407559,-2.444325,DSB,2,0,0,DIRECT,1.0,0.0,19,0.392927112168
1912,310,-0.013682,-0.009741,-1.854473,DSB,2,4,1,DIRECT,1.0,0.0,22,0.005255324474
1913,310,-0.013901,-0.010034,-1.597088,DSB+,3,0,0,DIRECT,1.0,0.0,23,0.003760270116
1914,311,0.057766,0.024475,-0.285106,DSB,2,0,0,DIRECT,1.0,0.0,16,0.710679608139
1915,311,0.057484,0.019202,3.997107,DSB,2,0,0,DIRECT,1.0,0.0,17,0.036252116759
1916,311,0.057579,0.019273,3.981898,DSB,2,0,0,DIRECT,1.0,0.0,17,0.036261406783
1917,311,2.535553,0.331524,1.033967,DSB,2,0,0,DIRECT,1.0,0.0,17,0.742256380964
1918,311,0.055051,0.022716,-4.232915,DSB,2,1,1,DIRECT,1.0,0.0,18,0.88523648413
1919,311,-1.634283,0.471549,-2.887989,DSB,2,0,0,DIRECT,1.0,0.0,19,0.904997056892
1920,312,1.292379,-1.309598,-0.050665,DSB,2,0,0,DIRECT,1.0,0.0,10,0.132852968783
1921,312,0.053311,-0.042399,3.471116,DSB,2,0,0,DIRECT,1.0,0.0,13,0.258764210438
1922,312,0.03412,-0.104242,3.252563,DSB,2,0,0,DIRECT,1.0,0.0,13,0.262596975662
1923,312,0.034444,-0.104517,-0.147828,DSB,2,0,0,DIRECT,1.0,0.0,16,0.4681240758
1924,312,0.03434,-0.10384,-0.934656,DSB,2,0,0,DIRECT,1.0,0.0,16,0.796127409616
1925,312,0.03433,-0.103911,-2.222934,DSB,2,0,0,DIRECT,1.0,0.0,18,0.423748287762
1926,312,-0.063877,0.096264,-4.369186,DSB,2,0,0,DIRECT,1.0,0.0,18,0.877124207349
1927,312,-0.067187,0.096624,-4.370713,DSB,2,0,0,DIRECT,1.0,0.0,18,0.877125058237
1928,312,0.219125,0.77824,-2.684774,DSB,2,2,1,DIRECT,1.0,0.0,22,0.455915033964
1929,312,1.0052,2.161162,1.072353,DSB,2,1,1,DIRECT,1.0,0.0,29,0.909649753936
1930,313,-1.31869,-1.41575,3.34392,DSB,2,0,0,DIRECT,1.0,0.0,4,0.27510011807
1931,313,-0.550212,-1.024954,3.592767,DSB,2,0,0,DIRECT,1.0,0.0,4,0.868135373977
1932,313,-0.032021,-0.057138,4.571494,DSB,2,2,1,DIRECT,1.0,0.0,7,0.84578264458
1933,313,-0.030181,-0.054742,0.16314,DSB+,3,1,1,DIRECT,1.0,0.0,16,0.493666607732
1934,313,-0.030552,-0.053912,0.27355,DSB+,3,1,1,DIRECT,1.0,0.0,16,0.492971716815
1935,313,-0.028096,-0.055227,-2.731819,DSB+,3,0,0,DIRECT,1.0,0.0,18,0.320685815834
1936,313,-0.029703,-0.054086,-2.985984,DSB,2,1,1,DIRECT,1.0,0.0,18,0.307368900457
1937,313,-0.031706,-0.057376,-3.722692,DSB,2,0,0,DIRECT,1.0,0.0,18,0.71035366956
1938,313,-0.030068,-0.054914,-1.937263,DSB,2,0,0,DIRECT,1.0,0.0,22,0.003751047724
1939,313,-0.029978,-0.054289,-1.894861,DSB,2,0,0,DIRECT,1.0,0.0,22,0.00398963772
1940,314,2.845472,-0.911269,0.864596,DSB,2,0,0,DIRECT,1.0,0.0,10,0.676985161491
1941,314,-0.020886,0.049178,1.291837,DSB+,3,1,1,DIRECT,1.0,0.0,13,0.828075492741
1942,314,-0.022737,0.061004,1.190174,DSB+,3,1,1,DIRECT,1.0,0.0,13,0.904438574592
1943,314,1.139168,-0.490286,-0.423648,DSB+,3,1,1,DIRECT,1.0,0.0,16,0.394987530003
1944,314,-0.029017,0.042786,-3.090692,DSB+,3,1,1,DIRECT,1.0,0.0,18,0.621336243092
1945,314,-0.022711,0.059628,-4.36221,DSB,2,0,0,DIRECT,1.0,0.0,18,0.877033420375
1946,314,-0.074003,0.055912,-1.66226,DSB,2,1,1,DIRECT,1.0,0.0,23,0.003852156152
1947,315,0.134119,0.058512,2.12,DSB,2,0,0,DIRECT,1.0,0.0,13,0.477229624678
1948,315,0.271276,-0.041874,-0.69958,DSB,2,1,1,DIRECT,1.0,0.0,16,0.794010001447
1949,315,0.134647,0.058731,0.359903,DSB,2,0,0,DIRECT,1.0,0.0,16,0.622722176235
1950,315,0.139293,0.060345,-0.076006,DSB,2,0,0,DIRECT,1.0,0.0,16,0.708725964114
1951,315,0.133826,0.059158,-1.02343,DSB,2,0,0,DIRECT,1.0,0.0,16,0.851967721326
1952,315,0.133661,0.058762,-4.365136,DSB,2,0,0,DIRECT,1.0,0.0,18,0.875999967917
1953,315,0.134634,0.058689,-1.831295,DSB,2,0,0,DIRECT,1.0,0.0,22,0.003480509427
1954,316,-0.102315,-0.492904,4.14398,DSB,2,1,1,MIXED,1.0,0.0,7,0.227172173524
1955,316,-0.104118,-0.492251,4.146804,DSB,2,0,0,DIRECT,1.0,0.0,7,0.227172240001
1956,316,-0.048701,-0.050736,2.33265,DSB,2,1,1,DIRECT,1.0,0.0,13,0.481256279675
1957,316,-0.709127,1.078524,0.497258,DSB,2,0,0,DIRECT,1.0,0.0,23,0.142908547012
1958,317,0.000190819,0.0953207,3.67811,DSB+,3,1,1,DIRECT,1.0,0.0,13,0.196771967014
1959,317,0.001275,0.092827,3.257794,DSB,2,0,0,DIRECT,1.0,0.0,13,0.632326664968
1960,317,0.000607,0.095353,4.304758,DSB+,4,2,1,DIRECT,1.0,0.0,17,0.040499687543
1961,317,-0.00399,0.094658,4.306186,DSB,2,1,1,DIRECT,1.0,0.0,17,0.04049999442
1962,317,-0.238597,-0.073035,-4.432563,DSB,2,0,0,DIRECT,1.0,0.0,18,0.788116363834
1963,317,-0.000488,0.096232,-1.422866,DSB++,5,0,0,DIRECT,1.0,0.0,23,0.004377393404
1964,318,-0.0327302,-0.0205904,3.38832,DSB+,3,2,1,DIRECT,1.0,0.0,13,0.260646451068
1965,318,-0.030073,-0.021354,3.670815,DSB+,3,1,1,DIRECT,1.0,0.0,13,0.196682312767
1966,318,-0.032061,-0.021133,-0.875535,DSB+,3,0,0,DIRECT,1.0,0.0,16,0.79752850285
1967,318,-0.059726,0.042592,-0.47,DSB,2,1,1,DIRECT,1.0,0.0,16,0.764287174253
1968,318,-0.032401,-0.021237,-0.617397,DSB,2,0,0,DIRECT,1.0,0.0,16,0.764871904601
1969,318,-0.032305,-0.020833,-0.41913,DSB,2,0,0,DIRECT,1.0,0.0,16,0.765482130802
1970,318,-0.031714,-0.015787,-2.776264,DSB,2,0,0,DIRECT,1.0,0.0,18,0.321366219462
1971,318,-0.032146,-0.021132,-2.159494,DSB,2,0,0,DIRECT,1.0,0.0,18,0.425419201895
1972,319,-0.675942,0.238747,4.54945,DSB+,4,1,1,DIRECT,1.0,0.0,13,0.138383749229
1973,319,-0.075818,0.050089,0.938551,DSB+,3,2,1,DIRECT,1.0,0.0,13,0.91896214407
1974,319,-0.074916,0.050748,0.935483,DSB,2,2,1,DIRECT,1.0,0.0,13,0.918962907294
1975,319,-0.078736,0.058757,3.544655,DSB,2,1,1,DIRECT,1.0,0.0,13,0.260862548209
1976,319,-0.085603,0.057613,-3.071741,DSB+,3,1,1,MIXED,1.0,0.0,18,0.622676364002
1977,319,-0.076529,0.04843,-1.731182,DSB,2,0,0,DIRECT,1.0,0.0,22,0.004770526656
1978,319,-0.075214,0.050787,-1.598309,DSB,2,0,0,DIRECT,1.0,0.0,23,0.004058297455
1979,320,-0.0207854,0.0590851,1.17722,DSB,2,0,0,DIRECT,1.0,0.0,13,0.904447370138
1980,320,-0.028129,0.011419,-0.140522,DSB,2,1,1,DIRECT,1.0,0.0,16,0.710414135164
1981,320,-0.020812,0.05978,-3.008557,DSB,2,0,0,DIRECT,1.0,0.0,18,0.622971810495
1982,321,-0.025335,-0.053591,0.634162,DSB+,3,1,1,DIRECT,1.0,0.0,13,0.994674891025
1983,321,0.079219,-0.039214,1.656339,DSB,2,0,0,DIRECT,1.0,0.0,13,0.422772861956
1984,321,0.054308,-0.072042,-0.938146,DSB+,3,3,1,DIRECT,1.0,0.0,16,0.79615380288
1985,321,0.315406,0.023346,-0.080905,DSB,2,1,1,DIRECT,1.0,0.0,16,0.707639647893
1986,321,-0.020468,-0.055134,-1.141604,DSB,2,1,1,DIRECT,1.0,0.0,16,0.851597150787
1987,321,-0.02016,-0.055852,-2.494485,DSB+,3,1,1,DIRECT,1.0,0.0,18,0.405701382902
1988,322,-0.00371,0.034607,2.483279,DSB+,3,1,1,DIRECT,1.0,0.0,13,0.480669237009
1989,322,-0.004502,0.035945,1.017845,DSB+,3,0,0,DIRECT,1.0,0.0,13,0.904269668108
1990,322,-0.004757,0.035257,-3.248147,DSB+,3,0,0,DIRECT,1.0,0.0,18,0.62201059286
1991,322,-0.005506,0.040271,-2.773556,DSB+,4,2,1,DIRECT,1.0,0.0,18,0.606694801771
1992,322,-0.005007,0.035335,-3.245438,DSB+,4,1,1,DIRECT,1.0,0.0,18,0.622010481268
1993,322,-0.007883,0.022315,-2.081343,DSB,2,2,1,DIRECT,1.0,0.0,18,0.424531474491
1994,322,-0.004758,0.035452,-3.044429,DSB,2,0,0,DIRECT,1.0,0.0,18,0.622621084171
1995,322,-0.004622,0.034813,-1.721262,DSB+,3,1,1,DIRECT,1.0,0.0,22,0.004849149597
1996,322,-0.00564,0.035286,-1.712736,DSB,2,1,1,DIRECT,1.0,0.0,22,0.004849680735
1997,323,-1.728283,0.134022,-1.449383,DSB,2,0,0,DIRECT,1.0,0.0,16,0.833958366819
1998,323,0.056045,-0.084804,-4.384421,DSB+,3,2,1,DIRECT,1.0,0.0,18,0.791770028651
1999,323,0.029941,-0.090027,-2.306234,DSB,2,0,0,DIRECT,1.0,0.0,18,0.403964852741
2000,323,0.037199,-0.08016,-4.399016,DSB,2,0,0,DIRECT,1.0,0.0,18,0.79175285745
2001,323,0.036597,-0.080633,-1.906049,DSB,2,1,1,DIRECT,1.0,0.0,22,0.003678012643
2002,324,-0.062735,0.004935,0.785767,DSB,2,0,0,DIRECT,1.0,0.0,13,0.918576875778
2003,324,-0.034695,-0.030119,-0.761754,DSB,2,0,0,DIRECT,1.0,0.0,16,0.796814659144
2004,324,-0.035052,-0.029038,-2.990937,DSB,2,2,1,DIRECT,1.0,0.0,18,0.307373120025
2005,324,-0.034287,-0.029965,-2.995423,DSB,2,2,1,DIRECT,1.0,0.0,18,0.307373343209
2006,324,-0.034257,-0.03006,-2.736537,DSB,2,0,0,DIRECT,1.0,0.0,18,0.321394291796
2007,324,-0.028541,-0.046362,-2.46165,DSB,2,0,0,DIRECT,1.0,0.0,18,0.405739003317
2008,324,-0.031526,-0.048566,-2.458828,DSB,2,0,0,DIRECT,1.0,0.0,18,0.405739791435
2009,324,0.548775,1.168401,-3.981223,DSB,2,1,1,DIRECT,1.0,0.0,32,0.611102834583
2010,325,-2.414787,0.255089,2.172389,DSB,2,0,0,DIRECT,1.0,0.0,12,0.242170213034
2011,325,-0.045883,-0.014016,3.40629,DSB,2,0,0,DIRECT,1.0,0.0,13,0.26064153935
2012,325,-0.025508,-0.010535,-0.744104,DSB+,3,1,1,DIRECT,1.0,0.0,16,0.796830799151
2013,325,-0.02783,-0.012623,-0.690837,DSB,2,0,0,DIRECT,1.0,0.0,16,0.798157005433
2014,325,-0.033184,-0.021102,-3.813113,DSB+,3,1,1,DIRECT,1.0,0.0,18,0.710440411328
2015,325,-0.027558,-0.012002,-3.816567,DSB+,3,0,0,DIRECT,1.0,0.0,18,0.710429538093
2016,325,-0.027925,-0.012293,-1.869541,DSB,2,0,0,DIRECT,1.0,0.0,22,0.005241143823
2017,326,-0.0408912,-0.0859025,2.31574,DSB+,3,0,0,DIRECT,1.0,0.0,13,0.48095276872
2018,326,-0.040579,-0.085565,3.007517,DSB,2,0,0,DIRECT,1.0,0.0,13,0.261841506605
2019,326,-0.041714,-0.085068,1.699101,DSB,2,0,0,DIRECT,1.0,0.0,13,0.4289197051
2020,326,-0.061107,-0.072597,1.009056,DSB,2,0,0,DIRECT,1.0,0.0,13,0.903900987637
2021,326,-0.040883,-0.085486,0.86625,DSB,2,0,0,DIRECT,1.0,0.0,13,0.916564825449
2022,326,-0.040457,-0.0849,-1.719972,DSB,2,1,1,DIRECT,1.0,0.0,15,0.627495010662
2023,326,-0.011397,-0.167904,-0.479967,DSB,2,1,1,DIRECT,1.0,0.0,16,0.410816865169
2024,326,-0.056693,-0.033443,-4.126417,DSB,2,1,1,DIRECT,1.0,0.0,18,0.783562382654
2025,326,-0.040515,-0.084556,-2.70726,DSB,2,0,0,DIRECT,1.0,0.0,18,0.320791660738
2026,327,-0.0777478,-0.00984882,1.04374,DSB+,4,0,0,DIRECT,1.0,0.0,13,0.904194798256
2027,327,-0.073532,-0.003481,3.803473,DSB+,3,2,1,DIRECT,1.0,0.0,13,0.196850320616
2028,327,0.035249,-0.080472,3.221153,DSB+,3,0,0,DIRECT,1.0,0.0,13,0.262625855088
2029,327,-0.082959,-0.007769,0.572604,DSB+,3,0,0,DIRECT,1.0,0.0,13,0.993511293875
2030,327,-0.07373,-0.004166,0.700197,DSB,2,1,1,DIRECT,1.0,0.0,13,0.917153425339
2031,327,-0.073518,-0.003467,3.666619,DSB,2,0,0,DIRECT,1.0,0.0,13,0.197504348533
2032,327,-0.073338,-0.005198,-1.46732,DSB,2,1,1,DIRECT,1.0,0.0,16,0.885976523992
2033,327,0.736376,0.347031,0.186746,DSB,2,0,0,DIRECT,1.0,0.0,17,0.697634133447
2034,328,-0.007371,0.042869,2.201673,DSB+,3,0,0,DIRECT,1.0,0.0,13,0.474136343884
2035,328,-0.007805,0.043377,2.095082,DSB,2,2,1,DIRECT,1.0,0.0,13,0.47477116809
2036,328,-0.008058,0.042185,2.46722,DSB,2,2,1,DIRECT,1.0,0.0,13,0.480671483597
2037,328,-0.017227,0.032591,2.334249,DSB,2,1,1,DIRECT,1.0,0.0,13,0.481313847722
2038,328,-1.04173,0.524434,3.707062,DSB,2,1,1,DIRECT,1.0,0.0,13,0.688821409183
2039,328,-0.006889,0.043348,-0.530363,DSB,2,1,1,DIRECT,1.0,0.0,16,0.766539991053
2040,328,-0.006321,0.044119,-4.233496,DSB+,3,0,0,DIRECT,1.0,0.0,18,0.885181134555
2041,329,1.466158,-1.873438,3.773367,DSB,2,1,1,DIRECT,1.0,0.0,6,0.148127261197
2042,329,0.157119,-0.162374,2.506962,DSB,2,0,0,DIRECT,1.0,0.0,7,0.869535018578
2043,329,-0.026838,0.073149,2.351785,DSB+,3,1,1,DIRECT,1.0,0.0,13,0.482146420908
2044,329,-0.030652,0.050828,2.084509,DSB+,3,1,1,DIRECT,1.0,0.0,13,0.474774854957
2045,329,-0.025937,0.055212,1.176151,DSB,2,1,1,DIRECT,1.0,0.0,13,0.904435737121
2046,329,-0.025326,0.054632,-4.245465,DSB,2,0,0,DIRECT,1.0,0.0,18,0.885157825799
2047,329,-0.026307,0.054978,-1.849273,DSB,2,1,1,DIRECT,1.0,0.0,22,0.005605940885
2048,330,0.007002,0.011004,4.458861,DSB,2,0,0,DIRECT,1.0,0.0,7,0.845705459607
2049,330,0.006196,0.011999,3.2595,DSB+,3,1,1,DIRECT,1.0,0.0,13,0.263503089212
2050,330,0.006464,0.011106,2.33647,DSB+,3,1,1,DIRECT,1.0,0.0,13,0.48129613353
2051,330,0.0077,0.004641,-3.031926,DSB+,3,1,1,DIRECT,1.0,0.0,18,0.62264110794
2052,330,0.003251,-0.017631,-3.617646,DSB,2,1,1,DIRECT,1.0,0.0,18,0.715767584789
2053,330,0.005531,0.011058,-4.568974,DSB,2,1,1,DIRECT,1.0,0.0,18,0.876402521698
2054,330,0.005522,0.011206,-2.221493,DSB,2,1,1,DIRECT,1.0,0.0,18,0.423917265776
2055,330,0.005861,0.011063,-2.341949,DSB,2,0,0,DIRECT,1.0,0.0,18,0.403933858094
2056,330,0.011927,0.016958,-1.976868,DSB,2,0,0,DIRECT,1.0,0.0,18,0.425924343491
2057,330,0.005211,0.01093,-3.177053,DSB,2,0,0,DIRECT,1.0,0.0,18,0.623379504476
2058,330,-0.000644,-0.018732,-1.616476,DSB,2,0,0,DIRECT,1.0,0.0,23,0.003765443047
2059,331,0.0130327,-1.07435,3.05538,DSB+,3,1,1,DIRECT,1.0,0.0,7,0.076226194823
2060,331,-0.206385,-0.020417,3.08471,DSB,2,0,0,DIRECT,1.0,0.0,13,0.264716622166
2061,331,-0.206096,-0.024688,3.083285,DSB,2,0,0,DIRECT,1.0,0.0,13,0.264716714491
2062,331,0.001358,0.028939,-3.187717,DSB,2,0,0,DIRECT,1.0,0.0,18,0.623376045128
2063,331,0.000698,0.028764,-1.951621,DSB,2,1,1,DIRECT,1.0,0.0,22,0.003846696178
2064,331,-0.164277,0.174711,-1.612715,DSB,2,1,1,DIRECT,1.0,0.0,23,0.005428311304
2065,332,2.631101,-1.505247,-0.412442,DSB+,3,0,0,DIRECT,1.0,0.0,10,0.46459391991
2066,332,-0.118123,-0.076895,3.368872,DSB+,4,1,1,DIRECT,1.0,0.0,13,0.260280103355
2067,332,-0.104444,0.074914,3.68512,DSB+,3,0,0,DIRECT,1.0,0.0,13,0.197991925824
2068,332,-0.004558,0.010363,2.481938,DSB,2,2,1,DIRECT,1.0,0.0,13,0.480646641874
2069,332,-0.006878,0.008549,2.333934,DSB,2,1,1,DIRECT,1.0,0.0,13,0.481294545531
2070,332,-0.015081,1e-06,-0.632695,DSB++,5,1,1,DIRECT,1.0,0.0,16,0.764893656776
2071,332,-0.045552,-0.059736,-1.461581,DSB,2,0,0,DIRECT,1.0,0.0,16,0.885279891828
2072,332,-0.004403,0.528113,-0.059868,DSB,2,1,1,DIRECT,1.0,0.0,17,0.688384902734
2073,332,-0.012515,0.009553,-3.628995,DSB+,4,1,1,DIRECT,1.0,0.0,18,0.715889296664
2074,332,-0.017457,-0.029667,-2.13821,DSB,2,1,1,DIRECT,1.0,0.0,18,0.425436066219
2075,332,-0.006799,0.00889,-4.384396,DSB,2,0,0,DIRECT,1.0,0.0,18,0.875845434078
2076,333,-0.113505,-0.061658,3.063712,DSB,2,0,0,DIRECT,1.0,0.0,13,0.263083014195
2077,333,-0.020378,-0.038517,0.135961,DSB,2,0,0,DIRECT,1.0,0.0,16,0.49368503145
2078,333,-0.018093,-0.041342,-1.035062,DSB,2,0,0,DIRECT,1.0,0.0,16,0.850914254372
2079,334,0.0178721,0.0372152,0.63234,DSB+,3,1,1,DIRECT,1.0,0.0,13,0.994543542568
2080,334,0.018058,0.037453,3.710161,DSB,2,0,0,DIRECT,1.0,0.0,13,0.196166169955
2081,334,0.017982,0.039769,2.46386,DSB,2,0,0,DIRECT,1.0,0.0,13,0.480677220091
2082,334,0.017486,0.037529,-0.125705,DSB,2,1,1,DIRECT,1.0,0.0,16,0.710452804209
2083,334,0.368538,0.254549,4.484971,DSB+,3,0,0,DIRECT,1.0,0.0,17,0.044017210259
2084,334,0.016266,0.037108,-4.368704,DSB+,3,0,0,DIRECT,1.0,0.0,18,0.87706306197
2085,334,0.016578,0.038409,-2.775701,DSB,2,0,0,DIRECT,1.0,0.0,18,0.606719421731
2086,334,0.014332,0.035768,-4.350019,DSB,2,0,0,DIRECT,1.0,0.0,18,0.877066242339
2087,335,-0.095109,-0.026447,3.448954,DSB,2,0,0,DIRECT,1.0,0.0,13,0.258571071579
2088,335,0.036764,-0.098605,3.50252,DSB,2,0,0,DIRECT,1.0,0.0,13,0.258704395803
2089,335,0.020786,-0.043502,-2.201386,DSB,2,0,0,DIRECT,1.0,0.0,18,0.423863876033
2090,335,0.020752,-0.04445,-3.348017,DSB,2,0,0,DIRECT,1.0,0.0,18,0.69950640119
2091,336,0.047831,0.043088,2.724536,DSB,2,1,1,DIRECT,1.0,0.0,13,0.557916231198
2092,336,0.048429,0.030274,0.89008,DSB,2,0,0,DIRECT,1.0,0.0,13,0.917538293553
2093,336,0.039448,0.031352,3.973428,DSB,2,1,1,DIRECT,1.0,0.0,17,0.036270292287
2094,336,0.039921,0.030723,-4.35328,DSB,2,2,1,DIRECT,1.0,0.0,18,0.877089202369
2095,336,0.038588,0.031439,-4.216443,DSB,2,0,0,DIRECT,1.0,0.0,18,0.885229962979
2096,337,2.0767,-3.8055,-0.0622836,DSB,2,0,0,DIRECT,1.0,0.0,5,0.057663259495
2097,337,-0.071827,0.05047,2.760997,DSB++,5,0,0,DIRECT,1.0,0.0,13,0.553726646257
2098,337,-0.071734,0.050703,-0.134562,DSB+,3,1,1,DIRECT,1.0,0.0,16,0.711519926546
2099,337,-0.071785,0.05004,-2.903148,DSB+,4,0,0,DIRECT,1.0,0.0,18,0.607375526225
2100,337,-0.071343,0.051011,-1.734637,DSB,2,0,0,DIRECT,1.0,0.0,22,0.004783070238
2101,338,0.027705,-0.015038,3.61844,DSB+,3,0,0,DIRECT,1.0,0.0,13,0.196278333167
2102,338,0.034486,-0.017552,3.618954,DSB,2,0,0,DIRECT,1.0,0.0,13,0.19627885019
2103,338,0.028498,-0.014862,3.097418,DSB,2,0,0,DIRECT,1.0,0.0,13,0.26331891824
2104,338,0.028066,-0.013695,-3.401725,DSB,2,0,0,DIRECT,1.0,0.0,18,0.698290391381
2105,338,0.027933,-0.014317,-3.330354,DSB,2,0,0,DIRECT,1.0,0.0,18,0.699865190027
2106,339,0.0917149,0.0433821,0.972048,DSB+,3,1,1,DIRECT,1.0,0.0,13,0.916356729854
2107,339,0.074045,0.045533,0.759858,DSB+,3,1,1,DIRECT,1.0,0.0,13,0.917391828329
2108,339,0.091484,0.054322,3.117452,DSB,2,2,1,DIRECT,1.0,0.0,13,0.558900082847
2109,339,0.09298,0.049196,3.129668,DSB,2,1,1,DIRECT,1.0,0.0,13,0.558901006102
2110,339,0.092415,0.046814,0.520081,DSB,2,0,0,DIRECT,1.0,0.0,13,0.993799294141
2111,339,0.091486,0.047498,-0.693916,DSB,2,0,0,DIRECT,1.0,0.0,16,0.797171848881
2112,339,0.09092,0.047576,3.956554,DSB,2,1,1,DIRECT,1.0,0.0,17,0.036224825568
2113,339,0.091539,0.047308,4.328579,DSB,2,0,0,DIRECT,1.0,0.0,17,0.039405612793
2114,339,0.091472,0.04755,-2.021821,DSB,2,1,1,DIRECT,1.0,0.0,18,0.424833393314
2115,339,0.086688,0.042652,-2.126048,DSB,2,0,0,DIRECT,1.0,0.0,18,0.425556480838
2116,339,0.219012,0.021574,-3.456239,DSB,2,0,0,DIRECT,1.0,0.0,18,0.698583864092
2117,340,-0.026477,-0.081768,0.477612,DSB,2,0,0,DIRECT,1.0,0.0,13,0.99426916955
2118,340,0.005326,-0.07035,-0.454746,DSB,2,0,0,DIRECT,1.0,0.0,16,0.764357306266
2119,340,-0.005019,-0.0553,-0.771253,DSB,2,0,0,DIRECT,1.0,0.0,16,0.795514846127
2120,340,0.112202,-0.003683,4.307566,DSB,2,1,1,DIRECT,1.0,0.0,17,0.039063179141
2121,340,0.000174,-0.053081,-2.201202,DSB,2,2,1,DIRECT,1.0,0.0,18,0.423853756043
2122,340,0.011885,-0.047744,-2.328778,DSB,2,1,1,DIRECT,1.0,0.0,18,0.403879450075
2123,340,0.00107,-0.053668,-4.050609,DSB,2,1,1,DIRECT,1.0,0.0,18,0.782207566488
2124,340,-4.6e-05,-0.053362,-2.206686,DSB,2,0,0,DIRECT,1.0,0.0,18,0.42385407687
2125,340,9e-05,-0.053519,-4.078113,DSB,2,0,0,DIRECT,1.0,0.0,18,0.782184487891
2126,341,1.390189,-0.827329,-2.793025,DSB,2,1,1,DIRECT,1.0,0.0,15,0.819773370194
2127,341,-0.063941,-0.013506,-0.617171,DSB,2,1,1,DIRECT,1.0,0.0,16,0.764944487752
2128,341,-0.064246,-0.013548,-2.538801,DSB,2,1,1,DIRECT,1.0,0.0,18,0.406383014041
2129,341,0.773046,1.927523,1.669162,DSB,2,0,0,DIRECT,1.0,0.0,29,0.331918555492
2130,342,0.000616314,-0.0119539,4.56818,DSB+,3,0,0,DIRECT,1.0,0.0,7,0.845816149015
2131,342,-0.008124,0.003335,1.158989,DSB,2,1,1,DIRECT,1.0,0.0,13,0.903594072947
2132,342,0.886089,0.44255,0.529664,DSB,2,0,0,DIRECT,1.0,0.0,17,0.757797636484
2133,342,-0.007108,0.003288,-3.492346,DSB+,4,2,1,DIRECT,1.0,0.0,18,0.70035972342
2134,342,-0.010037,0.002126,-3.247905,DSB+,3,0,0,DIRECT,1.0,0.0,18,0.621974241803
2135,342,-0.007172,0.004025,-4.549625,DSB,2,0,0,DIRECT,1.0,0.0,18,0.876386752369
2136,342,-0.010375,-0.000944,-1.960008,DSB,2,0,0,DIRECT,1.0,0.0,22,0.00381802929
2137,343,0.008697,0.071238,1.156984,DSB+,3,2,1,DIRECT,1.0,0.0,13,0.903658768525
2138,343,0.014366,0.068263,3.423002,DSB+,3,0,0,DIRECT,1.0,0.0,13,0.260110285926
2139,343,0.00848,0.070065,3.470688,DSB,2,1,1,DIRECT,1.0,0.0,13,0.260144840295
2140,343,0.007976,0.069934,3.713804,DSB,2,1,1,DIRECT,1.0,0.0,13,0.196172521952
2141,343,0.011882,0.071984,2.38889,DSB,2,0,0,DIRECT,1.0,0.0,13,0.480753831817
2142,343,0.008283,0.069688,0.886897,DSB,2,0,0,DIRECT,1.0,0.0,13,0.918000450549
2143,343,0.951508,0.229206,0.919961,DSB,2,2,1,DIRECT,1.0,0.0,16,0.607499973212
2144,343,0.053214,0.047553,3.992986,DSB+,3,0,0,DIRECT,1.0,0.0,17,0.036278375724
2145,343,-0.003428,0.069454,-4.203915,DSB,2,0,0,DIRECT,1.0,0.0,18,0.885531930623
2146,343,0.149143,0.525855,-2.279961,DSB+,4,0,0,DIRECT,1.0,0.0,22,0.258318708855
2147,344,-1.60761,-3.45931,2.50978,DSB+,3,1,1,DIRECT,1.0,0.0,2,0.009890014049
2148,344,-0.560473,-0.633378,1.328419,DSB,2,1,1,DIRECT,1.0,0.0,11,0.846893924829
2149,344,-0.035135,-0.070613,1.4622,DSB,2,1,1,DIRECT,1.0,0.0,13,0.422387181277
2150,344,-0.03588,-0.071983,-1.725923,DSB+,3,0,0,DIRECT,1.0,0.0,15,0.627486096824
2151,344,-0.035342,-0.072236,-1.238808,DSB+,3,0,0,DIRECT,1.0,0.0,16,0.846900422185
2152,344,0.002561,-0.087788,0.261127,DSB,2,0,0,DIRECT,1.0,0.0,16,0.492880924253
2153,344,0.002196,-0.0865,0.259277,DSB,2,0,0,DIRECT,1.0,0.0,16,0.492881701117
2154,344,-0.036056,-0.071279,-0.576186,DSB,2,0,0,DIRECT,1.0,0.0,16,0.765037289443
2155,344,-0.036418,-0.07175,-1.234778,DSB,2,0,0,DIRECT,1.0,0.0,16,0.846912061742
2156,344,-0.036646,-0.070926,-2.963575,DSB,2,2,1,DIRECT,1.0,0.0,18,0.307467422144
2157,345,0.0280346,-0.0179491,2.20603,DSB+,3,2,1,DIRECT,1.0,0.0,13,0.473652004141
2158,345,0.027859,-0.016864,0.771226,DSB,2,1,1,DIRECT,1.0,0.0,13,0.918136913841
2159,345,0.028624,-0.017581,0.639985,DSB,2,0,0,DIRECT,1.0,0.0,13,0.994504593503
2160,345,0.034312,0.015486,-3.407933,DSB+,3,0,0,DIRECT,1.0,0.0,18,0.698315534427
2161,345,0.028502,-0.017194,-3.775684,DSB+,3,0,0,DIRECT,1.0,0.0,18,0.715269633895
2162,345,0.026165,-0.020155,-2.140873,DSB,2,1,1,DIRECT,1.0,0.0,18,0.425478798937
2163,345,0.027854,-0.016784,-2.132587,DSB,2,0,0,DIRECT,1.0,0.0,18,0.425476908849
2164,345,-0.047313,0.015158,-2.944146,DSB,2,0,0,DIRECT,1.0,0.0,18,0.607041441042
2165,345,0.027917,-0.017102,-4.384907,DSB,2,0,0,DIRECT,1.0,0.0,18,0.875876986684
2166,346,0.056731,0.077085,1.805577,DSB+,3,0,0,DIRECT,1.0,0.0,13,0.817342637285
2167,346,0.132085,-0.008461,2.302223,DSB,2,1,1,DIRECT,1.0,0.0,13,0.477643310769
2168,346,0.075028,0.063092,0.747522,DSB,2,0,0,DIRECT,1.0,0.0,13,0.917384399201
2169,346,0.057671,0.076355,3.729925,DSB+,4,1,1,DIRECT,1.0,0.0,17,0.020016599293
2170,346,0.057438,0.075432,3.840665,DSB,2,1,1,DIRECT,1.0,0.0,17,0.019298198628
2171,346,0.057662,0.076306,4.46553,DSB,2,0,0,DIRECT,1.0,0.0,17,0.039824200932
2172,346,0.060606,0.117726,-2.001764,DSB+,3,1,1,DIRECT,1.0,0.0,18,0.425808294904
2173,346,0.053967,0.0742,-2.89393,DSB+,3,0,0,DIRECT,1.0,0.0,18,0.607467017623
2174,347,-0.045836,0.043413,2.50777,DSB+,3,1,1,DIRECT,1.0,0.0,13,0.481464005968
2175,347,-0.045842,0.043533,3.908594,DSB,2,0,0,DIRECT,1.0,0.0,13,0.193643645603
2176,347,-0.045556,0.041508,-0.128417,DSB,2,0,0,DIRECT,1.0,0.0,16,0.711545154515
2177,347,-0.050924,0.060694,-2.064707,DSB+,3,0,0,DIRECT,1.0,0.0,18,0.424623565696
2178,347,-0.043817,0.043873,-1.83595,DSB+,4,0,0,DIRECT,1.0,0.0,22,0.005586681684
2179,348,0.088206,0.008481,2.688068,DSB+,3,1,1,DIRECT,1.0,0.0,13,0.556883730148
2180,348,0.097315,0.015118,2.644586,DSB+,3,0,0,DIRECT,1.0,0.0,13,0.556730888307
2181,348,0.088117,0.008237,1.827391,DSB,2,0,0,DIRECT,1.0,0.0,13,0.429825006186
2182,348,0.087954,0.008424,2.8272,DSB,2,0,0,DIRECT,1.0,0.0,13,0.55623025003
2183,349,0.01699,-0.020063,2.076885,DSB+,3,2,1,DIRECT,1.0,0.0,13,0.474294694483
2184,349,0.015419,-0.020223,3.494477,DSB,2,0,0,DIRECT,1.0,0.0,13,0.259582017694
2185,349,0.019066,-0.019934,3.384027,DSB,2,0,0,DIRECT,1.0,0.0,13,0.260216041746
2186,349,0.018545,-0.019703,3.370673,DSB,2,0,0,DIRECT,1.0,0.0,13,0.260225508191
2187,349,0.018651,-0.020105,2.208929,DSB,2,0,0,DIRECT,1.0,0.0,13,0.473653653691
2188,349,0.018172,-0.020331,0.754962,DSB,2,0,0,DIRECT,1.0,0.0,13,0.91814110542
2189,349,0.016976,-0.020728,-0.920728,DSB+,4,0,0,DIRECT,1.0,0.0,16,0.796255223737
2190,349,0.016497,-0.020423,-2.345478,DSB+,3,2,1,DIRECT,1.0,0.0,18,0.403902710009
2191,349,0.039061,-0.080533,-2.36786,DSB,2,0,0,DIRECT,1.0,0.0,18,0.403794514701
2192,349,-0.001533,-0.012796,-3.255814,DSB,2,0,0,DIRECT,1.0,0.0,18,0.621965781743
2193,349,0.004074,-0.012974,-3.255943,DSB,2,0,0,DIRECT,1.0,0.0,18,0.621966779095
2194,349,0.02115,-0.018428,-4.385939,DSB,2,0,0,DIRECT,1.0,0.0,18,0.875877147098
2195,350,0.009671,0.019818,1.039282,DSB,2,0,0,DIRECT,1.0,0.0,13,0.904252070862
2196,350,0.178075,0.323087,1.456113,DSB,2,1,1,DIRECT,1.0,0.0,17,0.659881873014
2197,350,0.009826,0.019085,-2.48828,DSB+,3,0,0,DIRECT,1.0,0.0,18,0.40467762499
2198,350,0.015799,-0.037414,-3.763451,DSB,2,1,1,DIRECT,1.0,0.0,18,0.715245816002
2199,351,-0.569698,-1.355185,-0.041047,DSB+,4,1,1,DIRECT,1.0,0.0,11,0.43287429107
2200,351,0.101763,0.029013,1.25645,DSB+,4,0,0,DIRECT,1.0,0.0,13,0.907409665622
2201,351,0.101522,0.027712,2.383258,DSB+,3,0,0,DIRECT,1.0,0.0,13,0.479698723323
2202,351,0.255648,-0.10145,1.652473,DSB,2,0,0,DIRECT,1.0,0.0,13,0.424361396602
2203,351,0.094416,0.028382,2.524251,DSB,2,0,0,DIRECT,1.0,0.0,13,0.479054771199
2204,351,0.101487,0.027433,1.232406,DSB,2,0,0,DIRECT,1.0,0.0,13,0.907228399826
2205,351,0.100672,0.029993,0.539408,DSB,2,0,0,DIRECT,1.0,0.0,13,0.993816411294
2206,351,0.10096,0.030158,1.255537,DSB+,3,0,0,DIRECT,1.0,0.0,13,0.907409634846
2207,351,0.101789,0.027472,-0.597953,DSB,2,1,1,DIRECT,1.0,0.0,16,0.765207147947
2208,351,0.09332,-0.054257,3.601476,DSB+,3,0,0,DIRECT,1.0,0.0,17,0.017546952286
2209,351,0.33847,-0.251003,-4.195145,DSB+,3,1,1,DIRECT,1.0,0.0,18,0.794096782248
2210,352,-0.0229723,-0.132364,2.8791,DSB,2,0,0,DIRECT,1.0,0.0,13,0.311995505593
2211,352,-0.044594,-0.052694,1.997348,DSB,2,0,0,DIRECT,1.0,0.0,13,0.473219231285
2212,352,-0.044604,-0.052849,0.740834,DSB,2,0,0,DIRECT,1.0,0.0,13,0.918281101702
2213,352,-0.044903,-0.053478,-0.732995,DSB+,4,1,1,DIRECT,1.0,0.0,16,0.796783879281
2214,352,-0.044941,-0.053007,-0.832864,DSB,2,1,1,DIRECT,1.0,0.0,16,0.797706993914
2215,352,-0.045037,-0.053061,-0.716201,DSB,2,0,0,DIRECT,1.0,0.0,16,0.796992587652
2216,352,-0.044624,-0.052809,-0.887784,DSB,2,0,0,DIRECT,1.0,0.0,16,0.797500582648
2217,352,-0.045531,-0.053467,-2.474085,DSB+,3,2,1,DIRECT,1.0,0.0,18,0.405729524981
2218,352,-0.293009,-0.360099,-4.152573,DSB,2,1,1,DIRECT,1.0,0.0,18,0.13347263488
2219,353,-0.0336214,0.0600678,3.52224,DSB,2,0,0,DIRECT,1.0,0.0,13,0.260066480538
2220,353,-0.034418,0.060283,-2.339532,DSB,2,0,0,DIRECT,1.0,0.0,18,0.405310037132
2221,353,-0.034552,0.060356,-4.382155,DSB,2,0,0,DIRECT,1.0,0.0,18,0.877011025278
2222,353,-3.851509,2.314961,-1.009911,DSB,2,0,0,DIRECT,1.0,0.0,27,0.58092952543
2223,354,0.01437,-0.113285,2.04557,DSB+,3,0,0,DIRECT,1.0,0.0,13,0.473421534992
2224,354,0.014361,-0.113083,1.670393,DSB,2,0,0,DIRECT,1.0,0.0,13,0.42885037478
2225,354,0.014517,-0.113088,0.862297,DSB,2,0,0,DIRECT,1.0,0.0,13,0.916613333284
2226,354,0.009852,-0.11461,-1.720228,DSB,2,0,0,DIRECT,1.0,0.0,15,0.626802751704
2227,354,0.016373,-0.114362,-0.723174,DSB+,3,0,0,DIRECT,1.0,0.0,16,0.796714269641
2228,354,0.014392,-0.113156,-0.921748,DSB,2,0,0,DIRECT,1.0,0.0,16,0.796112843427
2229,354,0.015404,-0.112885,-3.063854,DSB,2,0,0,DIRECT,1.0,0.0,18,0.306567789281
2230,355,0.0871812,-0.0684149,4.17316,DSB+,3,0,0,DIRECT,1.0,0.0,7,0.808834447591
2231,355,0.096175,-0.067346,3.13585,DSB,2,0,0,DIRECT,1.0,0.0,13,0.262083467205
2232,355,0.096311,-0.067271,-3.212217,DSB,2,1,1,DIRECT,1.0,0.0,18,0.621919757064
2233,355,0.096186,-0.067423,-3.699038,DSB,2,1,1,DIRECT,1.0,0.0,18,0.713108350142
2234,355,0.097716,-0.068747,-4.080483,DSB,2,1,1,DIRECT,1.0,0.0,18,0.780382258006
2235,355,0.096295,-0.067958,-3.738431,DSB,2,0,0,DIRECT,1.0,0.0,18,0.71541816967
2236,355,0.095523,-0.066888,-4.080912,DSB,2,0,0,DIRECT,1.0,0.0,18,0.780382160363
2237,356,-0.052356,0.008919,2.6171,DSB+,3,2,1,DIRECT,1.0,0.0,13,0.553899892041
2238,356,-0.051365,0.008734,3.397929,DSB+,3,0,0,DIRECT,1.0,0.0,13,0.260664830004
2239,356,-0.098718,-0.048689,0.105248,DSB+,4,0,0,DIRECT,1.0,0.0,16,0.495359681057
2240,356,-0.052043,0.008649,-0.159796,DSB,2,0,0,DIRECT,1.0,0.0,16,0.710391425303
2241,356,-0.051819,0.009352,-0.387186,DSB,2,0,0,DIRECT,1.0,0.0,16,0.765808085273
2242,356,-0.052914,0.007379,-2.490641,DSB,2,1,1,DIRECT,1.0,0.0,18,0.406426318667
2243,356,-0.052029,0.008854,-4.025928,DSB,2,0,0,DIRECT,1.0,0.0,18,0.782962743654
2244,356,-0.051026,0.014257,-1.744214,DSB,2,1,1,DIRECT,1.0,0.0,22,0.00443700124
2245,357,-0.030647,0.051889,1.304882,DSB+,3,1,1,DIRECT,1.0,0.0,13,0.828073239998
2246,357,-0.029726,0.052322,3.400843,DSB,2,1,1,DIRECT,1.0,0.0,13,0.260706438044
2247,357,-0.030737,0.051639,2.359488,DSB,2,0,0,DIRECT,1.0,0.0,13,0.48212503216
2248,357,-0.034368,0.054776,2.623292,DSB,2,0,0,DIRECT,1.0,0.0,13,0.553940361399
2249,357,-0.03162,0.052157,-3.247418,DSB+,3,0,0,DIRECT,1.0,0.0,18,0.622084487612
2250,357,-0.02706,0.044219,-2.906056,DSB,2,0,0,DIRECT,1.0,0.0,18,0.607423768793
2251,357,-0.030352,0.051086,-1.853559,DSB,2,0,0,DIRECT,1.0,0.0,22,0.005594408647
2252,358,-0.009378,-0.055583,0.386055,DSB,2,1,1,DIRECT,1.0,0.0,13,0.992901471423
2253,358,-0.009635,-0.055266,-0.690034,DSB+,3,0,0,DIRECT,1.0,0.0,16,0.79703533523
2254,358,-0.009724,-0.055866,-3.026333,DSB+,3,0,0,DIRECT,1.0,0.0,18,0.307328190342
2255,358,-0.011627,-0.055044,-2.543627,DSB,2,1,1,DIRECT,1.0,0.0,18,0.405649890221
2256,358,-0.009746,-0.055775,-2.171435,DSB,2,1,1,DIRECT,1.0,0.0,18,0.425085681645
2257,358,-0.008503,-0.055736,-4.081279,DSB,2,0,0,DIRECT,1.0,0.0,18,0.782184822667
2258,358,-0.009276,-0.056121,-3.025374,DSB+,3,0,0,DIRECT,1.0,0.0,18,0.30732821824
2259,358,-0.036641,-0.048779,-1.935485,DSB,2,0,0,DIRECT,1.0,0.0,22,0.003762710927
2260,359,0.074641,0.046039,1.654154,DSB+,3,2,1,DIRECT,1.0,0.0,13,0.817704916519
2261,359,0.073623,0.046069,2.096207,DSB+,3,0,0,DIRECT,1.0,0.0,13,0.473556508765
2262,359,0.073668,0.045527,0.550677,DSB,2,1,1,DIRECT,1.0,0.0,13,0.993830851008
2263,359,0.073659,0.046625,2.592929,DSB,2,0,0,DIRECT,1.0,0.0,13,0.480259927149
2264,359,0.07367,0.045942,2.70332,DSB,2,0,0,DIRECT,1.0,0.0,13,0.55793390846
2265,359,0.077053,0.052516,-0.821544,DSB+,3,0,0,DIRECT,1.0,0.0,16,0.797871621984
2266,359,0.127823,0.040319,0.045549,DSB,2,0,0,DIRECT,1.0,0.0,16,0.682437837534
2267,359,0.756358,0.617473,2.970129,DSB+,3,0,0,DIRECT,1.0,0.0,17,0.542103214125
2268,359,0.072798,0.046654,4.201941,DSB,2,0,0,DIRECT,1.0,0.0,17,0.037171947753
2269,359,-0.205185,2.15608,-2.369466,DSB,2,2,1,DIRECT,1.0,0.0,34,0.404458164637
2270,360,-0.677473,-0.56258,3.34839,DSB,2,0,0,DIRECT,1.0,0.0,7,0.276240052732
2271,360,-0.048487,-0.017649,0.40668,DSB,2,1,1,DIRECT,1.0,0.0,13,0.99410267584
2272,360,-0.045692,-0.017529,0.661199,DSB,2,0,0,DIRECT,1.0,0.0,13,0.917088754381
2273,360,-0.045267,-0.01758,-0.548504,DSB+,3,0,0,DIRECT,1.0,0.0,16,0.766178635721
2274,360,-0.045011,-0.017934,-0.766329,DSB,2,1,1,DIRECT,1.0,0.0,16,0.796824798551
2275,360,-0.04249,-0.021001,-1.010241,DSB,2,0,0,DIRECT,1.0,0.0,16,0.852201450056
2276,360,-0.044688,-0.017646,-2.188524,DSB,2,1,1,DIRECT,1.0,0.0,18,0.425203941146
2277,361,0.01539,-0.042479,3.620083,DSB+,3,0,0,DIRECT,1.0,0.0,13,0.196254316219
2278,361,0.026362,-0.028191,2.328967,DSB,2,0,0,DIRECT,1.0,0.0,13,0.480833951914
2279,361,0.207818,-0.000825,4.017995,DSB,2,0,0,DIRECT,1.0,0.0,17,0.036471624973
2280,361,0.028867,-0.034981,-2.080951,DSB+,3,0,0,DIRECT,1.0,0.0,18,0.423147665358
2281,361,0.027226,-0.028091,-3.477664,DSB+,3,0,0,DIRECT,1.0,0.0,18,0.70025890015
2282,361,0.026028,-0.028105,-3.774215,DSB,2,0,0,DIRECT,1.0,0.0,18,0.715257079808
2283,361,-2.872905,-0.103143,-1.716359,DSB,2,1,1,DIRECT,1.0,0.0,19,0.024732640004
2284,361,0.020332,-0.040858,-1.892317,DSB,2,1,1,DIRECT,1.0,0.0,22,0.004036588844
2285,362,-0.076058,-0.022875,0.713952,DSB+,4,1,1,DIRECT,1.0,0.0,13,0.917132418203
2286,362,-0.075255,-0.023025,1.715711,DSB,2,0,0,DIRECT,1.0,0.0,13,0.43014297532
2287,362,2.013176,-0.146845,-2.821834,DSB+,3,0,0,DIRECT,1.0,0.0,18,0.680449310781
2288,362,2.124581,-0.324978,-2.799866,DSB,2,0,0,DIRECT,1.0,0.0,18,0.679180336673
2289,363,-0.013443,-0.061308,1.011318,DSB+,4,0,0,DIRECT,1.0,0.0,13,0.90393959202
2290,363,-0.013252,-0.061802,3.520455,DSB+,3,1,1,DIRECT,1.0,0.0,13,0.259533971487
2291,363,-0.015492,-0.052679,0.90917,DSB,2,0,0,DIRECT,1.0,0.0,13,0.917655959367
2292,363,-0.0136,-0.060756,0.391322,DSB,2,0,0,DIRECT,1.0,0.0,13,0.992889918421
2293,363,-0.01251,-0.054227,-0.916562,DSB+,3,0,0,DIRECT,1.0,0.0,16,0.796227511144
2294,363,-0.013898,-0.061127,-2.181323,DSB,2,1,1,DIRECT,1.0,0.0,18,0.425087488039
2295,363,-0.01385,-0.061298,-2.53692,DSB,2,1,1,DIRECT,1.0,0.0,18,0.405663134783
2296,364,0.059888,-0.088677,3.21391,DSB,2,0,0,DIRECT,1.0,0.0,13,0.262189740048
2297,364,0.375043,0.127279,-2.764792,DSB,2,0,0,DIRECT,1.0,0.0,18,0.603942569236
2298,365,-0.00601,-0.024873,3.780992,DSB+,4,0,0,DIRECT,1.0,0.0,13,0.19604813484
2299,365,0.039406,-0.07858,-0.922713,DSB,2,0,0,DIRECT,1.0,0.0,16,0.796145531964
2300,365,-0.006702,-0.015927,-3.06914,DSB,2,2,1,DIRECT,1.0,0.0,18,0.621420209012
2301,365,-0.004424,-0.019853,-2.484009,DSB,2,1,1,DIRECT,1.0,0.0,18,0.404639620978
2302,365,-0.218154,0.108423,-3.002778,DSB,2,0,0,DIRECT,1.0,0.0,18,0.609930080709
2303,365,-0.004414,-0.020067,-1.735769,DSB,2,0,0,DIRECT,1.0,0.0,22,0.004481362157
2304,366,0.04498,0.045805,-0.551955,DSB,2,0,0,DIRECT,1.0,0.0,16,0.766079063263
2305,366,0.044407,0.045635,3.967138,DSB,2,0,0,DIRECT,1.0,0.0,17,0.036283578696
2306,366,0.045033,0.046078,-1.459294,DSB+,3,0,0,DIRECT,1.0,0.0,23,0.003378330444
2307,367,-0.073787,0.030104,0.813743,DSB,2,0,0,DIRECT,1.0,0.0,13,0.916540119137
2308,367,-0.074105,0.030399,0.680209,DSB,2,0,0,DIRECT,1.0,0.0,13,0.917182969509
2309,367,-0.073784,0.030092,0.432295,DSB,2,0,0,DIRECT,1.0,0.0,13,0.994186427408
2310,367,-0.073428,0.030221,-0.854466,DSB,2,2,1,DIRECT,1.0,0.0,16,0.797630995242
2311,367,-0.073912,0.029143,-0.131891,DSB,2,1,1,DIRECT,1.0,0.0,16,0.711523415734
2312,367,-0.073585,0.023416,-1.994708,DSB+,4,1,1,DIRECT,1.0,0.0,18,0.425834742181
2313,367,-0.074128,0.03035,-2.724736,DSB,2,0,0,DIRECT,1.0,0.0,18,0.322132360531
2314,367,-0.061424,0.025648,-1.872797,DSB,2,0,0,DIRECT,1.0,0.0,22,0.005194323665
2315,367,-0.073703,0.030194,-1.615777,DSB,2,0,0,DIRECT,1.0,0.0,23,0.004062901364
2316,368,0.0236493,0.134429,1.84062,DSB,2,1,1,DIRECT,1.0,0.0,13,0.8183708175
2317,368,0.023866,0.134018,1.076674,DSB,2,1,1,DIRECT,1.0,0.0,13,0.904356564899
2318,368,0.023697,0.134419,2.881779,DSB,2,0,0,DIRECT,1.0,0.0,13,0.558597993705
2319,368,0.023715,0.134414,3.287277,DSB,2,0,0,DIRECT,1.0,0.0,13,0.632660963411
2320,368,0.02374,0.134409,3.861658,DSB,2,0,0,DIRECT,1.0,0.0,17,0.020672215573
2321,368,0.00709,0.129273,-2.755712,DSB,2,2,1,DIRECT,1.0,0.0,18,0.607686993129
2322,368,0.023656,0.134855,-1.71503,DSB,2,1,1,DIRECT,1.0,0.0,22,0.004929009435
2323,369,-0.00807352,0.0552403,0.897668,DSB+,3,0,0,DIRECT,1.0,0.0,13,0.91798770347
2324,369,-0.00764,0.055202,-0.008608,DSB+,4,0,0,DIRECT,1.0,0.0,16,0.679388220072
2325,369,-0.008452,0.055531,-2.09017,DSB,2,2,1,DIRECT,1.0,0.0,18,0.424555166844
2326,369,-0.00845,0.055666,-3.387557,DSB,2,0,0,DIRECT,1.0,0.0,18,0.69967590229
2327,369,-0.007686,0.055157,-4.360361,DSB,2,0,0,DIRECT,1.0,0.0,18,0.877046058156
2328,370,-0.0423735,-0.0363016,1.9883,DSB+,3,0,0,DIRECT,1.0,0.0,13,0.473229325544
2329,370,-0.042826,-0.036139,0.53803,DSB,2,0,0,DIRECT,1.0,0.0,13,0.9934394523
2330,370,-0.043378,-0.036785,-0.634956,DSB+,3,0,0,DIRECT,1.0,0.0,16,0.764863184979
2331,370,-0.042764,-0.036746,-0.635058,DSB+,3,0,0,DIRECT,1.0,0.0,16,0.764863211768
2332,370,-0.042404,-0.035673,-2.483995,DSB+,3,1,1,MIXED,1.0,0.0,18,0.405720548809
2333,370,-0.048945,-0.035889,-2.768507,DSB,2,1,1,DIRECT,1.0,0.0,18,0.321372775485
2334,370,-0.074125,0.141853,-2.622117,DSB,2,0,0,DIRECT,1.0,0.0,18,0.521634067887
2335,370,-0.042725,-0.036767,-3.72131,DSB,2,0,0,DIRECT,1.0,0.0,18,0.710369313347
2336,370,-0.04306,-0.037141,-4.119105,DSB,2,0,0,DIRECT,1.0,0.0,18,0.783564719109
2337,371,0.224247,-0.179105,0.990581,DSB+,3,3,1,DIRECT,1.0,0.0,13,0.391337784655
2338,371,0.027439,-0.092114,-0.843444,DSB,2,0,0,DIRECT,1.0,0.0,16,0.797442398258
2339,371,0.088416,0.052588,3.955108,DSB+,3,2,1,DIRECT,1.0,0.0,17,0.036237721405
2340,371,0.087033,0.056401,3.713766,DSB,2,1,1,DIRECT,1.0,0.0,17,0.019938143223
2341,371,0.088762,0.051897,3.949633,DSB,2,0,0,DIRECT,1.0,0.0,17,0.03623875363
2342,371,0.086428,0.05251,-3.023054,DSB+,3,1,1,DIRECT,1.0,0.0,18,0.622486546203
2343,371,0.090888,0.05204,-2.017284,DSB,2,1,1,DIRECT,1.0,0.0,18,0.424844608299
2344,371,-0.01978,0.80657,-3.960898,DSB,2,0,0,DIRECT,1.0,0.0,22,0.75929201518
2345,371,0.486221,1.498034,-2.274572,DSB,2,0,0,DIRECT,1.0,0.0,32,0.228826058507
2346,372,0.0291587,0.159724,1.65288,DSB+,4,0,0,DIRECT,1.0,0.0,13,0.817913498362
2347,372,0.028738,0.160166,1.666781,DSB+,3,0,0,DIRECT,1.0,0.0,13,0.817904604336
2348,372,0.028917,0.160049,2.096572,DSB,2,1,1,DIRECT,1.0,0.0,13,0.741656787835
2349,372,0.029006,0.160742,0.653631,DSB+,4,0,0,DIRECT,1.0,0.0,16,0.597108809095
2350,372,0.031405,0.160442,-0.470133,DSB,2,0,0,DIRECT,1.0,0.0,16,0.766016083751
2351,372,0.030596,0.255938,-2.556318,DSB,2,1,1,DIRECT,1.0,0.0,18,0.521095971812
2352,372,0.050001,0.165886,-1.845849,DSB,2,0,0,DIRECT,1.0,0.0,22,0.005723096781
2353,372,0.029449,0.159506,-1.319231,DSB+,3,1,1,DIRECT,1.0,0.0,23,0.038154091271
2354,373,0.008757,0.034772,0.774419,DSB,2,3,1,DIRECT,1.0,0.0,13,0.918610808489
2355,373,0.004745,0.036907,1.166948,DSB,2,1,1,DIRECT,1.0,0.0,13,0.90362497738
2356,373,0.01441,0.048292,-2.763877,DSB+,3,0,0,DIRECT,1.0,0.0,18,0.606716813271
2357,373,0.011724,0.04334,-4.240964,DSB,2,0,0,DIRECT,1.0,0.0,18,0.885195718219
2358,374,0.027108,-0.002369,2.332059,DSB,2,2,1,DIRECT,1.0,0.0,13,0.480856393174
2359,374,0.0141,-0.000628,-2.229467,DSB,2,1,1,DIRECT,1.0,0.0,18,0.423907208557
2360,374,0.012346,0.001357,-3.31548,DSB,2,0,0,DIRECT,1.0,0.0,18,0.699859735974
2361,374,0.015084,-0.00058,-3.63314,DSB,2,0,0,DIRECT,1.0,0.0,18,0.714546434779
2362,374,0.021544,-0.000126,-1.868649,DSB+,3,0,0,DIRECT,1.0,0.0,22,0.005289397326
2363,374,0.01546,-0.000982,-1.725446,DSB,2,2,1,DIRECT,1.0,0.0,22,0.004501683634
2364,374,0.015471,-0.000967,-1.716482,DSB,2,0,0,DIRECT,1.0,0.0,22,0.004513295906
2365,375,-0.030201,0.030998,2.492846,DSB,2,0,0,DIRECT,1.0,0.0,13,0.481460466823
2366,375,-0.029413,0.026283,2.625622,DSB,2,0,0,DIRECT,1.0,0.0,13,0.553916486016
2367,375,-0.030661,0.031308,-0.528018,DSB,2,0,0,DIRECT,1.0,0.0,16,0.766533756054
2368,375,-0.031256,0.031573,-4.242192,DSB+,3,0,0,DIRECT,1.0,0.0,18,0.885152141588
2369,375,-0.029767,0.031196,-4.250121,DSB,2,1,1,DIRECT,1.0,0.0,18,0.885150098061
2370,375,-0.02249,0.027746,-2.053032,DSB,2,0,0,DIRECT,1.0,0.0,18,0.424524939392
2371,376,-0.042026,-0.058254,1.585537,DSB+,3,0,0,DIRECT,1.0,0.0,13,0.421749273398
2372,376,-0.040541,-0.059027,0.880605,DSB+,3,0,0,DIRECT,1.0,0.0,13,0.917627756994
2373,376,0.163232,-0.370559,0.437285,DSB,2,1,1,DIRECT,1.0,0.0,16,0.136300549698
2374,376,-0.038802,-0.058371,-2.485659,DSB,2,2,1,DIRECT,1.0,0.0,18,0.405716071184
2375,377,0.0635989,-0.0407795,4.20572,DSB,2,1,1,DIRECT,1.0,0.0,7,0.808867681004
2376,377,0.057972,-0.049424,0.733514,DSB,2,1,1,DIRECT,1.0,0.0,13,0.917312526851
2377,377,0.056782,-0.049559,-2.276123,DSB,2,1,1,DIRECT,1.0,0.0,18,0.40519048735
2378,377,0.053723,-0.042921,-3.070525,DSB,2,0,0,DIRECT,1.0,0.0,18,0.621488370731
2379,378,-1.01685,-0.0649937,2.36044,DSB+,3,0,0,DIRECT,1.0,0.0,7,0.860266465599
2380,378,0.000625,0.044549,-3.305851,DSB,2,1,1,DIRECT,1.0,0.0,18,0.701037811516
2381,378,-0.006688,0.043133,-2.890144,DSB,2,0,0,DIRECT,1.0,0.0,18,0.607437913064
2382,379,-0.022882,-0.037746,3.653331,DSB,2,0,0,DIRECT,1.0,0.0,13,0.196678287374
2383,379,-0.017622,-0.036123,0.750647,DSB,2,0,0,DIRECT,1.0,0.0,13,0.918300440824
2384,379,-0.015561,-0.035702,-0.430124,DSB,2,1,1,DIRECT,1.0,0.0,16,0.765498913731
2385,379,-0.01387,-0.037295,-0.282918,DSB,2,0,0,DIRECT,1.0,0.0,16,0.710805928807
2386,379,0.587207,0.049819,4.296913,DSB,2,1,1,DIRECT,1.0,0.0,17,0.031108986216
2387,379,-0.01739,-0.034752,-3.821349,DSB,2,0,0,DIRECT,1.0,0.0,18,0.710424962826
2388,379,-0.01621,-0.035843,-4.277002,DSB,2,0,0,DIRECT,1.0,0.0,18,0.792687899813
2389,379,0.005385,-0.048162,-1.763938,DSB+,3,0,0,DIRECT,1.0,0.0,22,0.003239089121
2390,380,0.005422,-0.022417,3.238949,DSB,2,0,0,DIRECT,1.0,0.0,13,0.263477047257
2391,380,-0.070142,-0.103929,-2.417435,DSB+,3,1,1,DIRECT,1.0,0.0,18,0.405589888659
2392,380,0.005725,-0.022724,-3.055167,DSB,2,0,0,DIRECT,1.0,0.0,18,0.62144353869
2393,380,0.014051,-0.038536,-3.392046,DSB,2,0,0,DIRECT,1.0,0.0,18,0.698264160313
2394,380,0.006086,-0.022739,-1.617315,DSB,2,0,0,DIRECT,1.0,0.0,23,0.003779395181
2395,381,0.049916,0.016891,0.873809,DSB+,3,0,0,DIRECT,1.0,0.0,13,0.917535209881
2396,381,0.050452,0.015153,2.309929,DSB,2,0,0,DIRECT,1.0,0.0,13,0.480874612079
2397,381,0.049641,0.016513,0.877773,DSB,2,0,0,DIRECT,1.0,0.0,13,0.917535351446
2398,381,0.049298,0.017531,-0.557961,DSB+,3,1,1,DIRECT,1.0,0.0,16,0.766059728741
2399,381,0.049265,0.016907,-0.566776,DSB,2,0,0,DIRECT,1.0,0.0,16,0.766059434068
2400,382,0.065921,-0.019115,3.391535,DSB,2,0,0,MIXED,1.0,0.0,13,0.258812619792
2401,382,0.066326,-0.019168,-0.828073,DSB+,3,0,0,DIRECT,1.0,0.0,16,0.797803117365
2402,382,0.065451,-0.01849,3.883762,DSB,2,1,1,DIRECT,1.0,0.0,17,0.019344809164
2403,382,0.064381,-0.018876,-3.552538,DSB,2,0,0,DIRECT,1.0,0.0,18,0.698959803208
2404,383,-2.08049,-0.481009,3.71774,DSB,2,0,0,DIRECT,1.0,0.0,7,0.166298107654
2405,383,0.046216,0.04944,1.843013,DSB,2,1,1,DIRECT,1.0,0.0,13,0.430479360319
2406,383,0.046353,0.049332,1.801282,DSB,2,0,0,DIRECT,1.0,0.0,13,0.430437401442
2407,383,0.046964,0.0489,-0.544298,DSB,2,1,1,DIRECT,1.0,0.0,16,0.766078038607
2408,383,0.048353,0.050725,-0.436809,DSB,2,0,0,DIRECT,1.0,0.0,16,0.765383877673
2409,383,0.045705,0.049478,3.71549,DSB,2,0,0,DIRECT,1.0,0.0,17,0.020000306878
2410,383,0.046873,0.0492,3.985132,DSB,2,0,0,DIRECT,1.0,0.0,17,0.036280377404
2411,383,0.047751,0.047879,-4.340385,DSB,2,0,0,DIRECT,1.0,0.0,18,0.87710755226
2412,384,0.020324,0.063074,3.209962,DSB+,3,0,0,DIRECT,1.0,0.0,13,0.263426803702
2413,384,0.009393,0.058257,2.343642,DSB+,3,0,0,DIRECT,1.0,0.0,13,0.481331709635
2414,384,0.019911,0.063784,4.041681,DSB,2,1,1,DIRECT,1.0,0.0,17,0.037859618802
2415,384,0.02042,0.063779,4.27253,DSB,2,0,0,DIRECT,1.0,0.0,17,0.039119749253
2416,384,1.960272,-0.041225,-1.500669,DSB,2,1,1,DIRECT,1.0,0.0,21,0.275132529787
2417,384,0.918262,0.501205,-1.660978,DSB+,3,2,1,DIRECT,1.0,0.0,22,0.276135252414
2418,385,0.045413,-0.069537,3.243743,DSB,2,0,0,DIRECT,1.0,0.0,13,0.262629388079
2419,385,0.047633,-0.070223,-0.568229,DSB+,4,0,0,DIRECT,1.0,0.0,16,0.76511456726
2420,385,0.046774,-0.069708,-0.429214,DSB,2,0,0,DIRECT,1.0,0.0,16,0.764403415788
2421,385,0.046682,-0.070201,-2.344993,DSB+,3,0,0,DIRECT,1.0,0.0,18,0.403800687127
2422,385,2.464229,0.112999,-1.324854,DSB+,3,0,0,DIRECT,1.0,0.0,21,0.271160463269
2423,386,-0.09413,0.014633,0.573919,DSB+,3,1,1,DIRECT,1.0,0.0,13,0.993528595679
2424,386,-0.094081,0.014462,0.764639,DSB,2,1,1,DIRECT,1.0,0.0,13,0.918546593003
2425,386,-0.095245,0.012599,0.564201,DSB,2,1,1,DIRECT,1.0,0.0,13,0.993530294469
2426,386,-0.112234,0.010285,2.489516,DSB,2,0,0,DIRECT,1.0,0.0,13,0.481604586979
2427,386,-0.095324,-0.002649,2.360728,DSB,2,0,0,DIRECT,1.0,0.0,13,0.48227242064
2428,386,-0.0945,0.014575,-0.688364,DSB,2,0,0,DIRECT,1.0,0.0,16,0.798092967779
2429,387,-0.019071,0.095225,-2.616346,DSB,2,0,0,DIRECT,1.0,0.0,18,0.52133908171
2430,387,-0.022879,0.071753,-3.237374,DSB,2,0,0,DIRECT,1.0,0.0,18,0.622098848093
2431,387,-0.048407,0.065579,-1.84264,DSB+,3,1,1,MIXED,1.0,0.0,22,0.005577121204
2432,388,-0.00247638,-0.00807188,4.56078,DSB,2,0,0,DIRECT,1.0,0.0,7,0.845815903561
2433,388,-0.001622,-0.007092,-0.67755,DSB,2,0,0,DIRECT,1.0,0.0,16,0.798191421821
2434,388,-0.001066,-0.007584,-2.349722,DSB,2,1,1,DIRECT,1.0,0.0,18,0.403911142171
2435,388,0.245847,-0.331443,-2.789996,DSB,2,0,0,DIRECT,1.0,0.0,18,0.323080117395
2436,388,-0.00149,-0.007693,-2.481094,DSB,2,0,0,DIRECT,1.0,0.0,18,0.404651296279
2437,388,-0.000857,-0.006586,-4.324943,DSB,2,0,0,DIRECT,1.0,0.0,18,0.792556570112
2438,388,-0.006842,0.011656,-1.939876,DSB,2,0,0,DIRECT,1.0,0.0,22,0.003822838633
2439,388,-0.009531,-0.009054,-1.609313,DSB,2,0,0,DIRECT,1.0,0.0,23,0.003761792435
2440,389,-0.028667,-0.00968,3.41546,DSB,2,0,0,DIRECT,1.0,0.0,13,0.260650107159
2441,389,-0.005095,-0.002392,-0.681043,DSB,2,0,0,DIRECT,1.0,0.0,16,0.798179032189
2442,389,-0.029303,-0.009426,-4.085838,DSB,2,3,1,DIRECT,1.0,0.0,18,0.782899024687
2443,389,-1.303961,0.340946,-1.584443,DSB,2,1,1,DIRECT,1.0,0.0,19,0.486837005348
2444,389,-0.028287,-0.009393,-1.87362,DSB+,3,0,0,DIRECT,1.0,0.0,22,0.005240219789
2445,390,-0.003829,-0.062333,-3.02368,DSB+,3,1,1,DIRECT,1.0,0.0,18,0.307328573939
2446,390,0.022404,-0.035986,-3.476644,DSB+,3,0,0,DIRECT,1.0,0.0,18,0.700258328242
2447,390,0.001686,-0.047341,-4.100679,DSB,2,1,1,DIRECT,1.0,0.0,18,0.782161681299
2448,390,-0.000916,-0.060612,-2.745929,DSB,2,0,0,DIRECT,1.0,0.0,18,0.320664948152
2449,391,-0.068207,-0.12327,2.768917,DSB+,3,1,1,DIRECT,1.0,0.0,13,0.312698306011
2450,391,-0.068281,-0.123884,2.048684,DSB+,3,0,0,DIRECT,1.0,0.0,13,0.473350352006
2451,391,-0.068091,-0.122382,0.888388,DSB,2,1,1,DIRECT,1.0,0.0,13,0.388707651817
2452,391,-0.068555,-0.123112,2.17995,DSB,2,1,1,DIRECT,1.0,0.0,13,0.472698318321
2453,391,-0.068827,-0.122929,2.007113,DSB,2,1,1,DIRECT,1.0,0.0,13,0.473153624762
2454,391,0.276349,-0.326807,1.165481,DSB,2,0,0,DIRECT,1.0,0.0,13,0.397294387962
2455,391,-0.443719,0.242004,-3.903652,DSB+,3,1,1,DIRECT,1.0,0.0,18,0.958597401583
2456,391,-0.06789,-0.121978,-2.396955,DSB,2,1,1,DIRECT,1.0,0.0,18,0.405572201345
2457,391,-0.069538,-0.123032,-2.791375,DSB,2,0,0,DIRECT,1.0,0.0,18,0.321964644901
2458,392,-0.871268,1.057552,3.268288,DSB,2,0,0,DIRECT,1.0,0.0,17,0.466896922575
2459,392,-0.001757,0.022333,-3.367754,DSB+,3,0,0,DIRECT,1.0,0.0,18,0.699645319139
2460,392,1.108541,1.630397,1.298574,DSB,2,0,0,DIRECT,1.0,0.0,26,0.762277356307
2461,393,0.084878,-0.218912,1.476922,DSB,2,0,0,DIRECT,1.0,0.0,13,0.42220570621
2462,394,-0.036473,0.025167,-0.777919,DSB,2,0,0,DIRECT,1.0,0.0,16,0.796873044447
2463,394,-0.031673,0.023337,-3.063583,DSB+,3,0,0,DIRECT,1.0,0.0,18,0.62259888436
2464,394,-0.031543,0.023427,-3.09089,DSB,2,0,0,DIRECT,1.0,0.0,18,0.621322705601
2465,395,-0.169375,0.068254,3.608173,DSB+,3,1,1,DIRECT,1.0,0.0,13,0.196562548086
2466,395,-0.027563,-0.038704,3.535892,DSB,2,1,1,DIRECT,1.0,0.0,13,0.259983824567
2467,395,-0.025801,0.042405,2.090431,DSB,2,0,0,DIRECT,1.0,0.0,13,0.474773691655
2468,395,-0.025243,-0.038598,-1.173187,DSB,2,1,1,DIRECT,1.0,0.0,16,0.851613043001
2469,395,-0.026272,-0.03887,-0.739287,DSB,2,0,0,DIRECT,1.0,0.0,16,0.796806080162
2470,396,0.016471,0.0544005,3.42376,DSB,2,3,1,DIRECT,1.0,0.0,13,0.260101398055
2471,396,0.01572,0.053579,3.404074,DSB,2,2,1,DIRECT,1.0,0.0,13,0.260090066634
2472,396,0.022159,0.061032,4.016762,DSB+,4,3,1,DIRECT,1.0,0.0,17,0.037625254918
2473,397,0.086582,-0.043227,0.736606,DSB,2,2,1,DIRECT,1.0,0.0,13,0.917328222192
2474,397,0.08686,-0.044146,0.331628,DSB,2,1,1,DIRECT,1.0,0.0,16,0.494064890864
2475,397,0.091199,-0.043276,3.57397,DSB,2,1,1,DIRECT,1.0,0.0,17,0.016286047666
2476,397,0.087649,-0.043519,3.955424,DSB,2,1,1,DIRECT,1.0,0.0,17,0.036141647766
2477,397,0.091446,-0.015363,4.002936,DSB,2,1,1,DIRECT,1.0,0.0,17,0.03637525143
2478,397,0.086277,-0.043915,-3.468382,DSB,2,0,0,DIRECT,1.0,0.0,18,0.700322047209
2479,397,0.08282,-0.034831,-1.880402,DSB,2,0,0,DIRECT,1.0,0.0,22,0.004081473624
2480,398,-0.282244,-0.811444,0.226798,DSB+,3,1,1,DIRECT,1.0,0.0,16,0.09180202172
2481,398,0.030305,-0.080535,-0.943823,DSB,2,1,1,DIRECT,1.0,0.0,16,0.796150943219
2482,398,0.043261,-0.078327,-0.439985,DSB,2,0,0,DIRECT,1.0,0.0,16,0.764404882453
2483,398,0.044344,-0.081086,-3.768956,DSB+,3,1,1,DIRECT,1.0,0.0,18,0.715360623129
2484,398,0.043478,-0.079317,-2.60678,DSB,2,1,1,DIRECT,1.0,0.0,18,0.325371029072
2485,398,0.043427,-0.078295,-4.389235,DSB,2,1,1,DIRECT,1.0,0.0,18,0.791767210956
2486,399,0.018566,-0.062716,-0.813807,DSB,2,1,1,DIRECT,1.0,0.0,16,0.7977794967
2487,400,0.0400887,0.114693,1.39587,DSB+,4,2,1,DIRECT,1.0,0.0,13,0.826940147204
2488,400,0.038502,0.113662,0.774894,DSB+,3,0,0,DIRECT,1.0,0.0,13,0.918048072058
2489,400,0.038678,0.115012,3.258546,DSB,2,1,1,DIRECT,1.0,0.0,13,0.632355372053
2490,400,0.037251,0.114254,2.946018,DSB,2,1,1,DIRECT,1.0,0.0,13,0.55935062529
2491,400,0.038587,0.115096,3.015381,DSB,2,0,0,DIRECT,1.0,0.0,13,0.560569051497
2492,401,-0.013321,-0.0149811,2.49231,DSB+,4,3,1,DIRECT,1.0,0.0,13,0.48062512387
2493,401,-0.011138,-0.019763,3.259932,DSB+,3,2,1,DIRECT,1.0,0.0,13,0.263471938578
2494,401,-0.010586,-0.014236,-1.039694,DSB+,4,2,1,DIRECT,1.0,0.0,16,0.8509384242
2495,401,-0.011416,-0.014863,-1.149895,DSB,2,1,1,DIRECT,1.0,0.0,16,0.851633080719
2496,401,-0.019701,-0.011776,-0.760673,DSB,2,0,0,DIRECT,1.0,0.0,16,0.796840255454
2497,401,-0.009244,-0.023501,-4.364145,DSB+,3,1,1,DIRECT,1.0,0.0,18,0.792516941043
2498,401,-0.011252,-0.015215,-4.089919,DSB+,3,0,0,DIRECT,1.0,0.0,18,0.782895439798
2499,401,-0.002257,-0.000852,-2.92516,DSB,2,1,1,DIRECT,1.0,0.0,18,0.607094377443
2500,401,-0.010896,-0.015014,-2.482853,DSB,2,0,0,DIRECT,1.0,0.0,18,0.404638470187
2501,402,-0.50439,-1.9312,2.8313,DSB,2,0,0,DIRECT,1.0,0.0,4,0.141613047385
2502,402,0.068186,0.054809,2.849313,DSB,2,1,1,DIRECT,1.0,0.0,13,0.557266893418
2503,402,0.065994,0.054384,1.535181,DSB,2,1,1,DIRECT,1.0,0.0,13,0.826191350206
2504,402,0.067795,0.054054,4.061082,DSB,2,1,1,DIRECT,1.0,0.0,17,0.037910693014
2505,402,0.070168,0.052476,-3.159792,DSB,2,0,0,DIRECT,1.0,0.0,18,0.623215011062
2506,402,0.07107,0.020557,-1.727393,DSB,2,0,0,DIRECT,1.0,0.0,22,0.004319401517
2507,402,0.068308,0.054339,-1.880093,DSB,2,0,0,DIRECT,1.0,0.0,22,0.005114645724
2508,403,-0.044629,-0.006252,0.922331,DSB,2,1,1,DIRECT,1.0,0.0,13,0.917935250258
2509,403,-0.044354,-0.006221,0.422384,DSB,2,0,0,DIRECT,1.0,0.0,13,0.994106541202
2510,403,-0.044603,-0.006498,-0.996746,DSB,2,0,0,DIRECT,1.0,0.0,16,0.852217154751
2511,403,0.652635,-0.059479,-1.837781,DSB+,3,3,1,DIRECT,1.0,0.0,18,0.43164158639
2512,403,-0.045763,-0.007437,-4.121911,DSB,2,0,0,DIRECT,1.0,0.0,18,0.78359022483
2513,403,-0.044732,-0.006413,-1.735493,DSB,2,0,0,DIRECT,1.0,0.0,22,0.004444968306
2514,404,0.047885,-0.004475,1.796455,DSB,2,1,1,DIRECT,1.0,0.0,13,0.430408589721
2515,404,0.048159,-0.0043,-0.560358,DSB,2,0,0,DIRECT,1.0,0.0,16,0.766036114772
2516,404,0.047917,-0.003492,-3.385858,DSB+,3,1,1,DIRECT,1.0,0.0,18,0.698296256929
2517,404,0.047684,-0.00427,-4.498261,DSB,2,1,1,DIRECT,1.0,0.0,18,0.87664447383
2518,404,0.010143,0.011821,-3.237263,DSB,2,0,0,DIRECT,1.0,0.0,18,0.621982980842
