dsb_id,event_id,x_um,y_um,z_um,complexity,n_backbone_breaks,n_base_damage,has_base_damage_in_cluster,cause,direct_fraction,indirect_fraction,chromosome,chromosome_position
0,404,3.97728,-0.384652,0.0865505,DSB,2,1,1,DIRECT,1.0,0.0,21,0.113306783721
1,585,1.25511,-3.03861,0.121364,DSB,2,0,0,DIRECT,1.0,0.0,2,0.98193313351
2,904,1.98901,-2.111,-2.37776,DSB,2,0,0,DIRECT,1.0,0.0,9,0.313022721669
3,1208,2.6331,2.22526,0.65044,DSB,2,0,0,DIRECT,1.0,0.0,37,0.650621138644
4,1349,-3.568309,1.13968,0.26716,DSB,2,0,0,DIRECT,1.0,0.0,20,0.396291807314
5,1498,2.16908,-0.977549,1.56087,DSB,2,1,1,DIRECT,1.0,0.0,10,0.286720134825
6,1575,-0.877705,-1.22325,1.69892,DSB,2,0,0,DIRECT,1.0,0.0,7,0.014121659145
7,1640,-1.10346,0.476144,3.13734,DSB,2,2,1,DIRECT,1.0,0.0,13,0.62252123795
8,1788,-2.93234,1.40381,-1.23179,DSB,2,0,0,DIRECT,1.0,0.0,26,0.11883270327
9,2240,-0.767677,3.98669,0.63749,DSB,2,1,1,DIRECT,1.0,0.0,45,0.377559316055
10,2398,-3.55975,-0.993622,2.75866,DSB,2,0,0,DIRECT,1.0,0.0,4,0.261397550744
11,2481,-1.95641,-1.86085,-0.4581,DSB,2,0,0,DIRECT,1.0,0.0,4,0.546487735587
12,3871,-2.35426,-1.79738,2.04394,DSB,2,0,0,DIRECT,1.0,0.0,4,0.110645148031
13,3919,-3.10222,-2.65308,1.81147,DSB,2,1,1,DIRECT,1.0,0.0,4,0.009837788174
14,4297,0.194608,-3.66474,0.479645,DSB,2,0,0,DIRECT,1.0,0.0,1,0.786321302792
15,4465,-2.65782,-0.819454,3.05906,DSB+,3,3,1,DIRECT,1.0,0.0,4,0.85612735486
16,4821,0.864044,1.64078,-0.137622,DSB,2,1,1,DIRECT,1.0,0.0,27,0.642059916092
17,6825,-3.23677,-0.98696,-1.88204,DSB,2,0,0,DIRECT,1.0,0.0,12,0.128827038217
18,7043,1.22655,-0.151221,-4.39714,DSB+,3,1,1,DIRECT,1.0,0.0,18,0.843270081657
19,7374,0.158416,0.215319,-2.988817,DSB,2,0,0,DIRECT,1.0,0.0,18,0.627215726645
20,8189,-0.94013,0.773021,-4.018426,DSB,2,0,0,DIRECT,1.0,0.0,22,0.607720407623
21,8303,2.85053,-1.47457,-2.10021,DSB,2,0,0,DIRECT,1.0,0.0,9,0.92518573548
22,8842,-0.448904,2.35669,2.27311,DSB,2,1,1,DIRECT,1.0,0.0,30,0.08787429717
23,8869,1.25143,-2.60302,-2.09764,DSB+,3,0,0,DIRECT,1.0,0.0,9,0.048174096735
24,9334,1.724418,0.399245,-2.045314,DSB,2,0,0,DIRECT,1.0,0.0,23,0.341438776883
25,9652,1.97699,-0.300175,1.49955,DSB,2,0,0,DIRECT,1.0,0.0,14,0.441852019406
26,9930,0.235748,2.82946,1.41496,DSB,2,0,0,DIRECT,1.0,0.0,31,0.508678413903
27,10861,0.63039,1.647581,1.509277,DSB,2,0,0,DIRECT,1.0,0.0,26,0.651020616347
28,10988,1.741618,2.50312,-3.480875,DSB+,3,0,0,DIRECT,1.0,0.0,43,0.97231908605
29,11383,-3.05107,-1.18903,-1.70999,DSB,2,0,0,DIRECT,1.0,0.0,8,0.695424138943
30,11687,-1.67514,1.65721,0.636803,DSB,2,0,0,DIRECT,1.0,0.0,26,0.257581183833
31,11999,1.892388,0.007625,-2.670677,DSB+,3,3,1,DIRECT,1.0,0.0,23,0.332480982088
32,12086,-3.91301,-1.42485,1.97949,DSB,2,0,0,DIRECT,1.0,0.0,4,0.122691675028
33,12876,1.95424,3.8632,0.9856,DSB+,3,0,0,DIRECT,1.0,0.0,46,0.402054578687
34,12955,2.35782,-0.565801,1.30343,DSB,2,0,0,DIRECT,1.0,0.0,10,0.701664422832
35,13298,3.54541,1.18783,-0.813443,DSB,2,0,0,DIRECT,1.0,0.0,30,0.435307150845
36,14058,1.89672,-0.352395,-0.24118,DSB,2,0,0,DIRECT,1.0,0.0,14,0.948814398598
37,14346,-0.157993,-1.830865,-0.9676,DSB,2,3,1,DIRECT,1.0,0.0,8,0.160236908878
38,14360,-1.30665,-3.03391,-2.41767,DSB,2,1,1,DIRECT,1.0,0.0,3,0.495655391546
39,14839,0.39971,1.72623,2.94268,DSB,2,0,0,DIRECT,1.0,0.0,25,0.997643581501
40,15074,1.33308,-1.28751,3.31671,DSB,2,0,0,DIRECT,1.0,0.0,6,0.597252320866
41,15119,-0.662327,4.13759,0.843166,DSB,2,0,0,DIRECT,1.0,0.0,45,0.536764947307
42,16020,-1.01509,-1.97751,1.36594,DSB,2,0,0,DIRECT,1.0,0.0,4,0.421068190702
43,16062,0.744379,-1.97429,2.43361,DSB+,3,0,0,DIRECT,1.0,0.0,6,0.203210210537
44,16173,0.961739,-2.14578,-1.20286,DSB+,3,1,1,DIRECT,1.0,0.0,9,0.091731083659
45,16436,-3.29683,0.259882,1.32827,DSB,2,0,0,DIRECT,1.0,0.0,12,0.280619355451
46,16767,-2.88769,0.430931,2.8429,DSB+,4,0,0,DIRECT,1.0,0.0,13,0.237512750156
47,16806,-1.57087,3.2467,-2.35678,DSB,2,1,1,DIRECT,1.0,0.0,41,0.162682571671
48,16806,-1.618572,3.246382,-2.386936,DSB,2,0,0,DIRECT,1.0,0.0,41,0.166738618868
49,16867,2.12773,2.77419,1.76331,DSB,2,0,0,DIRECT,1.0,0.0,37,0.452433120863
50,17274,-0.119101,-0.877072,4.31739,DSB+,3,2,1,DIRECT,1.0,0.0,7,0.149689010116
51,17777,-1.07184,0.0851952,-3.99408,DSB,2,1,1,DIRECT,1.0,0.0,19,0.981667881512
52,18571,2.04258,-1.41689,-1.92256,DSB,2,1,1,DIRECT,1.0,0.0,9,0.977090567674
53,18610,-2.219092,2.656657,-0.474761,DSB,2,0,0,DIRECT,1.0,0.0,31,0.781782673928
54,18861,-3.29167,-1.49361,-0.232453,DSB+,3,1,1,DIRECT,1.0,0.0,4,0.597044487965
55,19632,-3.21137,2.79601,1.3149,DSB,2,1,1,DIRECT,1.0,0.0,28,0.349120403112
56,19667,0.735828,2.87659,3.15875,DSB,2,3,1,DIRECT,1.0,0.0,38,0.123391533031
57,20008,-0.967265,-1.89995,0.833538,DSB,2,0,0,DIRECT,1.0,0.0,4,0.476701451097
58,20395,-1.04904,0.881866,-1.76208,DSB,2,0,0,DIRECT,1.0,0.0,27,0.149052112801
59,20780,0.700357,3.86988,-1.40204,DSB+,3,0,0,DIRECT,1.0,0.0,46,0.726009526843
60,20808,-0.205123,1.2878,0.96108,DSB+,3,0,0,DIRECT,1.0,0.0,25,0.797454314003
61,20850,3.20643,1.68065,0.484801,DSB,2,0,0,DIRECT,1.0,0.0,30,0.710257158833
62,21357,2.12995,0.868869,0.638136,DSB,2,1,1,DIRECT,1.0,0.0,23,0.535003229387
63,21658,-1.47823,-1.49726,0.674669,DSB,2,0,0,DIRECT,1.0,0.0,4,0.630580136768
64,22151,2.200132,2.39954,0.74086,DSB,2,1,1,DIRECT,1.0,0.0,37,0.646372698494
65,22514,-0.626167,3.04843,-0.497202,DSB,2,0,0,DIRECT,1.0,0.0,39,0.158671805752
66,22580,-3.7789,-1.57497,-1.84264,DSB,2,0,0,DIRECT,1.0,0.0,8,0.184464210288
67,22780,3.23768,0.121266,2.59643,DSB,2,1,1,DIRECT,1.0,0.0,14,0.725781283276
68,23198,0.310149,-1.09461,-4.00239,DSB,2,0,0,DIRECT,1.0,0.0,15,0.240056068107
69,23297,-0.822292,-0.720428,0.975167,DSB,2,1,1,DIRECT,1.0,0.0,11,0.817713279823
70,23360,-0.0991633,-1.09888,-1.57038,DSB,2,0,0,DIRECT,1.0,0.0,9,0.449839968597
71,23809,-0.405418,-0.325067,-0.628271,DSB,2,2,1,DIRECT,1.0,0.0,16,0.412553375873
72,23809,-0.392705,-0.305994,-0.760475,DSB,2,0,0,DIRECT,1.0,0.0,16,0.382019007704
73,24666,0.735247,-3.4324,-0.48226,DSB+,3,2,1,DIRECT,1.0,0.0,5,0.11703437852
74,25368,-1.860073,-2.376039,-3.174035,DSB,2,2,1,DIRECT,1.0,0.0,8,0.007346629767
75,25703,-0.810729,-2.57406,-3.25906,DSB,2,1,1,DIRECT,1.0,0.0,5,0.654425260316
76,25836,1.92241,-1.49973,3.60695,DSB,2,0,0,DIRECT,1.0,0.0,6,0.600909276701
77,25871,-2.92669,-1.52406,2.79459,DSB+,4,1,1,DIRECT,1.0,0.0,4,0.166396551377
78,26346,-1.52301,0.705118,-4.21505,DSB,2,0,0,DIRECT,1.0,0.0,22,0.600161036606
79,26598,-0.641382,0.333962,-2.618299,DSB,2,1,1,DIRECT,1.0,0.0,18,0.516007625911
80,26692,1.70275,2.17617,-1.96452,DSB,2,0,0,DIRECT,1.0,0.0,35,0.510731830794
81,27418,3.01144,2.83827,-1.28248,DSB,2,1,1,DIRECT,1.0,0.0,43,0.367720870526
82,27445,1.97253,-2.54647,-3.08494,DSB,2,0,0,DIRECT,1.0,0.0,9,0.266855949029
83,27594,2.13322,1.46837,-2.94852,DSB+,3,0,0,DIRECT,1.0,0.0,32,0.859275899219
84,27594,2.13392,1.468655,-2.948731,DSB+,3,0,0,DIRECT,1.0,0.0,32,0.859275932266
85,27743,1.83379,-0.750958,1.89503,DSB,2,0,0,DIRECT,1.0,0.0,14,0.075438687845
86,28244,-0.977881,-2.486549,-3.220444,DSB,2,1,1,DIRECT,1.0,0.0,5,0.652563014543
87,28293,0.463879,-3.177819,-0.130017,DSB,2,2,1,DIRECT,1.0,0.0,5,0.10898842483
88,28362,-3.05668,-1.140009,0.499752,DSB,2,1,1,DIRECT,1.0,0.0,11,0.082532957526
89,28362,-2.938569,-0.90125,0.11945,DSB,2,0,0,DIRECT,1.0,0.0,11,0.37624668136
90,28872,0.0395575,-3.9932,0.664225,DSB,2,0,0,DIRECT,1.0,0.0,1,0.438652833284
91,28994,-2.54619,3.14655,-1.37867,DSB,2,0,0,DIRECT,1.0,0.0,39,0.014557268584
92,29052,-0.464877,2.33397,3.77185,DSB,2,0,0,DIRECT,1.0,0.0,29,0.035365637213
93,29060,-0.767308,-2.73288,-3.30096,DSB,2,0,0,DIRECT,1.0,0.0,5,0.653345845574
94,30018,-1.97498,-0.761697,1.91426,DSB,2,0,0,DIRECT,1.0,0.0,7,0.405767257699
95,30110,-0.618971,-0.786987,1.124799,DSB+,3,1,1,DIRECT,1.0,0.0,11,0.845295255947
96,30439,0.9577,-1.970324,3.205522,DSB,2,0,0,DIRECT,1.0,0.0,6,0.170507502933
97,30543,-2.29636,0.897174,-0.104338,DSB,2,0,0,DIRECT,1.0,0.0,19,0.662430037921
98,30762,-1.35569,3.32375,-2.04086,DSB,2,0,0,DIRECT,1.0,0.0,41,0.200073975792
99,30769,-2.20154,0.933563,-1.16606,DSB,2,1,1,DIRECT,1.0,0.0,20,0.979750681904
100,30884,1.02173,-2.90934,2.73304,DSB,2,0,0,DIRECT,1.0,0.0,2,0.257848144474
101,31372,-0.138151,-0.432232,-2.324354,DSB,2,1,1,DIRECT,1.0,0.0,15,0.716123197141
102,31470,-2.2378,0.444099,-0.608672,DSB,2,0,0,DIRECT,1.0,0.0,16,0.732821179439
103,31691,-0.355884,-2.00577,1.87663,DSB,2,0,0,DIRECT,1.0,0.0,4,0.378942842636
104,32301,1.21548,-1.6038,0.408414,DSB,2,0,0,DIRECT,1.0,0.0,6,0.979934968697
105,33200,-1.44089,2.30766,-0.30271,DSB+,3,2,1,DIRECT,1.0,0.0,28,0.706789268771
106,33346,1.9465,2.70948,1.73237,DSB,2,1,1,DIRECT,1.0,0.0,37,0.452700270027
107,33697,-0.129155,1.539773,0.873105,DSB,2,0,0,DIRECT,1.0,0.0,26,0.74613958253
108,33752,-0.685112,-2.9758,-0.461487,DSB+,3,2,1,DIRECT,1.0,0.0,3,0.337418331943
109,34171,-2.05146,-2.51834,-1.00489,DSB,2,1,1,DIRECT,1.0,0.0,3,0.612160152645
110,34925,2.40232,2.73166,0.943953,DSB+,3,0,0,DIRECT,1.0,0.0,39,0.387269762691
111,34940,0.306682,-1.59011,-1.9921,DSB,2,2,1,DIRECT,1.0,0.0,8,0.802093157875
112,35432,0.795569,-0.0109806,3.91569,DSB,2,0,0,DIRECT,1.0,0.0,14,0.156256932109
113,35543,-0.0136072,-3.95555,-1.28713,DSB,2,0,0,DIRECT,1.0,0.0,1,0.938925304323
114,35616,3.88569,2.31076,-0.544516,DSB,2,0,0,DIRECT,1.0,0.0,36,0.818992729484
115,35771,-0.59136,1.75998,0.571979,DSB+,3,2,1,DIRECT,1.0,0.0,26,0.794147631906
116,35773,3.26282,-0.637688,2.59268,DSB,2,0,0,DIRECT,1.0,0.0,14,0.275983562362
117,35891,2.63643,1.08085,-2.20164,DSB,2,0,0,DIRECT,1.0,0.0,32,0.309047013179
118,36061,2.372335,2.574717,-0.83355,DSB+,3,1,1,DIRECT,1.0,0.0,41,0.399826743104
119,36170,-0.493968,-1.13628,-3.11768,DSB,2,0,0,DIRECT,1.0,0.0,9,0.882021192617
120,36282,-2.987526,1.445154,-1.783081,DSB,2,1,1,DIRECT,1.0,0.0,27,0.123600011787
121,36434,-2.00464,0.279782,2.559,DSB,2,0,0,DIRECT,1.0,0.0,13,0.280959397693
122,37114,-1.3932,-2.92663,2.46653,DSB,2,1,1,DIRECT,1.0,0.0,2,0.100943346971
123,37400,-2.73695,-2.49508,-0.884932,DSB+,3,1,1,DIRECT,1.0,0.0,3,0.6275975854
124,37410,2.09315,1.47403,-0.7105,DSB,2,0,0,DIRECT,1.0,0.0,30,0.522637244244
125,37699,1.531672,-2.182315,-1.199323,DSB,2,1,1,DIRECT,1.0,0.0,9,0.167585346837
126,38135,1.18003,-0.481459,3.96556,DSB,2,1,1,DIRECT,1.0,0.0,7,0.741788575356
127,38395,0.294087,-0.0179063,4.5875,DSB+,3,1,1,DIRECT,1.0,0.0,7,0.847920347194
128,38467,-2.51713,1.84064,0.72567,DSB,2,0,0,DIRECT,1.0,0.0,26,0.291394693755
129,38567,-2.76264,1.73123,-1.12794,DSB,2,2,1,DIRECT,1.0,0.0,26,0.969359153058
130,38739,0.298648,1.596177,-0.608614,DSB,2,0,0,DIRECT,1.0,0.0,27,0.654928716923
131,39065,2.94465,0.234226,0.770519,DSB,2,0,0,DIRECT,1.0,0.0,21,0.456950308787
132,39502,0.936905,-0.565052,2.03914,DSB,2,0,0,DIRECT,1.0,0.0,7,0.946506052991
133,40955,-1.05691,1.20487,3.94882,DSB,2,1,1,DIRECT,1.0,0.0,17,0.398039239892
134,41111,3.21004,0.910359,2.60154,DSB,2,1,1,DIRECT,1.0,0.0,24,0.351245427498
135,41111,3.219926,0.940691,2.357706,DSB,2,0,0,DIRECT,1.0,0.0,24,0.340289521563
136,41295,0.54979,0.82838,3.0429,DSB+,3,0,0,DIRECT,1.0,0.0,17,0.540329984182
137,41613,1.13166,2.12925,0.352212,DSB,2,0,0,DIRECT,1.0,0.0,31,0.818747714224
138,42353,-4.4722,-0.318115,-0.889485,DSB,2,0,0,DIRECT,1.0,0.0,12,0.157578972183
139,42897,-1.82803,3.98478,-0.226923,DSB,2,0,0,DIRECT,1.0,0.0,45,0.097417737663
140,43764,-0.369281,0.798683,-2.06154,DSB,2,0,0,DIRECT,1.0,0.0,22,0.29132623646
141,44145,-2.00047,-1.11257,3.16105,DSB,2,1,1,DIRECT,1.0,0.0,4,0.858476097793
142,44251,0.423388,-1.44305,-0.718336,DSB,2,0,0,DIRECT,1.0,0.0,11,0.606055974009
143,44444,0.495763,3.35045,-3.10764,DSB,2,1,1,DIRECT,1.0,0.0,45,0.956312839403
144,44574,0.633399,-4.06493,-1.22029,DSB,2,0,0,DIRECT,1.0,0.0,1,0.94191539384
145,45390,-0.020825,2.389502,-0.213021,DSB,2,0,0,DIRECT,1.0,0.0,31,0.862895907415
146,45422,2.52723,-0.575073,1.9498,DSB,2,1,1,DIRECT,1.0,0.0,14,0.33310823753
147,46031,1.14676,-0.192383,-0.13296,DSB+,3,0,0,DIRECT,1.0,0.0,16,0.776836431411
148,46087,-3.57773,-1.58523,2.074,DSB+,3,1,1,DIRECT,1.0,0.0,4,0.124438343468
149,46467,-1.40722,-1.89411,0.215977,DSB+,3,0,0,DIRECT,1.0,0.0,4,0.607173926184
150,46859,0.893172,3.82516,1.55638,DSB,2,0,0,DIRECT,1.0,0.0,45,0.623586912648
151,47238,0.451444,-4.11034,-0.0350239,DSB,2,0,0,DIRECT,1.0,0.0,1,0.386382622323
152,48432,-2.27379,1.14941,2.98782,DSB,2,1,1,DIRECT,1.0,0.0,20,0.168907832282
153,48941,-0.0521823,0.173917,1.31476,DSB,2,0,0,DIRECT,1.0,0.0,13,0.828603884074
154,49360,-0.616563,-2.22659,-2.20774,DSB,2,0,0,DIRECT,1.0,0.0,8,0.298366311066
155,49487,1.736076,-0.505309,0.369782,DSB,2,0,0,DIRECT,1.0,0.0,14,0.344869094705
156,49553,-0.240627,1.02218,-0.720442,DSB,2,0,0,DIRECT,1.0,0.0,23,0.443620837453
157,49898,0.484438,-1.99351,-2.1986,DSB+,3,0,0,DIRECT,1.0,0.0,8,0.580635085975
158,50025,-1.31207,1.71999,1.18933,DSB+,3,1,1,DIRECT,1.0,0.0,26,0.31265152801
159,50036,1.09505,0.441578,2.75961,DSB,2,1,1,DIRECT,1.0,0.0,14,0.658523542395
160,50674,-0.0722417,-0.278345,1.10565,DSB,2,1,1,DIRECT,1.0,0.0,13,0.400329171298
161,50983,0.598852,-1.314857,-4.408071,DSB,2,0,0,DIRECT,1.0,0.0,15,0.213540461189
162,50983,0.606443,-1.297453,-4.411254,DSB,2,0,0,DIRECT,1.0,0.0,15,0.213564718079
163,51176,-2.08836,0.732288,-3.0691,DSB,2,0,0,DIRECT,1.0,0.0,22,0.210066123014
164,51219,1.5708,-1.42024,-2.80539,DSB,2,0,0,DIRECT,1.0,0.0,9,0.897428835282
165,51321,-2.09252,-1.06374,-0.268703,DSB,2,1,1,DIRECT,1.0,0.0,11,0.445202196711
166,51683,-0.271035,1.30455,1.43096,DSB,2,0,0,DIRECT,1.0,0.0,25,0.667760558913
167,51877,1.40995,0.103526,2.19952,DSB,2,0,0,DIRECT,1.0,0.0,14,0.49081751797
168,51907,0.399221,1.35406,-2.49416,DSB,2,0,0,DIRECT,1.0,0.0,32,0.221097513957
169,51965,1.62977,0.690203,3.82276,DSB+,3,0,0,DIRECT,1.0,0.0,17,0.489193337127
170,52016,0.0391525,2.11067,-1.47714,DSB,2,2,1,DIRECT,1.0,0.0,34,0.095841484375
171,52225,3.346415,0.627132,-0.352683,DSB,2,0,0,DIRECT,1.0,0.0,23,0.838009759104
172,52225,4.012975,0.913641,-0.178388,DSB+,3,0,0,DIRECT,1.0,0.0,24,0.730740046911
173,52247,-1.20248,-0.818728,1.17424,DSB,2,0,0,DIRECT,1.0,0.0,11,0.290966107533
174,52591,-3.74369,-1.84858,-1.89358,DSB+,3,0,0,DIRECT,1.0,0.0,8,0.080955986054
175,54575,-0.138431,1.226035,-1.210455,DSB+,3,1,1,DIRECT,1.0,0.0,23,0.873842172395
176,54577,-2.948785,1.041308,0.865543,DSB,2,1,1,DIRECT,1.0,0.0,20,0.327530725465
177,54788,-0.288965,-2.60329,-3.60197,DSB+,3,1,1,DIRECT,1.0,0.0,8,0.406136650231
178,54826,2.70698,-0.156949,-1.13516,DSB+,3,0,0,DIRECT,1.0,0.0,21,0.26556549438
179,55174,2.18689,-1.76268,0.433178,DSB,2,2,1,DIRECT,1.0,0.0,6,0.969102667023
180,55220,2.433376,1.807152,-1.259152,DSB+,3,0,0,DIRECT,1.0,0.0,36,0.585803312181
181,55306,-1.55821,3.302166,-0.622808,DSB,2,0,0,DIRECT,1.0,0.0,39,0.176864230709
182,55423,-0.733479,2.79369,1.11293,DSB+,3,0,0,DIRECT,1.0,0.0,31,0.491894946838
183,55590,-2.99775,-3.19125,-0.779374,DSB,2,0,0,DIRECT,1.0,0.0,3,0.051143002212
184,56644,2.32391,3.28976,-1.28014,DSB,2,1,1,DIRECT,1.0,0.0,46,0.076840335317
185,56655,-0.11514,1.09782,3.85294,DSB,2,0,0,DIRECT,1.0,0.0,17,0.436471304146
186,57018,2.998251,2.600066,-1.663297,DSB+,3,2,1,MIXED,1.0,0.0,43,0.505954639281
187,57018,2.999162,2.595922,-1.664057,DSB,2,0,0,DIRECT,1.0,0.0,43,0.505954361943
188,57308,2.59829,-0.0454832,-0.310298,DSB,2,1,1,DIRECT,1.0,0.0,21,0.127652291023
189,57347,2.35723,-0.317159,-3.03716,DSB++,5,0,0,DIRECT,1.0,0.0,18,0.739581697815
190,57686,1.72576,-1.45792,3.0677,DSB,2,0,0,DIRECT,1.0,0.0,6,0.611738637778
191,58167,-0.885064,-2.93577,-1.88142,DSB,2,0,0,DIRECT,1.0,0.0,3,0.524385002236
192,58262,-1.59568,3.3625,-0.0846425,DSB,2,0,0,DIRECT,1.0,0.0,39,0.473545214521
193,58326,0.0239324,-3.52677,-1.85176,DSB+,3,1,1,DIRECT,1.0,0.0,3,0.418448615191
194,58524,3.5766,2.81034,-0.533165,DSB,2,0,0,DIRECT,1.0,0.0,44,0.283120951351
195,58524,3.581245,2.807698,-0.535502,DSB,2,0,0,DIRECT,1.0,0.0,44,0.283157619483
196,58889,0.220673,1.061181,0.324537,DSB,2,0,0,DIRECT,1.0,0.0,23,0.553094181339
197,59150,-2.66944,2.03535,1.27825,DSB,2,0,0,DIRECT,1.0,0.0,26,0.357696729673
198,59426,-2.08182,1.66557,2.43991,DSB,2,0,0,DIRECT,1.0,0.0,20,0.623675760652
199,59460,2.33309,-2.42838,1.69164,DSB,2,1,1,DIRECT,1.0,0.0,6,0.290295667226
200,59650,0.254506,-3.44404,2.75247,DSB,2,0,0,DIRECT,1.0,0.0,2,0.050051253208
201,59650,0.268418,-3.44431,2.742084,DSB,2,0,0,DIRECT,1.0,0.0,2,0.050052882805
202,60423,2.15677,2.04966,1.67737,DSB,2,1,1,DIRECT,1.0,0.0,29,0.850215729365
203,60663,1.59643,0.0380239,-3.60219,DSB,2,0,0,DIRECT,1.0,0.0,18,0.905266453526
204,61024,1.97372,-0.94119,-3.72717,DSB,2,0,0,DIRECT,1.0,0.0,18,0.091301649607
205,61313,-2.78031,-2.66738,-2.26339,DSB,2,0,0,DIRECT,1.0,0.0,3,0.535765487171
206,61825,2.57124,-2.61232,-1.24896,DSB,2,0,0,DIRECT,1.0,0.0,9,0.077334442815
207,62707,-1.107544,-0.342538,-1.527854,DSB+,3,0,0,DIRECT,1.0,0.0,16,0.294212300694
208,63268,0.064081,3.112196,3.047451,DSB,2,0,0,DIRECT,1.0,0.0,38,0.139716073648
209,63565,-2.2545,2.31209,-0.441206,DSB+,3,0,0,DIRECT,1.0,0.0,28,0.680426335602
210,63804,-0.982897,-3.04835,-2.07923,DSB,2,0,0,DIRECT,1.0,0.0,3,0.510381315055
211,63884,0.146283,-2.02009,1.78848,DSB,2,0,0,DIRECT,1.0,0.0,4,0.428080360417
212,64182,1.5949,-0.421357,3.0403,DSB+,3,1,1,DIRECT,1.0,0.0,7,0.880482853522
213,64276,-1.95198,1.49162,-1.09647,DSB,2,1,1,DIRECT,1.0,0.0,26,0.957411195405
214,64466,2.00153,0.117219,0.510995,DSB,2,1,1,DIRECT,1.0,0.0,17,0.709205842393
215,64684,0.450777,-4.34658,0.523311,DSB+,3,0,0,DIRECT,1.0,0.0,1,0.247338958608
216,64850,3.17901,-2.15841,1.05438,DSB,2,0,0,DIRECT,1.0,0.0,6,0.781005689075
217,64984,0.697996,-0.812002,3.53448,DSB,2,0,0,DIRECT,1.0,0.0,7,0.309075273502
218,65186,-3.16355,-1.9145,1.15796,DSB,2,1,1,DIRECT,1.0,0.0,3,0.733596247537
219,65330,0.0342443,4.35467,0.0709777,DSB,2,0,0,DIRECT,1.0,0.0,46,0.558996616245
220,65964,2.31042,3.80213,-0.146223,DSB,2,0,0,DIRECT,1.0,0.0,46,0.603904596319
221,66015,0.980143,-2.12994,3.20584,DSB,2,1,1,DIRECT,1.0,0.0,6,0.078694428843
222,66027,3.68132,1.43477,0.686898,DSB,2,0,0,DIRECT,1.0,0.0,30,0.700575833557
223,66394,-0.25299,-2.65758,-3.56091,DSB+,3,0,0,DIRECT,1.0,0.0,8,0.406055343681
224,66658,-2.06931,1.69759,1.26153,DSB,2,0,0,DIRECT,1.0,0.0,26,0.323872787279
225,68090,-3.08334,-2.13976,0.305769,DSB,2,0,0,DIRECT,1.0,0.0,3,0.675745616686
226,68194,-1.93023,-0.0899708,-2.76628,DSB,2,0,0,DIRECT,1.0,0.0,15,0.700025000268
227,68483,-1.77713,2.93038,0.738361,DSB,2,0,0,DIRECT,1.0,0.0,31,0.58212450484
228,68487,-2.00101,-1.01225,-0.61004,DSB,2,2,1,DIRECT,1.0,0.0,11,0.657923406938
229,68668,1.820494,0.753379,-2.945981,DSB,2,0,0,DIRECT,1.0,0.0,22,0.812147739245
230,68984,3.3105,-0.459875,0.537764,DSB,2,0,0,DIRECT,1.0,0.0,14,0.882923660326
231,69009,-4.28478,-0.0385406,-1.22654,DSB,2,1,1,DIRECT,1.0,0.0,12,0.796606713723
232,69239,-0.88182,3.013987,-1.527817,DSB+,3,0,0,DIRECT,1.0,0.0,37,0.71823479797
233,69286,3.2703,-2.45931,-0.0335862,DSB,2,0,0,DIRECT,1.0,0.0,6,0.870032998399
234,69354,-0.90651,2.10339,-2.73,DSB,2,1,1,DIRECT,1.0,0.0,33,0.592579483572
235,69354,-0.909588,2.0954,-2.725738,DSB,2,0,0,DIRECT,1.0,0.0,33,0.592580169582
236,69405,-4.03243,-0.992304,-1.2269,DSB,2,0,0,DIRECT,1.0,0.0,12,0.107160875068
237,70057,-1.60093,-1.70597,2.02654,DSB,2,0,0,DIRECT,1.0,0.0,4,0.366755437082
238,70539,0.320604,-4.05327,1.99119,DSB+,3,0,0,DIRECT,1.0,0.0,1,0.125863014154
239,71174,1.54251,-1.70518,2.87484,DSB,2,1,1,DIRECT,1.0,0.0,6,0.472699497452
240,71253,-3.03549,1.44135,2.08402,DSB,2,0,0,DIRECT,1.0,0.0,20,0.524665686113
241,71359,3.67142,1.92787,-1.40989,DSB+,4,0,0,DIRECT,1.0,0.0,35,0.549463445174
242,71751,2.32522,1.71989,3.2943,DSB,2,1,1,DIRECT,1.0,0.0,24,0.432489960819
243,72399,-3.13845,-1.4087,0.0892788,DSB,2,1,1,DIRECT,1.0,0.0,4,0.63950364084
244,73025,0.174032,-1.37826,3.01929,DSB,2,0,0,DIRECT,1.0,0.0,6,0.484237184633
245,73064,1.46359,1.3606,-2.36907,DSB+,3,0,0,DIRECT,1.0,0.0,32,0.327080739115
246,73124,0.797772,-2.31551,-2.61135,DSB,2,0,0,DIRECT,1.0,0.0,8,0.518444053423
247,73232,0.752445,-3.48538,0.420125,DSB+,3,0,0,MIXED,1.0,0.0,2,0.461307463081
248,73232,0.762604,-3.482716,0.423862,DSB,2,2,1,DIRECT,1.0,0.0,2,0.461314479842
249,73262,-1.21769,-0.298787,1.78993,DSB+,4,0,0,DIRECT,1.0,0.0,7,0.920185926092
250,73300,-0.967517,-1.923587,-2.971578,DSB,2,0,0,DIRECT,1.0,0.0,8,0.507360814947
251,73960,0.632108,-2.2078,1.93771,DSB,2,0,0,DIRECT,1.0,0.0,6,0.23792508045
252,74072,-1.838502,1.3521,-3.768863,DSB,2,1,1,DIRECT,1.0,0.0,22,0.850611950745
253,74297,-0.623902,0.236602,2.46411,DSB,2,0,0,DIRECT,1.0,0.0,13,0.548585892905
254,74789,1.68446,-2.94801,-2.22653,DSB,2,1,1,DIRECT,1.0,0.0,5,0.684855641192
255,75100,-1.94525,0.845255,-0.647818,DSB,2,0,0,DIRECT,1.0,0.0,19,0.592017091718
256,75766,-0.578224,-2.30469,-1.31817,DSB,2,0,0,DIRECT,1.0,0.0,5,0.845724523893
257,75798,-0.353668,-1.3982,3.86279,DSB,2,1,1,DIRECT,1.0,0.0,4,0.242598689539
258,75857,-1.154255,0.429983,-1.010724,DSB,2,1,1,DIRECT,1.0,0.0,19,0.568198984447
259,76639,-2.24647,-3.0046,1.52793,DSB+,3,1,1,DIRECT,1.0,0.0,1,0.653440922352
260,76657,1.71579,3.65883,-0.159359,DSB,2,0,0,DIRECT,1.0,0.0,46,0.251534280582
261,77020,0.161451,-1.84642,-3.15959,DSB,2,0,0,DIRECT,1.0,0.0,8,0.931508349007
262,77151,0.472356,0.488153,-3.59876,DSB,2,0,0,DIRECT,1.0,0.0,22,0.571701488932
263,77636,-2.255834,0.780253,0.711916,DSB,2,0,0,DIRECT,1.0,0.0,20,0.367256409033
264,78677,-2.07433,-0.128041,-1.051,DSB,2,0,0,DIRECT,1.0,0.0,16,0.429563811292
265,78758,1.35981,2.06331,-0.4794,DSB+,3,0,0,DIRECT,1.0,0.0,31,0.925836076265
266,78933,1.61575,-1.42196,-1.28039,DSB,2,3,1,DIRECT,1.0,0.0,9,0.499046526868
267,79311,-1.23747,-2.09928,-3.05617,DSB,2,0,0,DIRECT,1.0,0.0,8,0.363650188539
268,79580,-0.715963,2.178489,-0.021687,DSB,2,0,0,DIRECT,1.0,0.0,31,0.188439911081
269,79694,0.701557,2.45517,-2.22782,DSB+,3,0,0,DIRECT,1.0,0.0,35,0.494523667823
270,80030,1.94696,2.99394,-1.26518,DSB,2,0,0,DIRECT,1.0,0.0,44,0.232295631124
271,80158,1.06191,1.62845,-0.946826,DSB,2,0,0,DIRECT,1.0,0.0,30,0.505807382686
272,80281,-0.664721,-3.7878,0.679778,DSB+,3,0,0,DIRECT,1.0,0.0,1,0.467772217898
273,80911,-1.24943,1.0496,4.13921,DSB+,3,1,1,DIRECT,1.0,0.0,17,0.346534374486
274,81023,-2.11983,2.34382,-0.829902,DSB+,3,1,1,DIRECT,1.0,0.0,28,0.756177261978
275,81871,4.43715,0.035725,0.691948,DSB+,3,0,0,DIRECT,1.0,0.0,21,0.439093617034
276,81899,3.44706,-2.13187,1.25401,DSB+,3,1,1,DIRECT,1.0,0.0,6,0.778806573411
277,82159,1.650076,2.239471,-3.254008,DSB+,3,1,1,DIRECT,1.0,0.0,40,0.930424705328
278,82436,-0.26877,1.28964,0.0509298,DSB,2,0,0,DIRECT,1.0,0.0,23,0.560655351249
279,82578,-0.230061,-0.70936,3.76341,DSB,2,0,0,DIRECT,1.0,0.0,7,0.247691972947
280,82824,-0.307402,-2.557,1.97687,DSB,2,0,0,DIRECT,1.0,0.0,2,0.675080578048
281,82924,-1.25857,-2.4457,-0.130487,DSB+,3,0,0,DIRECT,1.0,0.0,2,0.947607094602
282,82924,-1.261618,-2.449671,-0.119795,DSB,2,0,0,DIRECT,1.0,0.0,2,0.947600520838
283,82956,-0.239383,3.408651,-2.913335,DSB+,3,0,0,DIRECT,1.0,0.0,45,0.793126748954
284,83394,-1.00621,3.42544,0.837574,DSB,2,0,0,DIRECT,1.0,0.0,39,0.821110058149
285,83998,0.761162,-0.54667,3.91564,DSB+,4,2,1,DIRECT,1.0,0.0,7,0.790024729464
286,84062,-2.77284,-1.47161,-2.67638,DSB+,3,1,1,DIRECT,1.0,0.0,8,0.614178031686
287,84172,-0.458187,0.290605,0.133699,DSB,2,0,0,DIRECT,1.0,0.0,16,0.678673907569
288,84496,1.42599,-2.43431,-2.69835,DSB,2,0,0,DIRECT,1.0,0.0,9,0.248970193219
289,84844,1.76809,3.38509,0.394849,DSB,2,0,0,DIRECT,1.0,0.0,44,0.987697574079
290,85084,3.43382,0.552628,-0.534505,DSB,2,0,0,DIRECT,1.0,0.0,23,0.928158111378
291,85556,-1.23526,-1.8082,0.736822,DSB+,3,0,0,DIRECT,1.0,0.0,4,0.627426979694
292,85575,-2.84921,-0.991276,-1.85516,DSB,2,0,0,DIRECT,1.0,0.0,11,0.572299474053
293,85630,-0.279867,-0.174279,-1.64082,DSB,2,0,0,DIRECT,1.0,0.0,16,0.88685725269
294,85936,-0.267899,4.00845,-0.678637,DSB,2,0,0,DIRECT,1.0,0.0,46,0.269090841869
295,85946,1.40122,0.372927,3.59948,DSB,2,0,0,DIRECT,1.0,0.0,14,0.599872332254
296,86027,1.60235,-4.0143,-1.4052,DSB,2,0,0,DIRECT,1.0,0.0,1,0.997757654361
297,86195,-3.48433,0.915567,1.1216,DSB,2,0,0,DIRECT,1.0,0.0,13,0.774455556335
298,86455,2.52951,1.75332,2.25524,DSB+,4,1,1,DIRECT,1.0,0.0,24,0.951134630704
299,86613,1.41928,-0.572289,-1.4515,DSB,2,0,0,DIRECT,1.0,0.0,16,0.909945257919
300,86863,2.08214,0.777192,0.786957,DSB,2,0,0,DIRECT,1.0,0.0,23,0.534370402557
301,87141,-1.05945,2.2175,-0.840973,DSB,2,1,1,DIRECT,1.0,0.0,28,0.77732100498
302,87231,1.60613,2.1307,0.637234,DSB+,3,0,0,DIRECT,1.0,0.0,31,0.829173727787
303,87270,0.212087,-2.22145,-0.426069,DSB,2,1,1,DIRECT,1.0,0.0,5,0.922022645537
304,87529,2.42279,1.44878,-3.1134,DSB,2,0,0,DIRECT,1.0,0.0,34,0.196925142628
305,87739,3.58834,-1.47353,-2.51583,DSB,2,0,0,DIRECT,1.0,0.0,10,0.971131525505
306,88147,1.26966,-0.866153,3.44358,DSB,2,0,0,DIRECT,1.0,0.0,7,0.360053923118
307,88147,1.273843,-0.863582,3.439904,DSB,2,0,0,DIRECT,1.0,0.0,7,0.360062779907
308,88197,-0.575057,-1.61942,-4.17009,DSB,2,0,0,DIRECT,1.0,0.0,9,0.733156832721
309,88672,2.39432,0.0972958,2.70598,DSB+,3,1,1,DIRECT,1.0,0.0,14,0.521898963861
310,88950,2.28525,1.20961,-2.53673,DSB,2,0,0,DIRECT,1.0,0.0,32,0.40597723257
311,88986,1.05488,-1.48313,2.31429,DSB+,3,0,0,DIRECT,1.0,0.0,6,0.657678864263
312,89138,-0.852775,-1.05673,1.43925,DSB,2,1,1,DIRECT,1.0,0.0,7,0.486217143716
313,89574,2.74632,1.00329,2.18112,DSB,2,0,0,DIRECT,1.0,0.0,24,0.333535624498
314,89701,0.797931,-3.13156,-0.617057,DSB,2,1,1,DIRECT,1.0,0.0,5,0.35389675662
315,91037,-4.01779,0.922217,0.740581,DSB+,3,0,0,DIRECT,1.0,0.0,13,0.782340433782
316,91594,-1.598189,2.522366,-2.607163,DSB,2,1,1,DIRECT,1.0,0.0,34,0.462206506365
317,91738,-1.01106,-0.663636,3.8079,DSB,2,0,0,DIRECT,1.0,0.0,7,0.13997170123
318,91862,-1.21938,-2.64813,-2.23033,DSB,2,1,1,DIRECT,1.0,0.0,3,0.94631371269
319,92128,0.295046,-1.52001,-2.81217,DSB,2,0,0,DIRECT,1.0,0.0,9,0.660445549961
320,92316,-2.1072,1.42559,-3.36029,DSB,2,1,1,DIRECT,1.0,0.0,22,0.934319394241
321,92436,1.92971,1.0472,3.99559,DSB,2,1,1,DIRECT,1.0,0.0,25,0.224006446359
322,92612,1.91557,1.35148,-3.17802,DSB,2,1,1,DIRECT,1.0,0.0,32,0.861480510868
323,93020,-2.437355,0.96043,-1.542855,DSB,2,1,1,DIRECT,1.0,0.0,27,0.013356078353
324,93137,3.73644,-0.124374,1.80368,DSB,2,1,1,DIRECT,1.0,0.0,14,0.817202425576
325,93188,-2.560155,-0.098273,3.292869,DSB,2,0,0,DIRECT,1.0,0.0,13,0.048658393068
326,93223,-1.59838,-2.07364,2.1981,DSB,2,0,0,DIRECT,1.0,0.0,4,0.106329126319
327,93302,0.262518,-2.89837,2.27699,DSB+,3,1,1,DIRECT,1.0,0.0,2,0.272037336763
328,93400,-0.532953,-1.86404,-3.56114,DSB,2,1,1,DIRECT,1.0,0.0,8,0.958681693549
329,94216,-2.79506,-0.399178,-1.95307,DSB,2,0,0,DIRECT,1.0,0.0,12,0.689549923786
330,94373,-0.978183,2.09305,-2.06141,DSB,2,1,1,DIRECT,1.0,0.0,33,0.339850786666
331,95018,-1.618298,2.249953,-0.639169,DSB,2,1,1,DIRECT,1.0,0.0,28,0.765473602885
332,95018,-1.64476,2.214803,-0.738512,DSB,2,0,0,DIRECT,1.0,0.0,28,0.763555009798
333,95327,0.0537482,-3.61731,1.72241,DSB,2,0,0,DIRECT,1.0,0.0,1,0.538156541805
334,95451,3.0818,-0.218357,-0.627542,DSB,2,0,0,DIRECT,1.0,0.0,21,0.186832025134
335,95597,-0.867881,1.43014,-3.85437,DSB,2,0,0,DIRECT,1.0,0.0,33,0.02592697365
336,95758,-1.27267,3.61898,-0.890324,DSB,2,1,1,DIRECT,1.0,0.0,44,0.808393258293
337,95949,2.1234,-1.62612,-0.136788,DSB,2,0,0,DIRECT,1.0,0.0,10,0.122713369797
338,96900,1.53508,-0.277099,3.8497,DSB,2,1,1,DIRECT,1.0,0.0,14,0.146482218718
339,97140,2.40258,-0.639975,2.78581,DSB,2,0,0,DIRECT,1.0,0.0,7,0.894001478859
340,97230,-0.506897,-1.41883,4.22443,DSB,2,0,0,DIRECT,1.0,0.0,4,0.214076995612
341,97551,-1.79564,-0.589136,0.81789,DSB,2,0,0,DIRECT,1.0,0.0,11,0.855023951424
342,98323,-3.56663,-0.412999,-1.58108,DSB,2,0,0,DIRECT,1.0,0.0,12,0.529984699926
343,98402,1.074178,3.58718,-2.313411,DSB+,3,0,0,DIRECT,1.0,0.0,46,0.821278242723
344,99180,-2.68928,-1.69476,2.27227,DSB,2,0,0,DIRECT,1.0,0.0,4,0.129438432122
345,99470,1.42743,0.919802,-3.84727,DSB,2,0,0,DIRECT,1.0,0.0,32,0.598947904136
346,99810,2.095818,-2.60999,-3.044367,DSB,2,2,1,DIRECT,1.0,0.0,9,0.264357641367
347,100517,-0.357837,0.939602,-3.54174,DSB,2,0,0,DIRECT,1.0,0.0,22,0.834301117281
348,100984,0.66477,-0.387705,2.3547,DSB,2,1,1,DIRECT,1.0,0.0,7,0.906197890939
349,101248,2.19565,1.40776,-3.49252,DSB,2,0,0,DIRECT,1.0,0.0,34,0.18634869496
350,101274,-1.352545,1.539426,-2.291636,DSB,2,0,0,DIRECT,1.0,0.0,27,0.926862218588
351,101365,-1.36413,-1.09733,3.16539,DSB,2,0,0,DIRECT,1.0,0.0,4,0.83490441132
352,101615,2.47758,0.689595,-3.50251,DSB+,4,0,0,MIXED,1.0,0.0,32,0.580888930014
353,101615,2.466737,0.689646,-3.50654,DSB+,3,0,0,DIRECT,1.0,0.0,32,0.58086901347
354,101615,2.47856,0.687963,-3.501686,DSB,2,0,0,DIRECT,1.0,0.0,32,0.580888764778
355,101889,1.475792,1.649359,-1.748502,DSB,2,2,1,DIRECT,1.0,0.0,33,0.387433563084
356,103238,1.41821,2.85004,-3.13389,DSB+,3,1,1,DIRECT,1.0,0.0,43,0.931848818735
357,103529,-0.610674,2.09979,-2.02826,DSB,2,1,1,DIRECT,1.0,0.0,33,0.428008863245
358,103951,1.31822,-1.47446,-1.51499,DSB,2,0,0,DIRECT,1.0,0.0,9,0.501626710181
359,104768,-2.84918,-1.34597,-2.84781,DSB++,5,0,0,DIRECT,1.0,0.0,8,0.824688176596
360,104900,1.48291,-3.50527,-1.919,DSB,2,2,1,DIRECT,1.0,0.0,5,0.252907382957
361,104900,1.483182,-3.516329,-1.913194,DSB,2,0,0,DIRECT,1.0,0.0,5,0.252899262008
362,104929,1.66398,-1.18394,-2.53592,DSB+,3,0,0,DIRECT,1.0,0.0,16,0.265107341091
363,105468,-1.41001,-1.54176,2.70942,DSB,2,0,0,DIRECT,1.0,0.0,4,0.31959441805
364,105878,-1.0883,-3.09334,0.829821,DSB,2,0,0,DIRECT,1.0,0.0,2,0.385001692883
365,106206,-2.12245,-3.89596,0.372082,DSB++,5,0,0,DIRECT,1.0,0.0,1,0.192449371735
366,106400,2.65522,-0.928815,0.585759,DSB,2,0,0,DIRECT,1.0,0.0,10,0.653016438931
367,106511,-0.690639,1.15851,3.93965,DSB,2,0,0,DIRECT,1.0,0.0,17,0.401830609096
368,106529,0.337046,2.71045,-1.25985,DSB,2,0,0,DIRECT,1.0,0.0,37,0.690545595376
369,106741,-0.987001,3.20916,2.91062,DSB,2,0,0,DIRECT,1.0,0.0,38,0.196895148699
370,107266,-0.660144,-1.40389,0.145387,DSB,2,1,1,DIRECT,1.0,0.0,11,0.433158126319
371,107318,1.307492,-2.015968,-3.896874,DSB,2,0,0,DIRECT,1.0,0.0,9,0.759379057827
372,107501,-0.546562,4.0434,-0.126548,DSB,2,1,1,DIRECT,1.0,0.0,46,0.355736652371
373,107539,2.54846,-1.1458,0.986368,DSB+,3,0,0,DIRECT,1.0,0.0,10,0.341266539498
374,108457,0.848078,1.26852,0.676076,DSB,2,0,0,DIRECT,1.0,0.0,23,0.595182715316
375,108655,4.22622,-0.242033,0.447566,DSB,2,0,0,DIRECT,1.0,0.0,21,0.101332326354
376,108873,1.42002,-1.81767,3.68546,DSB+,4,1,1,DIRECT,1.0,0.0,6,0.152876952679
377,109092,-0.486072,0.957044,0.811595,DSB,2,0,0,DIRECT,1.0,0.0,25,0.734753255326
378,109427,-3.66429,-1.27825,-2.43267,DSB,2,0,0,DIRECT,1.0,0.0,8,0.620266818439
379,109869,2.326478,1.946202,-1.288538,DSB,2,0,0,DIRECT,1.0,0.0,36,0.586145402596
380,110273,0.67921,-0.70509,-1.06443,DSB,2,0,0,DIRECT,1.0,0.0,16,0.241137019952
381,110787,2.76692,2.57312,0.450674,DSB,2,1,1,DIRECT,1.0,0.0,39,0.082709366651
382,110920,4.14145,-0.590965,-0.377108,DSB,2,1,1,DIRECT,1.0,0.0,21,0.176138926723
383,111444,4.11658,-0.727747,0.914362,DSB+,3,0,0,DIRECT,1.0,0.0,10,0.748578976508
384,111745,2.66476,2.20121,1.48237,DSB,2,0,0,DIRECT,1.0,0.0,37,0.084628437334
385,112458,2.16242,1.81014,-1.03779,DSB+,3,0,0,DIRECT,1.0,0.0,36,0.103732425936
386,112486,0.222894,3.56888,2.17377,DSB,2,2,1,DIRECT,1.0,0.0,40,0.189161213264
387,112535,-1.9784,-1.15604,2.1441,DSB,2,0,0,DIRECT,1.0,0.0,4,0.769202154281
388,112560,0.549079,-1.18433,-4.27608,DSB,2,0,0,DIRECT,1.0,0.0,15,0.214176250214
389,112610,3.71672,-0.489207,-0.179062,DSB,2,0,0,DIRECT,1.0,0.0,14,0.968323559137
390,113130,0.00182851,1.83727,2.02821,DSB+,3,3,1,DIRECT,1.0,0.0,29,0.212368990146
391,113231,1.75264,-1.3223,3.70077,DSB,2,1,1,DIRECT,1.0,0.0,6,0.576239427329
392,113474,0.712507,-2.30818,-0.383883,DSB+,4,1,1,DIRECT,1.0,0.0,5,0.923367125694
393,113559,1.98526,0.158945,-0.685847,DSB,2,1,1,DIRECT,1.0,0.0,21,0.334708878295
394,113968,0.133703,-2.72601,3.14652,DSB,2,1,1,DIRECT,1.0,0.0,2,0.209260578143
395,113968,0.129327,-2.727254,3.142471,DSB,2,1,1,DIRECT,1.0,0.0,2,0.209260673071
396,113968,0.128653,-2.728092,3.141774,DSB,2,0,1,DIRECT,1.0,0.0,2,0.209260696803
397,114006,1.18783,-1.41281,-0.355193,DSB,2,0,0,DIRECT,1.0,0.0,10,0.130680298371
398,114006,1.083993,-1.468083,-0.429152,DSB,2,0,0,DIRECT,1.0,0.0,11,0.610624396351
399,114302,3.68721,1.53705,-1.40011,DSB,2,0,0,DIRECT,1.0,0.0,36,0.634152103735
400,115459,-1.57494,-2.31587,-1.26077,DSB+,3,1,1,DIRECT,1.0,0.0,3,0.861110276962
401,115894,-2.92142,-1.26644,1.29697,DSB,2,1,1,DIRECT,1.0,0.0,4,0.710367992843
402,116249,-0.53015,3.37401,-2.05354,DSB+,4,0,0,DIRECT,1.0,0.0,44,0.088371804167
403,116401,3.94047,-0.803269,0.555555,DSB,2,0,0,DIRECT,1.0,0.0,10,0.756336476865
404,116710,2.54606,-2.70685,-1.46314,DSB,2,0,0,DIRECT,1.0,0.0,9,0.059823834612
405,117667,0.763355,0.140094,-0.519257,DSB,2,0,0,DIRECT,1.0,0.0,23,0.066321979489
406,117835,1.767269,-0.787202,1.804586,DSB,2,0,0,DIRECT,1.0,0.0,14,0.074364252539
407,117959,1.3717,3.18553,2.05667,DSB+,3,0,0,DIRECT,1.0,0.0,40,0.121525349678
408,118057,2.42912,0.930344,-1.88707,DSB,2,0,0,DIRECT,1.0,0.0,32,0.195536744262
409,118187,0.246761,-3.47048,-1.62915,DSB,2,4,1,DIRECT,1.0,0.0,5,0.189122589568
410,118242,-3.13671,0.577514,-0.855017,DSB,2,1,1,DIRECT,1.0,0.0,19,0.19002424629
411,118331,0.900838,-2.56599,-0.48924,DSB,2,0,0,DIRECT,1.0,0.0,5,0.480017574968
412,118811,-1.54813,4.16569,0.724311,DSB,2,2,1,DIRECT,1.0,0.0,45,0.556890922905
413,118905,-0.519988,-2.32201,-0.782725,DSB,2,0,0,DIRECT,1.0,0.0,5,0.915198362872
414,119032,1.6876,0.239073,-0.879763,DSB,2,0,0,DIRECT,1.0,0.0,21,0.338941427873
415,119275,-1.96554,-1.21114,2.71345,DSB,2,0,0,DIRECT,1.0,0.0,4,0.81546087356
416,119368,0.63589,3.47627,-2.14745,DSB,2,0,0,DIRECT,1.0,0.0,46,0.009653654948
417,119438,-0.203752,-0.48978,-1.53326,DSB,2,0,0,DIRECT,1.0,0.0,16,0.301831897475
418,119474,2.5763,-1.80426,2.15985,DSB,2,0,0,DIRECT,1.0,0.0,6,0.691946464471
419,120086,-1.09085,-3.74365,0.782272,DSB,2,0,0,DIRECT,1.0,0.0,1,0.49520915011
420,120277,-1.31305,-3.5242,-0.24916,DSB,2,0,0,DIRECT,1.0,0.0,1,0.817559765085
421,120277,-1.316944,-3.517359,-0.245916,DSB,2,0,0,DIRECT,1.0,0.0,1,0.817567683662
422,120318,0.563026,2.1052,0.925901,DSB+,3,0,0,DIRECT,1.0,0.0,29,0.914457968524
423,123071,0.655864,2.29509,1.86282,DSB,2,0,0,DIRECT,1.0,0.0,29,0.732624395556
424,123470,-2.63418,2.04669,2.79063,DSB,2,0,0,DIRECT,1.0,0.0,20,0.613461673074
425,123493,2.01522,-1.59075,-1.65627,DSB,2,1,1,DIRECT,1.0,0.0,9,0.545083167884
426,123523,-2.81436,3.32741,-1.10718,DSB,2,0,0,DIRECT,1.0,0.0,39,0.208829561528
427,123950,-0.289666,-0.219813,-1.62231,DSB++,5,2,1,DIRECT,1.0,0.0,16,0.886808377266
428,124300,-3.57324,-2.26739,1.78905,DSB+,3,0,0,DIRECT,1.0,0.0,4,0.018718210649
429,124431,1.01467,-3.64588,2.67841,DSB,2,0,0,DIRECT,1.0,0.0,1,0.580716200096
430,124460,-1.14667,0.182397,-0.732319,DSB,2,0,0,DIRECT,1.0,0.0,16,0.753984438622
431,124479,1.05272,-3.47564,-2.1722,DSB+,3,0,0,DIRECT,1.0,0.0,5,0.240135478205
432,124612,-3.24155,-2.71187,-1.51643,DSB,2,0,0,DIRECT,1.0,0.0,3,0.360885209766
433,125243,2.03587,-3.93157,0.893378,DSB,2,3,1,DIRECT,1.0,0.0,1,0.795879776856
434,125435,-0.0142606,-2.6344,1.94727,DSB,2,0,0,DIRECT,1.0,0.0,2,0.651982555398
435,126537,0.912528,0.278781,4.36307,DSB+,3,0,0,DIRECT,1.0,0.0,17,0.064887515379
436,126810,0.310491,2.70207,2.70292,DSB,2,1,1,DIRECT,1.0,0.0,29,0.62958741004
437,127580,1.46031,2.21313,2.35188,DSB,2,0,0,DIRECT,1.0,0.0,29,0.699235254694
438,128503,-1.64494,2.87003,3.12039,DSB,2,0,0,DIRECT,1.0,0.0,31,0.102714730752
439,128645,2.90549,0.406887,-1.53543,DSB,2,1,1,DIRECT,1.0,0.0,21,0.93041131891
440,128671,-2.32599,-2.24228,2.24829,DSB,2,1,1,DIRECT,1.0,0.0,2,0.716514224169
441,128878,-2.17043,-2.34827,2.5208,DSB,2,0,0,DIRECT,1.0,0.0,2,0.195105393809
442,129489,-2.77749,-0.961641,2.25851,DSB,2,0,0,DIRECT,1.0,0.0,4,0.796431807283
443,129516,2.94692,0.263677,-1.84536,DSB+,3,2,1,DIRECT,1.0,0.0,21,0.740343318723
444,129665,-0.418702,2.466615,-1.796955,DSB,2,2,1,DIRECT,1.0,0.0,34,0.579503067087
445,129709,0.665252,3.053709,0.886052,DSB,2,0,0,DIRECT,1.0,0.0,39,0.5903097124
446,130375,-1.58598,-3.55446,1.73916,DSB,2,2,1,DIRECT,1.0,0.0,1,0.112044480095
447,131303,0.223722,-1.70295,0.168947,DSB,2,0,0,DIRECT,1.0,0.0,4,0.96908926204
448,131533,2.25232,-3.70155,0.606262,DSB+,3,2,1,DIRECT,1.0,0.0,2,0.469347682491
449,131711,2.99628,0.904498,-2.77885,DSB,2,0,0,DIRECT,1.0,0.0,32,0.451727319594
450,132325,-1.18549,2.01887,-2.36109,DSB,2,0,0,DIRECT,1.0,0.0,33,0.435459027762
451,133413,-2.46509,1.88266,-1.94858,DSB,2,1,1,DIRECT,1.0,0.0,27,0.816848461074
452,133923,-1.19282,-2.75283,1.294,DSB,2,0,0,DIRECT,1.0,0.0,2,0.331971088887
453,134181,3.947358,-0.74157,1.082342,DSB,2,1,1,DIRECT,1.0,0.0,14,0.36095894222
454,134684,-0.728995,-0.97741,0.0904705,DSB+,3,0,0,DIRECT,1.0,0.0,11,0.698887237198
455,134950,1.9412,-3.3369,2.2121,DSB,2,1,1,DIRECT,1.0,0.0,2,0.312872746647
456,135948,-0.471301,1.33902,-0.687808,DSB,2,0,0,DIRECT,1.0,0.0,23,0.770192994669
457,135979,0.0293898,-3.26811,1.97349,DSB,2,1,1,DIRECT,1.0,0.0,1,0.640481692345
458,136246,3.3557,1.04626,2.81949,DSB+,3,0,0,DIRECT,1.0,0.0,24,0.390958388942
459,136246,3.346065,1.055165,2.828214,DSB,2,0,0,DIRECT,1.0,0.0,24,0.390967944085
460,136713,-1.61414,0.676299,-0.160013,DSB+,3,1,1,DIRECT,1.0,0.0,19,0.654307509191
461,136859,-2.51716,2.17702,1.69378,DSB,2,0,0,DIRECT,1.0,0.0,26,0.395893557927
462,136922,0.135526,-2.922121,-0.840407,DSB,2,0,0,DIRECT,1.0,0.0,5,0.318035828234
463,137149,0.677302,-2.997332,-0.121773,DSB,2,0,0,DIRECT,1.0,0.0,5,0.364717491945
464,137363,-4.36881,-0.663183,-1.24256,DSB,2,2,1,DIRECT,1.0,0.0,12,0.153065599209
465,137672,2.52999,-1.16859,2.68947,DSB,2,2,1,DIRECT,1.0,0.0,7,0.585761704308
466,137763,-1.77142,2.79824,0.163303,DSB+,3,2,1,DIRECT,1.0,0.0,31,0.742754079146
467,137763,-1.753312,2.801271,0.159752,DSB+,3,0,0,DIRECT,1.0,0.0,31,0.742777157222
468,138039,-1.590939,0.828759,-3.757082,DSB,2,1,1,DIRECT,1.0,0.0,22,0.522589551283
469,138091,1.51007,-1.39929,-1.47561,DSB,2,0,0,DIRECT,1.0,0.0,9,0.499412374724
470,138121,1.10795,-2.44175,-0.223609,DSB,2,0,0,DIRECT,1.0,0.0,5,0.927271410242
471,138133,-2.26931,-0.873345,3.89887,DSB,2,1,1,DIRECT,1.0,0.0,4,0.889633401435
472,138133,-2.270886,-0.845452,3.890736,DSB,2,0,0,DIRECT,1.0,0.0,4,0.889629714253
473,138223,-0.675082,2.21243,-0.0306543,DSB+,3,0,0,DIRECT,1.0,0.0,31,0.18850939867
474,138429,-4.03831,-0.020355,-0.0260587,DSB,2,1,1,DIRECT,1.0,0.0,12,0.366572217034
475,139311,-1.750823,2.019282,-2.417238,DSB,2,0,0,DIRECT,1.0,0.0,33,0.220156796859
476,139910,4.44078,-0.0678718,-0.359555,DSB,2,0,0,DIRECT,1.0,0.0,21,0.308418322652
477,140794,-1.65339,-1.61583,-3.31681,DSB,2,0,0,DIRECT,1.0,0.0,8,0.89822808993
478,140820,-2.37214,-1.16817,-2.18405,DSB+,3,0,0,DIRECT,1.0,0.0,8,0.772148159966
479,140898,1.952041,-2.639445,2.385598,DSB,2,1,1,DIRECT,1.0,0.0,6,0.005197691435
480,142003,1.45148,-2.41781,-2.68155,DSB,2,1,1,DIRECT,1.0,0.0,9,0.248992366635
481,142362,-2.161538,1.829288,-0.020442,DSB,2,0,0,DIRECT,1.0,0.0,26,0.845644884488
482,143311,-1.08151,1.79473,1.56052,DSB+,3,1,1,DIRECT,1.0,0.0,25,0.872703613218
483,143316,-2.393806,2.174265,-0.301802,DSB,2,0,0,DIRECT,1.0,0.0,27,0.479712768152
484,144845,-2.8742,0.583732,-2.85859,DSB,2,0,0,DIRECT,1.0,0.0,19,0.379972723828
485,144850,2.12518,3.79535,-1.07034,DSB,2,0,0,DIRECT,1.0,0.0,46,0.739367249249
486,144923,0.266726,2.50029,-0.0787299,DSB,2,0,0,DIRECT,1.0,0.0,31,0.859215653875
487,145040,-2.85759,-2.13017,0.803509,DSB,2,0,0,DIRECT,1.0,0.0,3,0.687281575777
488,145042,2.26619,0.20614,-3.36996,DSB++,5,0,0,DIRECT,1.0,0.0,21,0.829629658733
489,145109,-1.92241,2.89934,-0.0114795,DSB,2,0,0,DIRECT,1.0,0.0,31,0.745944008954
490,145756,-2.14691,0.938998,3.44172,DSB,2,1,1,DIRECT,1.0,0.0,20,0.124087896958
491,145908,2.08292,1.86892,3.68219,DSB,2,0,0,DIRECT,1.0,0.0,29,0.119116538277
492,145910,-4.18322,-1.22279,-0.990365,DSB,2,0,0,DIRECT,1.0,0.0,4,0.942552351938
493,145962,2.000752,1.113492,-2.430346,DSB,2,0,0,DIRECT,1.0,0.0,32,0.31932213248
494,146283,-1.64434,-0.516881,3.69734,DSB,2,1,1,DIRECT,1.0,0.0,7,0.136645291737
495,146283,-1.643871,-0.515231,3.695147,DSB,2,0,0,DIRECT,1.0,0.0,7,0.136645358214
496,146333,1.49321,-0.815955,-1.66194,DSB+,3,0,0,DIRECT,1.0,0.0,16,0.274605962828
497,146622,1.79898,-1.20192,3.9164,DSB+,3,0,0,DIRECT,1.0,0.0,6,0.574911120456
498,146719,-1.30311,-0.0654059,-3.14024,DSB+,3,2,1,DIRECT,1.0,0.0,19,0.3168629799
499,147183,-2.152089,-0.56679,-0.896807,DSB,2,1,1,DIRECT,1.0,0.0,12,0.495984360052
500,147561,0.498824,-2.139142,-3.393933,DSB,2,0,0,DIRECT,1.0,0.0,8,0.963277998857
501,148695,1.83004,-0.890544,-3.02999,DSB+,3,0,0,DIRECT,1.0,0.0,16,0.978936172635
502,149266,0.0437074,2.161,-2.30321,DSB+,3,0,0,DIRECT,1.0,0.0,34,0.399319278867
503,149282,1.44288,2.12841,-1.76408,DSB,2,1,1,DIRECT,1.0,0.0,34,0.522612287306
504,149991,-2.62057,-2.09596,-2.68246,DSB,2,1,1,DIRECT,1.0,0.0,8,0.027347018402
505,150728,-0.161873,0.563582,-2.53986,DSB,2,0,0,DIRECT,1.0,0.0,22,0.189822738226
506,151807,1.60831,-2.45849,-2.85241,DSB,2,0,0,DIRECT,1.0,0.0,9,0.248479052853
507,151963,2.91579,2.25122,-0.584196,DSB,2,0,0,DIRECT,1.0,0.0,36,0.974337641024
508,153140,2.22064,0.720134,0.463943,DSB,2,0,0,DIRECT,1.0,0.0,21,0.481758524397
509,153727,-3.4555,-1.96262,1.73434,DSB+,3,1,1,DIRECT,1.0,0.0,4,0.064774316259
510,153933,-3.977438,0.737911,1.549345,DSB,2,1,1,DIRECT,1.0,0.0,13,0.516736040072
511,154291,-0.782455,2.31199,-3.93974,DSB,2,0,0,DIRECT,1.0,0.0,35,0.851437163623
512,155269,3.12787,-2.18102,-1.65316,DSB,2,1,1,DIRECT,1.0,0.0,9,0.356054272695
513,155463,-2.5851,2.61095,-1.20875,DSB,2,0,0,DIRECT,1.0,0.0,28,0.942668718323
514,155584,0.422854,3.05788,-0.667493,DSB,2,0,0,DIRECT,1.0,0.0,41,0.843236868567
515,155689,-2.94075,-1.07391,0.662968,DSB,2,1,1,DIRECT,1.0,0.0,11,0.09505939793
516,156059,4.5372,-0.448714,-0.83501,DSB,2,2,1,DIRECT,1.0,0.0,21,0.247502801206
517,156063,-3.270612,1.115806,0.353125,DSB,2,1,1,DIRECT,1.0,0.0,20,0.39358632489
518,156118,3.72025,1.96836,1.22361,DSB+,4,0,0,DIRECT,1.0,0.0,37,0.012361419815
519,156765,-3.67172,0.72044,-0.730806,DSB+,4,0,0,DIRECT,1.0,0.0,19,0.167401727684
520,156929,-2.26749,3.12739,-0.411107,DSB+,3,1,1,DIRECT,1.0,0.0,35,0.084782180794
521,157033,3.09338,2.02649,-2.03979,DSB,2,0,0,DIRECT,1.0,0.0,35,0.567018959507
522,157351,-4.27223,-0.552236,0.548685,DSB,2,1,1,DIRECT,1.0,0.0,12,0.061214204465
523,158102,2.66485,-0.471997,-1.40422,DSB,2,0,0,DIRECT,1.0,0.0,18,0.449719130197
524,158306,2.32109,-0.493229,-2.33776,DSB+,4,1,1,DIRECT,1.0,0.0,18,0.283724428022
525,158465,2.54353,0.564886,2.62871,DSB,2,0,0,DIRECT,1.0,0.0,17,0.989903061523
526,158531,0.431967,-2.94942,-2.05581,DSB+,4,1,1,DIRECT,1.0,0.0,5,0.569588845727
527,158533,1.59669,0.987036,2.74731,DSB,2,0,0,DIRECT,1.0,0.0,24,0.101309424046
528,158760,-4.2587,-0.521075,-0.832533,DSB,2,0,0,DIRECT,1.0,0.0,12,0.159094589244
529,159057,2.05351,-2.18882,-2.75557,DSB,2,0,0,DIRECT,1.0,0.0,9,0.302272248031
530,159085,2.65155,-2.01415,0.488284,DSB,2,0,0,DIRECT,1.0,0.0,6,0.965037453404
531,159525,1.0248,3.23157,-2.2666,DSB,2,0,0,DIRECT,1.0,0.0,46,0.005769605111
532,159969,-2.81946,2.22873,0.425114,DSB,2,0,0,DIRECT,1.0,0.0,26,0.716096378209
533,160863,0.692518,2.30287,0.388559,DSB,2,0,0,DIRECT,1.0,0.0,31,0.813162324243
534,161195,0.887804,-0.633004,3.23683,DSB,2,0,0,DIRECT,1.0,0.0,7,0.678026904798
535,161195,0.886474,-0.632583,3.232724,DSB,2,0,0,DIRECT,1.0,0.0,7,0.678027595136
536,162828,1.123241,0.029695,-3.822366,DSB+,3,1,1,DIRECT,1.0,0.0,18,0.896545847526
537,163137,1.84548,3.69467,-1.27735,DSB,2,0,0,DIRECT,1.0,0.0,46,0.750577109032
538,163342,-2.50697,1.94145,0.175371,DSB,2,1,1,DIRECT,1.0,0.0,26,0.816576503365
539,163691,-1.99677,0.763678,0.964045,DSB,2,0,0,DIRECT,1.0,0.0,20,0.370964247389
540,163691,-1.995117,0.762195,0.966664,DSB,2,0,0,DIRECT,1.0,0.0,20,0.370977581763
541,163784,-2.02348,-0.57486,3.28743,DSB,2,1,1,DIRECT,1.0,0.0,7,0.125612315028
542,164445,1.511504,1.173111,-0.617288,DSB,2,1,1,DIRECT,1.0,0.0,30,0.219810805756
543,164597,2.97385,-2.04688,-0.0140825,DSB,2,0,0,DIRECT,1.0,0.0,6,0.918360808311
544,164639,3.45474,0.657217,-1.91124,DSB+,3,0,0,DIRECT,1.0,0.0,32,0.154844534186
545,164782,0.461422,0.291895,1.27906,DSB,2,1,1,DIRECT,1.0,0.0,16,0.546987504554
546,165125,1.181,1.53206,3.2004,DSB,2,0,0,DIRECT,1.0,0.0,25,0.988007226437
547,165400,1.40241,-0.893786,-3.12768,DSB,2,0,0,DIRECT,1.0,0.0,15,0.893571803609
548,165435,-0.850333,2.30785,-1.64177,DSB,2,1,1,DIRECT,1.0,0.0,34,0.088761104002
549,165558,-0.385849,-0.404943,2.75599,DSB,2,0,0,DIRECT,1.0,0.0,7,0.687061269344
550,166065,-1.16271,-1.22436,1.49234,DSB,2,0,0,DIRECT,1.0,0.0,7,0.016743974366
551,166180,1.53525,1.08827,-0.728631,DSB+,4,0,0,DIRECT,1.0,0.0,23,0.857786850114
552,166501,1.64889,-0.441055,-3.41091,DSB+,3,0,0,DIRECT,1.0,0.0,18,0.728374964081
553,166533,-1.39819,-1.42036,2.82868,DSB+,3,0,0,DIRECT,1.0,0.0,4,0.288628670559
554,166830,0.242789,-3.59842,2.51159,DSB,2,0,0,DIRECT,1.0,0.0,1,0.583915514874
555,166896,2.76185,-0.34126,-0.160547,DSB,2,0,0,DIRECT,1.0,0.0,14,0.94217610049
556,167216,2.511165,2.492644,-1.212338,DSB,2,0,0,DIRECT,1.0,0.0,41,0.039474721808
557,167520,0.986049,3.04761,1.38077,DSB,2,1,1,DIRECT,1.0,0.0,39,0.868027141286
558,167749,-2.33952,-3.39093,-0.929876,DSB,2,1,1,DIRECT,1.0,0.0,1,0.879045400106
559,167989,-3.77486,1.9259,-1.5481,DSB,2,0,0,DIRECT,1.0,0.0,27,0.338841624676
560,168131,-0.151151,-3.05147,-1.3036,DSB+,3,0,0,DIRECT,1.0,0.0,3,0.554005117728
561,168547,-3.13102,0.0871425,-2.97276,DSB,2,1,1,DIRECT,1.0,0.0,15,0.682286590266
562,168608,1.52947,-3.21621,-0.539701,DSB+,3,0,0,DIRECT,1.0,0.0,5,0.325168942199
563,168635,-2.81454,2.7048,-1.55597,DSB,2,0,0,DIRECT,1.0,0.0,28,0.888130718485
564,169228,-1.33714,0.940872,1.45018,DSB,2,0,0,DIRECT,1.0,0.0,26,0.00067751918
565,170215,-1.90714,2.49974,0.795446,DSB+,3,1,1,DIRECT,1.0,0.0,28,0.253452675625
566,171708,-3.55816,-1.84076,-0.201329,DSB,2,2,1,DIRECT,1.0,0.0,4,0.491129482545
567,172081,0.849934,-0.963699,-0.679028,DSB,2,0,0,DIRECT,1.0,0.0,16,0.21033583269
568,172288,1.13175,-1.45102,2.38856,DSB,2,0,0,DIRECT,1.0,0.0,6,0.65645763923
569,172756,-2.28922,-1.77441,0.458591,DSB,2,1,1,DIRECT,1.0,0.0,4,0.46970031875
570,172810,1.42843,1.02862,-3.32339,DSB+,3,0,0,DIRECT,1.0,0.0,32,0.534954857301
571,173050,2.18656,2.39732,-2.28177,DSB,2,0,0,DIRECT,1.0,0.0,40,0.667317947509
572,173369,-1.874513,1.818223,-0.89084,DSB,2,0,0,DIRECT,1.0,0.0,27,0.606222042963
573,173451,-0.826438,-0.932608,4.25817,DSB,2,0,0,DIRECT,1.0,0.0,4,0.898331121024
574,173460,1.1589,-2.1452,2.07749,DSB,2,0,0,DIRECT,1.0,0.0,6,0.242262206173
575,173643,0.0726508,-3.29937,-1.20834,DSB,2,2,1,DIRECT,1.0,0.0,3,0.381858077749
576,173699,1.39905,-1.28578,3.77365,DSB,2,0,0,DIRECT,1.0,0.0,6,0.578139577397
577,173981,-1.94824,0.450789,-2.93815,DSB,2,0,0,DIRECT,1.0,0.0,19,0.909306995774
578,174676,1.307196,-0.443754,-3.396705,DSB+,3,1,1,DIRECT,1.0,0.0,18,0.197788625439
579,174822,1.67893,3.12476,2.00245,DSB,2,0,0,DIRECT,1.0,0.0,39,0.940144475876
580,174928,3.54944,-2.13203,0.409646,DSB+,3,1,1,DIRECT,1.0,0.0,6,0.952724717972
581,175060,1.06101,-1.60439,-0.997284,DSB,2,0,0,DIRECT,1.0,0.0,9,0.424173025101
582,175203,1.12655,3.98276,-0.839875,DSB,2,1,1,DIRECT,1.0,0.0,46,0.688946801612
583,175203,0.203225,3.85281,-1.029837,DSB,2,1,1,DIRECT,1.0,0.0,46,0.179601122694
584,175204,-3.605079,0.503843,-2.531172,DSB,2,1,1,DIRECT,1.0,0.0,19,0.454555142412
585,175633,-3.17949,0.759805,-0.118055,DSB,2,0,0,DIRECT,1.0,0.0,19,0.130818581639
586,175817,2.34333,2.3574,-2.37008,DSB+,3,0,0,DIRECT,1.0,0.0,40,0.675126371209
587,175957,-3.54952,1.13145,0.838773,DSB,2,1,1,DIRECT,1.0,0.0,20,0.332914428603
588,176375,1.45419,1.16307,1.62439,DSB+,3,0,0,DIRECT,1.0,0.0,25,0.77796459646
589,176763,-2.44184,2.3295,-2.4528,DSB,2,2,1,DIRECT,1.0,0.0,33,0.31342300103
590,177327,2.091943,1.435602,-2.36816,DSB+,4,1,1,DIRECT,1.0,0.0,34,0.18041797944
591,177645,1.67685,3.66213,0.251082,DSB,2,0,0,DIRECT,1.0,0.0,46,0.312233891141
592,177697,3.78385,-1.01715,-1.80571,DSB+,3,0,0,DIRECT,1.0,0.0,18,0.039491280489
593,177740,-0.245685,-1.0203,4.27787,DSB+,4,1,1,DIRECT,1.0,0.0,7,0.00383817542
594,178338,0.289976,-4.03163,1.52732,DSB+,3,2,1,DIRECT,1.0,0.0,1,0.159578907315
595,178478,-2.06212,-1.98116,-1.48256,DSB,2,1,1,DIRECT,1.0,0.0,8,0.093888304232
596,178552,0.703333,-3.64545,1.06408,DSB,2,0,0,DIRECT,1.0,0.0,1,0.750961288363
597,178605,0.798005,-0.730481,-3.01948,DSB,2,2,1,DIRECT,1.0,0.0,15,0.823922189094
598,178605,0.79543,-0.732022,-3.020625,DSB,2,1,1,DIRECT,1.0,0.0,15,0.823923032928
599,178921,-1.13649,-0.443042,2.25482,DSB,2,0,0,DIRECT,1.0,0.0,7,0.634925550814
600,179402,0.036019,3.97505,-0.605351,DSB,2,1,1,DIRECT,1.0,0.0,46,0.266411349293
601,179429,1.63408,4.08345,-0.680101,DSB,2,0,0,DIRECT,1.0,0.0,46,0.947223349298
602,179601,-1.15857,-1.48961,0.0909663,DSB+,4,2,1,DIRECT,1.0,0.0,4,0.922259609844
603,179737,2.09185,-0.356958,2.59976,DSB,2,1,1,DIRECT,1.0,0.0,14,0.260169737414
604,179749,0.022333,-1.441725,2.276373,DSB,2,0,0,DIRECT,1.0,0.0,4,0.729715204487
605,179906,0.76366,-1.30286,1.83382,DSB,2,0,0,DIRECT,1.0,0.0,7,0.499383435555
606,180019,3.66716,1.90634,-1.95421,DSB+,4,1,1,DIRECT,1.0,0.0,35,0.55797608098
607,180031,1.444725,1.88518,1.551859,DSB,2,0,0,DIRECT,1.0,0.0,29,0.303159530239
608,180383,-0.290516,-2.24331,-1.28322,DSB,2,0,0,DIRECT,1.0,0.0,5,0.847771434257
609,181250,-2.41028,0.848093,3.59114,DSB,2,2,1,DIRECT,1.0,0.0,13,0.718334742836
610,181998,1.12318,1.77341,-0.000705738,DSB+,3,0,0,DIRECT,1.0,0.0,30,0.737430700862
611,182118,-0.425728,-1.864912,-1.239735,DSB+,3,0,0,DIRECT,1.0,0.0,8,0.212422935197
612,182516,2.284862,0.606033,-3.896066,DSB,2,0,0,DIRECT,1.0,0.0,32,0.664499343459
613,182946,0.308962,1.67267,-0.289633,DSB,2,0,0,DIRECT,1.0,0.0,27,0.633291683242
614,182969,0.818953,2.62227,2.8836,DSB,2,0,0,DIRECT,1.0,0.0,29,0.623276288668
615,183392,1.77971,0.51565,3.23753,DSB,2,0,0,DIRECT,1.0,0.0,14,0.651019784746
616,183564,0.0640043,-2.51466,-3.03001,DSB++,6,1,1,DIRECT,1.0,0.0,8,0.384156293689
617,183623,-2.94056,1.37138,-2.94458,DSB+,4,1,1,DIRECT,1.0,0.0,22,0.324608631498
618,183983,-2.72483,-1.46116,1.76174,DSB,2,0,0,DIRECT,1.0,0.0,4,0.360506449546
619,184149,3.09792,0.650593,-0.726187,DSB,2,0,0,DIRECT,1.0,0.0,23,0.926813895675
620,184209,-2.97149,2.80877,-0.968637,DSB+,3,0,0,DIRECT,1.0,0.0,28,0.959586547103
621,184301,-0.338242,4.22643,-0.702678,DSB,2,0,0,DIRECT,1.0,0.0,46,0.627408798521
622,184530,1.277947,3.694831,1.461064,DSB+,4,1,1,DIRECT,1.0,0.0,45,0.485134387539
623,184667,0.664163,-1.97857,4.09683,DSB,2,0,0,DIRECT,1.0,0.0,6,0.115995916491
624,184702,4.09792,0.0481732,1.83799,DSB,2,1,1,DIRECT,1.0,0.0,24,0.01231572172
625,184717,-2.05279,-2.61442,-1.3226,DSB,2,0,0,DIRECT,1.0,0.0,3,0.586919567048
626,184774,3.23043,0.401481,0.00464578,DSB,2,0,0,DIRECT,1.0,0.0,21,0.55964447966
627,185535,-0.328468,4.06697,-1.48738,DSB,2,1,1,DIRECT,1.0,0.0,46,0.702868765429
628,186230,0.0468297,3.02236,1.5098,DSB,2,0,0,DIRECT,1.0,0.0,38,0.56599290031
629,186230,-0.9809,3.650158,-1.293548,DSB,2,0,0,DIRECT,1.0,0.0,44,0.483182896921
630,186748,0.91847,-1.46792,1.10449,DSB+,3,0,0,DIRECT,1.0,0.0,10,0.045902951698
631,186773,-2.38936,2.66404,1.52983,DSB,2,0,0,DIRECT,1.0,0.0,28,0.339210849098
632,188405,-1.34169,0.0464979,-2.57694,DSB,2,0,0,DIRECT,1.0,0.0,19,0.362592161933
633,188890,2.67934,-1.57573,-1.02822,DSB,2,0,0,DIRECT,1.0,0.0,9,0.489713232463
634,189020,2.63825,-3.1145,-1.3361,DSB,2,0,0,DIRECT,1.0,0.0,5,0.552737362539
635,189323,-0.970546,-4.0014,-1.81097,DSB,2,0,0,DIRECT,1.0,0.0,1,0.960648828905
636,189856,-0.591357,4.06092,2.18365,DSB,2,1,1,DIRECT,1.0,0.0,43,0.325778648093
637,190379,0.11362,-2.37538,3.09386,DSB+,3,1,1,DIRECT,1.0,0.0,2,0.75023022017
638,190583,3.02482,1.06839,0.0478618,DSB,2,1,1,DIRECT,1.0,0.0,24,0.790435073064
639,190736,1.97978,2.25621,2.70603,DSB,2,1,1,DIRECT,1.0,0.0,29,0.692298502578
640,191060,-0.454317,-0.651487,-1.412258,DSB,2,0,0,DIRECT,1.0,0.0,16,0.228336628306
641,191106,2.12574,0.153952,2.56305,DSB+,3,0,0,DIRECT,1.0,0.0,14,0.705071410722
642,191166,2.87595,-0.481584,-2.81136,DSB+,3,0,0,DIRECT,1.0,0.0,18,0.672069889998
643,191380,0.0881446,2.10499,0.491716,DSB,2,0,0,DIRECT,1.0,0.0,30,0.90214938377
644,191432,-0.674761,-2.31054,0.020851,DSB,2,0,0,DIRECT,1.0,0.0,3,0.798461292649
645,191516,-2.04147,0.853409,-0.818681,DSB,2,0,0,DIRECT,1.0,0.0,19,0.594662945479
646,192193,2.49498,-2.30561,0.979903,DSB,2,0,0,DIRECT,1.0,0.0,5,0.987206800425
647,192193,2.486717,-2.310596,0.974597,DSB,2,0,0,DIRECT,1.0,0.0,5,0.987208064881
648,192711,2.41454,2.53879,-2.19657,DSB,2,0,0,DIRECT,1.0,0.0,40,0.679237828069
649,193042,2.08555,0.76979,3.400696,DSB,2,0,0,DIRECT,1.0,0.0,24,0.073349798034
650,193403,-1.80431,0.590804,-2.15324,DSB,2,0,0,DIRECT,1.0,0.0,19,0.819686736202
651,193463,0.551243,2.48272,2.47506,DSB,2,0,0,DIRECT,1.0,0.0,29,0.647543367973
652,194517,3.67013,-1.52072,-1.57312,DSB,2,1,1,DIRECT,1.0,0.0,9,0.989414937562
653,194612,-1.198252,1.784745,-3.459556,DSB+,3,0,0,DIRECT,1.0,0.0,33,0.7061594935
654,194690,3.80611,1.59446,1.35666,DSB+,3,0,0,DIRECT,1.0,0.0,30,0.830296230922
655,195042,1.96519,-1.9614,-0.417251,DSB,2,2,1,DIRECT,1.0,0.0,6,0.895177920821
656,195246,-4.083813,0.762521,-0.809893,DSB,2,2,1,DIRECT,1.0,0.0,19,0.170381663933
657,195301,-0.604077,-2.28246,-0.903471,DSB+,3,0,0,DIRECT,1.0,0.0,5,0.90111545666
658,195739,-1.87181,-0.41604,-0.0550897,DSB+,3,1,1,DIRECT,1.0,0.0,12,0.442953783936
659,195904,2.20285,-3.63566,1.10077,DSB,2,2,1,DIRECT,1.0,0.0,2,0.421060899474
660,195992,1.55595,-3.59344,1.52079,DSB,2,0,0,DIRECT,1.0,0.0,1,0.73764558395
661,196115,-0.787116,4.09973,-1.70566,DSB,2,0,0,DIRECT,1.0,0.0,46,0.711729153
662,196321,0.0609866,1.15999,-4.44227,DSB,2,0,0,DIRECT,1.0,0.0,32,0.634337587631
663,196385,0.700535,4.13816,-0.488444,DSB,2,1,1,DIRECT,1.0,0.0,46,0.619671793491
664,196422,-0.170321,-1.47722,2.92143,DSB,2,0,0,DIRECT,1.0,0.0,4,0.780437231269
665,196769,-2.36964,-2.512,-2.6784,DSB+,3,0,0,DIRECT,1.0,0.0,3,0.953273036827
666,196859,2.80073,1.27181,-0.851338,DSB,2,0,0,DIRECT,1.0,0.0,30,0.442214289611
667,196962,0.0405631,-3.60213,-1.39587,DSB,2,0,0,DIRECT,1.0,0.0,3,0.071183041381
668,197045,-0.411814,1.27681,-3.19044,DSB,2,0,0,DIRECT,1.0,0.0,22,0.873038391802
669,197161,-2.099138,-1.260066,-0.409086,DSB,2,0,0,DIRECT,1.0,0.0,11,0.444668078805
670,197873,-2.06123,0.273733,0.23254,DSB,2,0,0,DIRECT,1.0,0.0,13,0.936406056309
671,197889,-2.28103,0.120085,0.388638,DSB+,3,1,1,DIRECT,1.0,0.0,12,0.892055473925
672,198203,3.64725,-0.198455,1.46331,DSB,2,0,0,DIRECT,1.0,0.0,14,0.827444367712
673,198642,-0.0245147,0.00643201,2.20895,DSB,2,1,1,DIRECT,1.0,0.0,13,0.474102257298
674,201020,-1.92298,-2.18724,3.25189,DSB+,3,1,1,DIRECT,1.0,0.0,2,0.160813821675
675,201439,-2.92457,-0.0427202,2.12452,DSB,2,0,0,DIRECT,1.0,0.0,11,0.938892506969
676,201483,-0.696313,1.0259,-2.6456,DSB,2,0,0,DIRECT,1.0,0.0,22,0.395937669164
677,201733,-2.42652,3.37709,-1.86256,DSB+,3,0,0,DIRECT,1.0,0.0,41,0.543660299658
678,201868,1.09979,-1.71019,0.263398,DSB,2,0,0,DIRECT,1.0,0.0,6,0.975945303916
679,202249,3.22728,0.182454,0.836878,DSB,2,0,0,DIRECT,1.0,0.0,21,0.45384862428
680,202374,2.62032,0.377625,-0.848261,DSB+,3,0,0,DIRECT,1.0,0.0,21,0.660324059522
681,202553,1.53811,0.100457,-2.71737,DSB,2,1,1,DIRECT,1.0,0.0,22,0.08471974843
682,203916,0.848238,-2.796718,-1.047425,DSB+,3,0,0,DIRECT,1.0,0.0,5,0.523856931134
683,204273,0.588946,1.75628,-4.11754,DSB,2,0,0,DIRECT,1.0,0.0,33,0.790364071555
684,204523,3.53761,-0.984708,1.69362,DSB,2,2,1,DIRECT,1.0,0.0,10,0.720657162538
685,205411,-3.76453,-0.0557342,-2.19667,DSB,2,0,0,DIRECT,1.0,0.0,12,0.684175524002
686,205640,-1.22026,0.231047,-3.32465,DSB,2,0,0,DIRECT,1.0,0.0,19,0.949569330071
687,205994,1.89191,0.0157716,3.52093,DSB+,3,0,0,DIRECT,1.0,0.0,14,0.202674338303
688,206208,-1.947376,3.829566,0.323596,DSB+,3,1,1,DIRECT,1.0,0.0,42,0.812550308128
689,206238,1.1797,1.65608,-2.90953,DSB,2,0,0,DIRECT,1.0,0.0,32,0.92466106624
690,206238,1.327252,1.460359,-2.903646,DSB,2,0,0,DIRECT,1.0,0.0,32,0.928919560514
691,206976,1.22754,0.60182,-3.96203,DSB,2,0,0,DIRECT,1.0,0.0,22,0.731563036595
692,207646,-0.745314,-3.73841,0.568222,DSB,2,1,1,DIRECT,1.0,0.0,1,0.465357518614
693,208282,3.11634,1.38677,1.00286,DSB+,3,1,1,DIRECT,1.0,0.0,24,0.86004128738
694,208541,-0.276139,-0.49123,1.20121,DSB,2,0,0,DIRECT,1.0,0.0,13,0.325855820756
695,208541,-1.393623,1.669553,0.999996,DSB,2,0,0,DIRECT,1.0,0.0,26,0.307867155287
696,209618,-1.40927,2.67535,2.69641,DSB,2,2,1,DIRECT,1.0,0.0,31,0.134685223863
697,209945,-0.517949,0.008752,-3.697659,DSB,2,0,0,DIRECT,1.0,0.0,18,0.70482045563
698,210207,-1.71823,-0.592624,3.49487,DSB,2,0,0,DIRECT,1.0,0.0,7,0.133769254056
699,210720,-0.099824,-0.739077,-1.34513,DSB,2,0,0,DIRECT,1.0,0.0,16,0.230473109811
700,211240,2.89963,2.29215,-2.05122,DSB,2,0,0,DIRECT,1.0,0.0,40,0.689837105139
701,212065,0.295911,2.791903,-0.834196,DSB,2,1,1,DIRECT,1.0,0.0,37,0.825318797186
702,212117,2.19862,3.06055,-0.918635,DSB+,3,0,0,DIRECT,1.0,0.0,44,0.324850514463
703,212125,0.0612573,2.62941,2.44203,DSB,2,1,1,DIRECT,1.0,0.0,29,0.636798825986
704,212686,1.02879,1.32044,1.34918,DSB,2,0,0,DIRECT,1.0,0.0,25,0.784088345977
705,212940,1.54815,2.63387,0.695911,DSB,2,0,0,DIRECT,1.0,0.0,37,0.628186640093
706,213812,2.32751,-3.72453,-0.504432,DSB,2,3,1,DIRECT,1.0,0.0,5,0.167493944821
707,214373,3.88303,-1.12347,1.93771,DSB+,3,1,1,DIRECT,1.0,0.0,10,0.302205078961
708,214639,2.455095,1.911426,1.521852,DSB+,3,0,0,MIXED,1.0,0.0,29,0.888844134413
709,214639,2.453845,1.911192,1.519831,DSB,2,0,0,DIRECT,1.0,0.0,29,0.888844319497
710,214642,-0.566813,-2.22225,-2.21154,DSB,2,0,0,DIRECT,1.0,0.0,8,0.298400735952
711,214804,4.20023,-0.908359,-0.626462,DSB,2,1,1,DIRECT,1.0,0.0,21,0.012612804931
712,215073,1.700835,-1.134928,1.379031,DSB,2,0,0,DIRECT,1.0,0.0,10,0.27088991042
713,216027,-2.62776,-0.566731,0.424086,DSB,2,0,0,DIRECT,1.0,0.0,11,0.801006875306
714,216100,1.28619,2.48278,0.84714,DSB,2,1,1,DIRECT,1.0,0.0,31,0.695733320996
715,216150,-0.545969,-2.52184,-1.87089,DSB,2,0,0,DIRECT,1.0,0.0,5,0.773542159829
716,216193,-0.814605,3.71023,0.554911,DSB,2,0,0,DIRECT,1.0,0.0,42,0.776404455237
717,216470,-0.987,2.78914,2.04498,DSB+,4,2,1,DIRECT,1.0,0.0,30,0.9681150128
718,216570,-3.80762,0.811974,-1.33822,DSB+,3,1,1,DIRECT,1.0,0.0,19,0.611051860883
719,216931,0.462928,2.96737,0.464804,DSB,2,0,0,DIRECT,1.0,0.0,39,0.426682602546
720,217082,-3.24559,2.20479,0.696067,DSB,2,0,0,DIRECT,1.0,0.0,28,0.164960983543
721,217779,1.9642,-4.0495,-0.707799,DSB,2,1,1,DIRECT,1.0,0.0,5,0.023463116582
722,218352,0.641996,2.12035,1.99608,DSB,2,1,1,DIRECT,1.0,0.0,29,0.36292782525
723,218761,1.08036,1.01861,-1.05116,DSB,2,0,0,DIRECT,1.0,0.0,23,0.908996865204
724,219056,-1.48635,2.71702,-0.558667,DSB+,3,0,0,DIRECT,1.0,0.0,28,0.978990194778
725,219477,1.43173,2.08991,-0.188675,DSB,2,0,0,DIRECT,1.0,0.0,31,0.907822894773
726,220077,1.345,1.74486,-2.02722,DSB,2,0,0,DIRECT,1.0,0.0,33,0.536326892326
727,220141,-2.25914,-0.0861482,2.90611,DSB,2,1,1,DIRECT,1.0,0.0,7,0.767213956909
728,220549,-0.613323,-0.887587,1.8562,DSB,2,0,0,DIRECT,1.0,0.0,7,0.468822052177
729,221109,-0.283696,0.710027,-0.581831,DSB,2,0,0,DIRECT,1.0,0.0,23,0.266298501771
730,221753,0.391094,-2.49719,-3.33584,DSB+,3,1,1,DIRECT,1.0,0.0,8,0.402641491295
731,222643,0.197819,-1.00811,3.6142,DSB,2,0,0,DIRECT,1.0,0.0,6,0.561697248875
732,222866,2.51592,0.455393,2.19584,DSB+,4,0,0,DIRECT,1.0,0.0,17,0.940258537477
733,223026,0.0494993,-4.15715,-0.149494,DSB,2,0,0,DIRECT,1.0,0.0,1,0.389522108731
734,224030,1.06717,-1.77342,2.18833,DSB,2,1,1,DIRECT,1.0,0.0,6,0.439471667838
735,224847,2.24851,-1.54939,1.36789,DSB,2,1,1,DIRECT,1.0,0.0,10,0.037555620077
736,224847,2.253457,-1.536536,1.372986,DSB,2,0,0,DIRECT,1.0,0.0,10,0.037557036667
737,224950,-0.176175,-0.71432,2.91306,DSB,2,0,0,DIRECT,1.0,0.0,7,0.348732727472
738,224992,1.31112,-2.45059,0.465248,DSB+,3,0,0,DIRECT,1.0,0.0,5,0.407196228978
739,225043,2.61855,0.569794,0.086094,DSB,2,0,0,DIRECT,1.0,0.0,21,0.531375297583
740,225749,-1.298467,-0.927905,-1.443831,DSB,2,0,0,DIRECT,1.0,0.0,12,0.566673332555
741,225819,-1.59315,3.20786,-0.96724,DSB+,3,0,0,DIRECT,1.0,0.0,39,0.036173848813
742,225916,-1.82555,3.648,0.925354,DSB+,4,2,1,DIRECT,1.0,0.0,40,0.021661307559
743,226000,0.7053,-2.0036,4.09086,DSB,2,0,0,DIRECT,1.0,0.0,6,0.116018412058
744,226066,1.51098,1.76264,-1.66137,DSB+,3,0,0,DIRECT,1.0,0.0,33,0.390620140245
745,226477,-3.24004,-0.850944,-1.91007,DSB,2,0,0,DIRECT,1.0,0.0,12,0.129588477225
746,226556,0.520008,2.63615,3.04006,DSB,2,0,0,DIRECT,1.0,0.0,29,0.579882043399
747,227517,-0.550851,0.594158,1.630214,DSB,2,0,0,DIRECT,1.0,0.0,17,0.634734934398
748,228531,2.15369,1.09615,3.08047,DSB,2,0,0,DIRECT,1.0,0.0,24,0.109415732214
749,228623,-2.98559,-0.182873,-2.48956,DSB,2,0,0,DIRECT,1.0,0.0,15,0.583308306277
750,228700,-0.953743,2.99727,0.048774,DSB,2,0,0,DIRECT,1.0,0.0,35,0.112951541056
751,229943,-3.00559,-2.70009,-1.17568,DSB,2,0,0,DIRECT,1.0,0.0,3,0.323265323968
752,230349,0.28156,-0.131127,3.58558,DSB+,3,0,0,DIRECT,1.0,0.0,17,0.015957848955
753,230872,-0.910415,3.55221,-2.7038,DSB+,3,0,0,DIRECT,1.0,0.0,46,0.023305120631
754,230973,-0.442585,-1.86475,2.69941,DSB,2,0,0,DIRECT,1.0,0.0,4,0.323399283518
755,231175,1.35384,3.94315,1.23841,DSB,2,0,0,DIRECT,1.0,0.0,46,0.459214588445
756,231558,-1.0154,1.67249,1.27449,DSB+,3,0,0,DIRECT,1.0,0.0,25,0.810835609275
757,231963,-2.73357,0.981329,3.26158,DSB+,3,0,0,DIRECT,1.0,0.0,20,0.12899150476
758,233368,-0.307576,2.49729,0.0981413,DSB+,3,2,1,DIRECT,1.0,0.0,31,0.794876446924
759,234265,-0.68875,0.259008,-3.80294,DSB+,3,0,0,DIRECT,1.0,0.0,22,0.074697520678
760,234455,1.665456,-3.335035,1.422433,DSB,2,0,0,DIRECT,1.0,0.0,2,0.369772129298
761,234972,-2.31646,0.0960163,2.07937,DSB,2,0,0,DIRECT,1.0,0.0,12,0.254749946215
762,235380,3.27799,-1.34225,0.634568,DSB,2,1,1,DIRECT,1.0,0.0,10,0.395612074969
763,236557,-1.02976,-2.52106,3.04571,DSB,2,0,0,DIRECT,1.0,0.0,2,0.202938693917
764,236689,0.791628,3.04579,2.30405,DSB+,3,0,0,DIRECT,1.0,0.0,38,0.384159977222
765,236694,-1.56269,-3.1724,-2.54991,DSB+,3,0,0,DIRECT,1.0,0.0,3,0.435670716522
766,236979,2.376343,-1.935973,-2.369522,DSB,2,0,0,DIRECT,1.0,0.0,9,0.642202721583
767,238341,-1.28816,2.29173,3.30961,DSB,2,0,0,DIRECT,1.0,0.0,26,0.563245355964
768,238344,0.129922,-3.659074,-1.038896,DSB,2,0,0,DIRECT,1.0,0.0,5,0.03635316962
769,238344,0.18659,-3.61948,-0.687789,DSB,2,0,0,DIRECT,1.0,0.0,5,0.038612979207
770,239350,-0.187855,0.447557,-1.753079,DSB,2,1,1,DIRECT,1.0,0.0,19,0.835412382167
771,239893,3.55573,-0.362889,1.99659,DSB,2,1,1,DIRECT,1.0,0.0,14,0.455299073175
772,239949,0.570471,-0.514746,-1.82428,DSB,2,1,1,DIRECT,1.0,0.0,15,0.645009596942
773,240140,-0.213868,-4.28481,-0.109718,DSB,2,1,1,DIRECT,1.0,0.0,1,0.25964086761
774,240152,0.749684,1.916067,-2.629627,DSB,2,0,0,DIRECT,1.0,0.0,34,0.329225470166
775,240886,3.80136,-0.490304,-2.19713,DSB+,3,0,0,DIRECT,1.0,0.0,18,0.662130100795
776,241157,-0.210185,0.383297,-0.815379,DSB+,3,0,0,DIRECT,1.0,0.0,23,0.043592622809
777,241520,-2.37577,-0.62697,-1.53269,DSB+,3,0,0,DIRECT,1.0,0.0,12,0.550164364217
778,242093,-1.500466,0.423381,-2.99831,DSB,2,0,0,DIRECT,1.0,0.0,19,0.905948418242
779,242295,2.668209,1.304658,-2.324671,DSB,2,0,0,DIRECT,1.0,0.0,32,0.992190996136
780,242424,-1.38677,-2.98158,-1.31046,DSB+,3,0,0,DIRECT,1.0,0.0,3,0.373982454656
781,242461,-0.51514,2.63703,-1.767675,DSB,2,0,0,DIRECT,1.0,0.0,36,0.89731083647
782,242526,-0.795161,-1.33365,4.0005,DSB,2,0,0,DIRECT,1.0,0.0,4,0.238454156038
783,243419,0.450617,-2.62809,-2.00774,DSB+,3,0,0,DIRECT,1.0,0.0,5,0.756247680604
784,243460,0.315791,2.98895,-1.28229,DSB+,3,0,0,DIRECT,1.0,0.0,41,0.466482895445
785,243619,-2.066423,0.997066,-1.38989,DSB,2,1,1,DIRECT,1.0,0.0,27,0.007774837194
786,243987,-1.182868,-1.036116,-3.772806,DSB,2,0,0,DIRECT,1.0,0.0,15,0.185708653455
787,244696,-1.20898,-2.94722,-0.261943,DSB,2,1,1,DIRECT,1.0,0.0,2,0.491633378582
788,244985,0.722913,2.99322,3.24107,DSB,2,3,1,DIRECT,1.0,0.0,38,0.129606057545
789,245189,0.155606,0.79237,1.60796,DSB,2,0,0,DIRECT,1.0,0.0,17,0.963937317443
790,245406,2.21898,-0.996162,1.22082,DSB,2,1,1,DIRECT,1.0,0.0,10,0.318355068797
791,245964,-2.66938,-2.52107,1.18276,DSB+,3,0,0,DIRECT,1.0,0.0,3,0.221130578626
792,246118,-1.2402,3.12739,2.17344,DSB,2,0,0,DIRECT,1.0,0.0,38,0.066477999841
793,246312,3.42652,-1.51507,-0.799239,DSB,2,0,0,DIRECT,1.0,0.0,10,0.525683374858
794,246336,-0.778238,2.56516,0.206704,DSB+,3,0,0,DIRECT,1.0,0.0,31,0.727615467488
795,246469,4.44613,1.13523,-0.55386,DSB,2,0,0,DIRECT,1.0,0.0,30,0.42299074388
796,246558,-1.70817,-1.43837,-1.3096,DSB,2,0,0,DIRECT,1.0,0.0,8,0.707045938712
797,247772,0.591346,0.481868,4.38142,DSB+,3,1,1,DIRECT,1.0,0.0,17,0.058526722072
798,247772,0.583527,0.474438,4.397387,DSB,2,0,0,DIRECT,1.0,0.0,17,0.058517278609
799,247911,-1.86982,1.2514,-1.01449,DSB,2,1,1,DIRECT,1.0,0.0,26,0.12849394368
800,248032,-0.785189,0.523776,1.3768,DSB,2,0,0,DIRECT,1.0,0.0,17,0.631029260787
801,248168,2.51916,1.53375,1.53241,DSB,2,0,0,DIRECT,1.0,0.0,24,0.908104275945
802,248197,-3.45559,2.59453,-1.18713,DSB,2,0,0,DIRECT,1.0,0.0,28,0.740354914398
803,248493,-0.857766,-2.282926,-1.181858,DSB,2,0,0,DIRECT,1.0,0.0,5,0.902747140024
804,248493,-1.990583,-0.826865,-1.767301,DSB,2,0,0,DIRECT,1.0,0.0,12,0.573636468189
805,248676,-2.13439,-2.09695,1.05686,DSB,2,0,0,DIRECT,1.0,0.0,3,0.683641613978
806,248836,-1.74047,0.76501,1.71979,DSB,2,0,0,DIRECT,1.0,0.0,20,0.25517943556
807,248933,-1.30077,-0.0939058,-1.81736,DSB+,3,1,1,DIRECT,1.0,0.0,16,0.895755734056
808,249369,-4.01281,-0.130755,0.0202492,DSB,2,1,1,DIRECT,1.0,0.0,12,0.366619736523
809,249448,0.209917,1.3291,-1.42439,DSB,2,0,0,DIRECT,1.0,0.0,27,0.879218621081
810,250264,3.32283,-2.21545,1.07111,DSB,2,0,0,DIRECT,1.0,0.0,6,0.779052529845
811,250359,-1.29291,-2.52033,2.97183,DSB,2,0,0,DIRECT,1.0,0.0,2,0.200605071054
812,251189,1.67128,2.21347,1.71454,DSB+,3,0,0,DIRECT,1.0,0.0,29,0.842620518545
813,251564,1.02755,0.85656,-3.90276,DSB,2,1,1,DIRECT,1.0,0.0,32,0.603732325168
814,251564,1.02975,0.864795,-3.904725,DSB,2,0,0,DIRECT,1.0,0.0,32,0.603734032616
815,251662,1.918435,0.763751,2.945461,DSB+,4,0,0,DIRECT,1.0,0.0,24,0.059974955624
816,251662,1.918501,0.764868,2.943272,DSB,2,0,0,DIRECT,1.0,0.0,24,0.059975022133
817,252440,1.56106,1.61625,-3.13122,DSB+,3,0,0,DIRECT,1.0,0.0,33,0.864832289351
818,252495,-3.22883,-0.405553,-3.06261,DSB,2,0,0,DIRECT,1.0,0.0,12,0.630120552451
819,252672,-0.659606,-2.122459,-1.847697,DSB,2,0,0,DIRECT,1.0,0.0,8,0.23260137495
820,252767,0.968685,-1.687847,2.403055,DSB,2,0,0,DIRECT,1.0,0.0,6,0.450471367897
821,252933,-2.08962,-2.83191,-0.690595,DSB,2,0,0,DIRECT,1.0,0.0,3,0.331520553521
822,253191,-2.69216,-2.82846,1.61262,DSB,2,0,0,DIRECT,1.0,0.0,1,0.607033183664
823,253703,0.641779,-1.028558,-0.151286,DSB,2,0,0,DIRECT,1.0,0.0,16,0.061614556545
824,253992,-1.48235,3.30712,2.33044,DSB+,4,1,1,DIRECT,1.0,0.0,38,0.062335825419
825,254007,1.70809,-2.19528,2.25639,DSB,2,0,0,DIRECT,1.0,0.0,6,0.247368886131
826,254285,0.964078,-2.62947,0.480638,DSB,2,0,0,DIRECT,1.0,0.0,5,0.404257322822
827,254405,3.84079,-2.15906,0.614773,DSB,2,1,1,DIRECT,1.0,0.0,6,0.954298687219
828,254692,2.012631,-3.522461,0.86936,DSB+,3,0,0,DIRECT,1.0,0.0,2,0.422562375605
829,254859,-0.227006,2.30893,0.587697,DSB,2,0,0,DIRECT,1.0,0.0,30,0.89914024844
830,255130,1.72349,-3.68254,0.758859,DSB,2,0,0,DIRECT,1.0,0.0,2,0.4233442105
831,255600,-0.102017,-3.0237,-1.38805,DSB,2,0,0,DIRECT,1.0,0.0,3,0.554064028015
832,255706,0.577471,-3.70599,-0.787701,DSB,2,2,1,DIRECT,1.0,0.0,5,0.040209296991
833,256027,-2.51789,-3.62346,1.44553,DSB,2,0,0,DIRECT,1.0,0.0,1,0.104272036743
834,256071,-2.54809,-0.549416,-3.47127,DSB,2,0,0,DIRECT,1.0,0.0,15,0.400694134146
835,256367,3.587057,1.650193,-0.969402,DSB,2,1,1,DIRECT,1.0,0.0,36,0.563873276086
836,257385,-0.692206,3.74684,2.23149,DSB,2,0,0,DIRECT,1.0,0.0,40,0.254196023888
837,258056,-1.50527,0.426502,-1.92736,DSB,2,1,1,DIRECT,1.0,0.0,19,0.435096789916
838,258328,1.25517,-2.84281,0.905975,DSB,2,0,0,DIRECT,1.0,0.0,2,0.924652128444
839,258377,-3.30008,-2.21395,-0.4375,DSB+,3,0,0,DIRECT,1.0,0.0,3,0.649977840641
840,258475,2.1993,-3.78206,-0.00616384,DSB+,3,0,0,DIRECT,1.0,0.0,5,0.057877594709
841,258511,-0.676825,0.382135,-4.02768,DSB,2,0,0,DIRECT,1.0,0.0,22,0.051932301034
842,258698,-0.976782,-1.96687,2.52011,DSB,2,0,0,DIRECT,1.0,0.0,4,0.103284706859
843,258751,-1.12366,1.44539,-1.48399,DSB,2,1,1,DIRECT,1.0,0.0,27,0.291434345164
844,258818,4.44965,-0.909079,-0.669806,DSB,2,1,1,DIRECT,1.0,0.0,21,0.011274730648
845,259166,4.11179,-1.66035,-0.929342,DSB,2,1,1,DIRECT,1.0,0.0,10,0.516533615354
846,259367,-1.175519,-0.956333,-2.591337,DSB,2,0,0,DIRECT,1.0,0.0,12,0.61214702833
847,259381,2.768132,0.230997,-1.397971,DSB+,3,0,0,DIRECT,1.0,0.0,21,0.679765520864
848,259429,-0.0578096,-0.800283,-1.88165,DSB,2,0,0,DIRECT,1.0,0.0,15,0.095545826904
849,259493,-1.81547,-2.84502,1.26356,DSB+,4,0,0,DIRECT,1.0,0.0,2,0.334659576336
850,259525,-1.914179,3.081995,-2.853169,DSB+,3,1,1,DIRECT,1.0,0.0,40,0.334877070564
851,259666,0.540451,-1.33607,0.327111,DSB,2,1,1,DIRECT,1.0,0.0,11,0.424423884136
852,259783,-0.298951,-2.20111,-3.35628,DSB,2,1,1,DIRECT,1.0,0.0,8,0.479902237822
853,260117,2.13948,1.58731,-3.08866,DSB,2,1,1,DIRECT,1.0,0.0,34,0.20539258461
854,260163,-2.79509,-2.17697,-0.815019,DSB,2,0,0,DIRECT,1.0,0.0,3,0.818896307579
855,260546,0.479526,-2.59146,2.66173,DSB+,3,1,1,DIRECT,1.0,0.0,2,0.700353060953
856,260678,-1.31373,-2.05935,-0.52415,DSB+,3,0,0,DIRECT,1.0,0.0,4,0.516243414451
857,260697,1.99623,1.65791,-2.86725,DSB,2,1,1,DIRECT,1.0,0.0,34,0.210136104313
858,261130,3.6876,-0.0466944,-0.0822992,DSB,2,0,0,DIRECT,1.0,0.0,21,0.363252658599
859,261615,2.8009,1.39941,0.674341,DSB,2,1,1,DIRECT,1.0,0.0,24,0.842746242605
860,261681,-0.788587,0.893579,4.2549,DSB+,3,0,0,DIRECT,1.0,0.0,17,0.354158687847
861,262906,1.26595,2.28795,3.64719,DSB,2,0,0,DIRECT,1.0,0.0,29,0.526157385219
862,263111,0.15951,-2.828584,-2.461346,DSB+,3,0,0,DIRECT,1.0,0.0,5,0.713542870474
863,263566,-2.68237,-1.66553,-2.28816,DSB,2,0,0,DIRECT,1.0,0.0,8,0.249121132442
864,263688,-0.735177,0.826303,3.77297,DSB,2,0,0,DIRECT,1.0,0.0,17,0.28545584588
865,263810,0.33809,-0.829349,-2.25482,DSB+,3,0,0,DIRECT,1.0,0.0,15,0.458271271324
866,263879,1.75096,1.0435,-3.96358,DSB,2,1,1,DIRECT,1.0,0.0,32,0.705935295465
867,264926,-0.972496,-0.77988,0.563504,DSB,2,1,1,DIRECT,1.0,0.0,11,0.772880928349
868,265165,-3.19493,0.625136,-0.510643,DSB+,3,1,1,DIRECT,1.0,0.0,19,0.157140145434
869,265214,0.0558815,2.06691,-3.10733,DSB,2,1,1,DIRECT,1.0,0.0,34,0.239979594331
870,265968,2.90764,-0.718984,-1.05174,DSB+,3,0,0,DIRECT,1.0,0.0,21,0.026866701882
871,266362,1.36055,-1.69899,1.49464,DSB,2,0,0,DIRECT,1.0,0.0,6,0.714621471651
872,266671,-1.87887,3.6392,1.29892,DSB+,3,1,1,DIRECT,1.0,0.0,40,0.048679522238
873,266671,-1.886288,3.634848,1.297974,DSB,2,0,0,DIRECT,1.0,0.0,40,0.048649237781
874,266852,-1.92413,-0.00332409,-0.791773,DSB,2,0,0,DIRECT,1.0,0.0,16,0.427694564099
875,267130,1.17706,-0.761915,-2.63362,DSB,2,0,0,DIRECT,1.0,0.0,15,0.812730688247
876,267395,-3.08459,0.909927,-2.24573,DSB+,3,0,0,DIRECT,1.0,0.0,19,0.809627114771
877,267505,0.318233,-2.26598,0.662717,DSB,2,1,1,DIRECT,1.0,0.0,4,0.498998920039
878,267850,0.0567395,-2.72079,-1.59591,DSB,2,0,0,DIRECT,1.0,0.0,3,0.935955411292
879,267871,-0.154369,0.187502,-1.01474,DSB,2,0,0,DIRECT,1.0,0.0,23,0.041731978617
880,267894,-0.572512,1.91423,-1.03153,DSB,2,0,0,DIRECT,1.0,0.0,31,0.170856301251
881,268020,-4.07041,0.067452,-1.21014,DSB,2,0,0,DIRECT,1.0,0.0,12,0.799148116615
882,268218,-0.110155,1.093514,2.550674,DSB,2,0,0,DIRECT,1.0,0.0,25,0.081869898418
883,268448,3.26176,-0.942429,1.15379,DSB,2,0,0,DIRECT,1.0,0.0,10,0.67206400391
884,268981,-1.269953,0.882985,-0.324262,DSB,2,1,1,DIRECT,1.0,0.0,20,0.898775320126
885,269040,-0.429321,0.667362,4.20587,DSB+,4,0,0,DIRECT,1.0,0.0,13,0.70140541003
886,269359,1.147402,0.292846,-3.951697,DSB,2,0,0,DIRECT,1.0,0.0,22,0.644446401651
887,269473,-0.420329,3.77424,1.31992,DSB+,4,0,0,DIRECT,1.0,0.0,43,0.065131022706
888,269789,2.07755,-1.09746,-2.21388,DSB+,3,0,0,DIRECT,1.0,0.0,10,0.951681648997
889,270161,-2.22936,-1.15373,-2.23389,DSB,2,1,1,DIRECT,1.0,0.0,8,0.770986166636
890,270284,-3.43982,-1.78803,1.42565,DSB,2,0,0,DIRECT,1.0,0.0,4,0.077352325342
891,270309,1.83654,3.07704,1.67456,DSB,2,1,1,DIRECT,1.0,0.0,39,0.892163130599
892,270322,0.433804,-0.957663,-4.17669,DSB+,3,0,0,DIRECT,1.0,0.0,15,0.941179901472
893,271226,3.33229,2.36156,1.30694,DSB,2,1,1,DIRECT,1.0,0.0,37,0.587591662227
894,271306,0.658693,1.27071,-3.30996,DSB+,3,1,1,DIRECT,1.0,0.0,32,0.48776489665
895,271780,1.95235,2.25201,-0.539507,DSB,2,0,0,DIRECT,1.0,0.0,34,0.719043914596
896,271864,-1.551,-0.291245,3.46821,DSB,2,0,0,DIRECT,1.0,0.0,7,0.257632741892
897,272635,1.09346,2.40658,2.63548,DSB,2,1,1,DIRECT,1.0,0.0,29,0.655747435133
898,273285,4.17242,1.80985,0.863195,DSB,2,0,0,DIRECT,1.0,0.0,36,0.318959520074
899,274266,0.556187,-2.24512,-2.7682,DSB,2,0,0,DIRECT,1.0,0.0,8,0.517805965753
900,274432,-3.30167,1.00882,-2.1395,DSB,2,0,0,DIRECT,1.0,0.0,19,0.79700882643
901,274469,-2.45511,-0.158371,1.93459,DSB,2,0,0,DIRECT,1.0,0.0,11,0.917803014698
902,276002,-3.49037,1.50615,-1.83646,DSB,2,0,0,DIRECT,1.0,0.0,27,0.121040073594
903,276144,-3.92787,0.322438,1.31418,DSB+,3,1,1,DIRECT,1.0,0.0,12,0.275708792793
904,276436,-3.18654,-1.36125,-1.48219,DSB++,5,1,1,DIRECT,1.0,0.0,8,0.12332124985
905,276688,3.59167,1.19181,0.83116,DSB,2,1,1,DIRECT,1.0,0.0,24,0.831547452775
906,276878,0.195871,3.36049,-1.6473,DSB,2,0,0,DIRECT,1.0,0.0,44,0.179759844532
907,277479,1.555527,-2.003333,0.929473,DSB,2,0,0,DIRECT,1.0,0.0,6,0.75945286272
908,277930,0.684394,-0.629472,-2.38945,DSB+,3,0,0,DIRECT,1.0,0.0,15,0.739898692994
909,278050,-0.197329,3.965808,-1.801419,DSB+,3,0,0,DIRECT,1.0,0.0,46,0.769250656969
910,278689,-4.02121,0.988834,-0.585935,DSB,2,0,0,DIRECT,1.0,0.0,19,0.149917224194
911,278847,1.90952,2.02738,-0.473715,DSB,2,0,0,DIRECT,1.0,0.0,31,0.999651757899
912,278847,1.912248,2.224581,-1.955118,DSB,2,0,0,DIRECT,1.0,0.0,35,0.51384907109
913,279176,-1.07475,1.04575,1.23279,DSB,2,0,0,DIRECT,1.0,0.0,17,0.975585829504
914,279437,-2.7258,1.97591,-1.57458,DSB,2,1,1,DIRECT,1.0,0.0,27,0.718882611754
915,279533,-0.600492,-3.649613,-2.553625,DSB,2,0,0,DIRECT,1.0,0.0,3,0.451394794424
916,279877,-1.41425,3.4088,-1.1311,DSB,2,0,0,DIRECT,1.0,0.0,41,0.900173402928
917,280813,-2.36231,1.8438,-1.42331,DSB,2,0,0,DIRECT,1.0,0.0,27,0.724462499263
918,280953,-1.0456,-0.535488,-1.24121,DSB,2,0,0,DIRECT,1.0,0.0,12,0.71056898651
919,281373,-0.399617,-2.284621,-2.388704,DSB,2,1,1,DIRECT,1.0,0.0,8,0.297536437096
920,281388,3.69533,2.15763,-1.12145,DSB,2,0,0,DIRECT,1.0,0.0,35,0.332921165653
921,281617,0.331566,1.40003,-4.08306,DSB,2,0,0,DIRECT,1.0,0.0,32,0.760695327543
922,281814,4.14865,-0.492982,-0.256663,DSB,2,0,0,DIRECT,1.0,0.0,21,0.164061545043
923,282624,-2.19919,0.328782,-1.70091,DSB+,3,0,0,DIRECT,1.0,0.0,16,0.828466391282
924,282653,1.67358,2.45971,0.323547,DSB,2,0,0,DIRECT,1.0,0.0,34,0.999717364027
925,282762,2.87959,0.239791,1.06125,DSB+,3,0,0,DIRECT,1.0,0.0,17,0.738534847356
926,282839,-3.99977,-2.03388,-0.510856,DSB,2,1,1,DIRECT,1.0,0.0,3,0.647439842519
927,283470,-0.366416,-0.679641,-2.56303,DSB,2,0,0,DIRECT,1.0,0.0,15,0.433263395536
928,283598,1.49954,-0.395477,2.28628,DSB+,4,0,0,DIRECT,1.0,0.0,14,0.291009284256
929,283777,3.53292,-1.90199,2.34272,DSB,2,0,0,DIRECT,1.0,0.0,6,0.685401455203
930,284613,-2.4274,1.14661,2.09671,DSB,2,1,1,DIRECT,1.0,0.0,20,0.248147382442
931,285231,0.115643,3.210976,-1.022563,DSB+,3,0,0,DIRECT,1.0,0.0,41,0.635170357112
932,286187,2.47838,1.58784,2.08298,DSB,2,0,0,DIRECT,1.0,0.0,24,0.950437312204
933,286488,-0.629588,2.11965,-0.426963,DSB,2,2,1,DIRECT,1.0,0.0,31,0.180275339617
934,286517,-1.79299,2.13955,-1.32602,DSB,2,0,0,DIRECT,1.0,0.0,28,0.835764904895
935,287368,-1.57395,1.42038,2.67678,DSB,2,0,0,DIRECT,1.0,0.0,26,0.017538896747
936,287399,-2.55503,-2.17104,-0.72254,DSB,2,0,0,DIRECT,1.0,0.0,3,0.817844763597
937,287481,0.613836,2.71457,3.46928,DSB,2,1,1,DIRECT,1.0,0.0,29,0.557083084932
938,287576,-0.841787,-3.57317,0.656002,DSB+,3,0,0,DIRECT,1.0,0.0,1,0.466225627237
939,287865,0.954028,1.42404,2.64006,DSB+,4,0,0,DIRECT,1.0,0.0,25,0.909105824868
940,288208,2.89318,-0.778073,0.413817,DSB,2,0,0,DIRECT,1.0,0.0,10,0.764809457846
941,288381,-3.95093,-1.06669,1.15779,DSB,2,0,0,DIRECT,1.0,0.0,4,0.751650422918
942,288501,1.37815,-3.7649,-0.372234,DSB,2,0,0,DIRECT,1.0,0.0,5,0.046942337833
943,288729,-2.32115,-0.99183,-0.993039,DSB,2,0,0,DIRECT,1.0,0.0,11,0.639405402746
944,288870,-1.51315,-2.29853,3.51271,DSB+,3,1,1,DIRECT,1.0,0.0,2,0.163605072636
945,289521,-2.96956,1.19477,-2.78119,DSB,2,0,0,DIRECT,1.0,0.0,22,0.317209023812
946,289775,-3.77609,-0.204988,-2.11156,DSB+,3,1,1,DIRECT,1.0,0.0,12,0.683445240155
947,289850,-0.368455,1.355125,-0.533575,DSB,2,0,0,DIRECT,1.0,0.0,23,0.769281871537
948,289882,2.641888,2.240707,0.813105,DSB,2,0,0,DIRECT,1.0,0.0,37,0.649795260138
949,290467,0.892313,-2.78736,-2.19658,DSB,2,0,0,DIRECT,1.0,0.0,5,0.721005296995
950,290565,2.553149,2.260234,0.00652,DSB+,4,0,0,DIRECT,1.0,0.0,36,0.426844333145
951,290619,-0.902557,2.15912,0.748413,DSB,2,2,1,DIRECT,1.0,0.0,31,0.16555160456
952,291542,0.178724,3.68504,-0.324891,DSB+,4,1,1,DIRECT,1.0,0.0,44,0.856441289387
953,291809,1.81385,-2.68476,-0.494416,DSB,2,0,0,DIRECT,1.0,0.0,5,0.884027559275
954,292367,0.839633,1.96884,-2.29916,DSB,2,0,0,DIRECT,1.0,0.0,34,0.387048711674
955,292527,-1.38161,0.431933,-2.36261,DSB+,3,1,1,DIRECT,1.0,0.0,19,0.85028258172
956,292812,0.134154,1.81386,3.24193,DSB,2,0,0,DIRECT,1.0,0.0,26,0.52624950495
957,292812,0.132332,1.83949,0.133973,DSB+,3,0,0,DIRECT,1.0,0.0,27,0.529691828
958,292843,-0.537906,-0.765469,1.577842,DSB,2,1,1,DIRECT,1.0,0.0,7,0.542466518576
959,293014,-2.10418,0.269692,-2.5639,DSB++,7,0,0,DIRECT,1.0,0.0,19,0.369760248812
960,293060,0.873394,-1.289213,-1.62211,DSB,2,0,0,DIRECT,1.0,0.0,9,0.504054491131
961,293335,1.210094,-0.332585,0.168495,DSB,2,0,0,DIRECT,1.0,0.0,16,0.479439479662
962,293449,-2.248286,3.619906,0.68014,DSB,2,1,1,DIRECT,1.0,0.0,39,0.793930598774
963,293750,0.993642,2.73198,-2.18272,DSB,2,0,0,DIRECT,1.0,0.0,40,0.526502184504
964,294216,-0.82187,-0.143279,-2.19261,DSB,2,3,1,DIRECT,1.0,0.0,15,0.660292227884
965,294437,2.89377,3.3923,0.941224,DSB,2,1,1,DIRECT,1.0,0.0,45,0.212454845176
966,294504,2.6869,-1.5882,-2.17627,DSB+,3,0,0,DIRECT,1.0,0.0,9,0.925891510842
967,294558,-2.55769,-2.45653,-1.27037,DSB,2,2,1,DIRECT,1.0,0.0,3,0.585516088605
968,295297,-1.52111,1.41892,-4.1074,DSB,2,1,1,DIRECT,1.0,0.0,33,0.010672750949
969,295946,-4.01899,-0.0608727,-0.166056,DSB+,3,0,0,DIRECT,1.0,0.0,12,0.367085599163
970,296072,-1.31924,0.825963,1.78448,DSB,2,1,1,DIRECT,1.0,0.0,17,0.571533446878
971,296273,-1.91554,0.428027,-3.38584,DSB,2,0,0,DIRECT,1.0,0.0,19,0.934737340298
972,297377,-0.122596,2.7166,1.38687,DSB,2,0,0,DIRECT,1.0,0.0,31,0.500111028126
973,297744,-2.60523,-1.341535,-1.73816,DSB+,3,0,0,DIRECT,1.0,0.0,8,0.700032696483
974,297795,2.3363,-0.59721,1.82733,DSB+,4,0,0,DIRECT,1.0,0.0,14,0.334451549407
975,298046,2.49945,1.92543,3.21607,DSB+,3,0,0,DIRECT,1.0,0.0,24,0.998602798704
976,298917,3.09036,-1.02951,-2.82982,DSB,2,1,1,DIRECT,1.0,0.0,18,0.078035159814
977,299101,-1.06394,0.222774,-3.3509,DSB,2,0,0,DIRECT,1.0,0.0,19,0.948135038745
978,299118,1.83174,-0.0711415,2.70663,DSB,2,1,1,DIRECT,1.0,0.0,14,0.538418352839
979,299522,-3.93597,-0.352626,1.05791,DSB,2,0,0,DIRECT,1.0,0.0,12,0.056764532209
980,299872,2.66714,-1.80481,0.679961,DSB,2,1,1,DIRECT,1.0,0.0,6,0.965898754265
981,300401,0.103853,-3.12405,1.53499,DSB,2,0,0,DIRECT,1.0,0.0,2,0.324097638191
982,300808,-0.404232,0.495016,0.997494,DSB+,3,1,1,DIRECT,1.0,0.0,16,0.555390447527
983,302363,0.861915,-2.60323,-1.47761,DSB,2,0,0,DIRECT,1.0,0.0,5,0.785001524209
984,302479,-1.10265,-2.63697,3.55762,DSB,2,3,1,DIRECT,1.0,0.0,2,0.147377942372
985,302743,-0.226945,1.23786,1.87664,DSB,2,0,0,DIRECT,1.0,0.0,25,0.625218438987
986,302977,0.908277,-0.334398,1.40075,DSB,2,1,1,DIRECT,1.0,0.0,16,0.121467776242
987,303104,-2.37038,-1.41221,2.60019,DSB,2,0,0,DIRECT,1.0,0.0,4,0.293481670878
988,303155,0.357518,-2.19997,-0.264868,DSB,2,0,0,DIRECT,1.0,0.0,4,0.507877110055
989,303155,2.403585,-3.151112,-1.382094,DSB,2,0,0,DIRECT,1.0,0.0,5,0.553830299127
990,303322,-3.732757,1.78508,-1.834834,DSB,2,1,1,DIRECT,1.0,0.0,27,0.327026958834
991,303760,2.3669,3.18745,-1.15012,DSB+,3,0,0,DIRECT,1.0,0.0,46,0.075264652088
992,303769,-0.551004,-0.594738,-2.17388,DSB,2,0,0,DIRECT,1.0,0.0,15,0.523662167556
993,303817,0.241965,3.93325,0.885834,DSB,2,0,0,DIRECT,1.0,0.0,45,0.400044467962
994,304518,-3.87708,-0.661102,0.278585,DSB,2,0,0,DIRECT,1.0,0.0,12,0.074176307887
995,304805,2.5688,-0.510724,0.495446,DSB,2,0,0,DIRECT,1.0,0.0,14,0.354675020281
996,304996,3.35064,-2.65266,0.261116,DSB,2,0,0,DIRECT,1.0,0.0,5,0.942560466026
997,306044,0.706862,0.0372921,-3.03481,DSB,2,0,0,DIRECT,1.0,0.0,18,0.628276819017
998,306582,0.690507,-1.47849,-1.23635,DSB,2,0,0,DIRECT,1.0,0.0,9,0.427487888697
999,306687,0.196261,-0.715464,0.82787,DSB+,3,0,0,DIRECT,1.0,0.0,13,0.359191302196
1000,306990,-1.892252,1.385342,-3.218332,DSB,2,0,0,DIRECT,1.0,0.0,22,0.932376994313
1001,307480,-2.539,3.55298,-0.431446,DSB,2,1,1,DIRECT,1.0,0.0,39,0.498299842841
1002,307828,-2.69333,1.22658,-3.45324,DSB,2,0,0,DIRECT,1.0,0.0,22,0.423686510847
1003,308622,2.12555,3.51304,-0.25364,DSB+,3,0,0,DIRECT,1.0,0.0,46,0.228969503231
1004,308622,2.39633,3.706456,-0.121929,DSB,2,1,1,DIRECT,1.0,0.0,46,0.603740932308
1005,308622,1.999332,3.542203,-0.305343,DSB,2,0,0,DIRECT,1.0,0.0,46,0.229178317679
1006,308684,0.906423,2.74846,-0.204158,DSB,2,0,0,DIRECT,1.0,0.0,39,0.121491639164
1007,308958,-1.86859,2.0127,-2.00203,DSB+,3,1,1,DIRECT,1.0,0.0,33,0.278186439959
1008,309496,-0.489246,1.2284,4.20583,DSB,2,0,0,DIRECT,1.0,0.0,17,0.370651054962
1009,309633,-1.29155,0.479729,2.83392,DSB,2,0,0,DIRECT,1.0,0.0,13,0.571754714449
1010,310293,0.0470262,3.3582,2.89896,DSB+,3,0,0,DIRECT,1.0,0.0,38,0.266863140396
1011,311030,-1.91331,-0.266737,-3.70346,DSB,2,1,1,DIRECT,1.0,0.0,15,0.850836467575
1012,311163,-1.43016,-3.4626,-0.25856,DSB,2,3,1,DIRECT,1.0,0.0,1,0.818999439134
1013,311219,0.655365,0.361614,-1.37239,DSB,2,0,0,DIRECT,1.0,0.0,23,0.317915759556
1014,311513,-0.926201,3.0697,-0.706863,DSB++,5,1,1,DIRECT,1.0,0.0,38,0.9800782068
1015,311758,2.57201,-1.84273,0.619209,DSB,2,0,0,DIRECT,1.0,0.0,6,0.965670661958
1016,312121,0.840894,-0.85177,-2.22682,DSB+,3,1,1,DIRECT,1.0,0.0,15,0.445845990849
1017,313463,-0.0751022,0.85578,4.3831,DSB+,3,1,1,DIRECT,1.0,0.0,17,0.359020732378
1018,313468,3.25363,-1.24943,-1.24068,DSB,2,1,1,DIRECT,1.0,0.0,10,0.885773522962
1019,313573,-0.597326,0.713345,-1.4432,DSB,2,1,1,DIRECT,1.0,0.0,19,0.768788705119
1020,313759,2.67305,-0.957241,2.21265,DSB+,3,1,1,DIRECT,1.0,0.0,7,0.965939157132
1021,314010,-1.40678,-2.23357,1.21373,DSB,2,1,1,DIRECT,1.0,0.0,2,0.833171789614
1022,314427,-1.08488,-0.0143558,-2.50705,DSB+,3,1,1,DIRECT,1.0,0.0,19,0.359489381673
1023,314712,-1.84791,-0.112317,-3.14443,DSB,2,1,1,DIRECT,1.0,0.0,15,0.765289348131
1024,314773,0.726398,-3.71522,2.35721,DSB,2,0,0,DIRECT,1.0,0.0,1,0.576172475469
1025,314787,-1.33422,-1.23872,0.96068,DSB+,3,0,0,DIRECT,1.0,0.0,11,0.069240592228
1026,314801,2.01877,2.08379,-3.35749,DSB+,4,0,0,DIRECT,1.0,0.0,40,0.921301838755
1027,315246,0.265858,-0.53042,0.724441,DSB,2,0,0,DIRECT,1.0,0.0,13,0.365669581691
1028,315524,-1.54337,-2.53744,3.43256,DSB+,4,0,0,DIRECT,1.0,0.0,2,0.145601020792
1029,315750,0.116614,-0.230913,-3.403635,DSB,2,1,1,DIRECT,1.0,0.0,18,0.222966070487
1030,316325,3.84148,-1.33038,-1.66555,DSB,2,0,0,DIRECT,1.0,0.0,10,0.935149309656
1031,316387,-0.333687,2.18663,-1.42999,DSB,2,0,0,DIRECT,1.0,0.0,34,0.092192611551
1032,316672,-2.04178,2.05438,1.20579,DSB,2,1,1,DIRECT,1.0,0.0,28,0.181477901417
1033,317011,-0.72133,-3.37825,-0.765174,DSB,2,0,0,DIRECT,1.0,0.0,3,0.134474776049
1034,317236,4.12172,0.169964,-0.196018,DSB+,3,1,1,DIRECT,1.0,0.0,21,0.634469553437
1035,317236,4.120646,0.165723,-0.196285,DSB,2,0,0,DIRECT,1.0,0.0,21,0.634469320609
1036,317239,-1.61037,4.31901,-0.297603,DSB,2,0,0,DIRECT,1.0,0.0,46,0.365744779955
1037,317648,-0.640952,1.92229,1.52596,DSB,2,0,0,DIRECT,1.0,0.0,30,0.010280079956
1038,318051,2.85004,2.24526,1.86124,DSB+,3,2,1,DIRECT,1.0,0.0,37,0.139498046743
1039,318328,1.31256,3.59809,2.2187,DSB,2,1,1,DIRECT,1.0,0.0,43,0.217936382474
1040,318348,-0.29266,3.17768,2.78679,DSB+,4,0,0,DIRECT,1.0,0.0,38,0.151713232548
1041,318811,1.00408,1.39329,0.585772,DSB,2,0,0,DIRECT,1.0,0.0,26,0.880433577643
1042,318937,-0.397271,1.252751,0.248132,DSB,2,0,0,DIRECT,1.0,0.0,23,0.580704338907
1043,319354,-3.42281,-1.54998,0.631618,DSB,2,0,0,DIRECT,1.0,0.0,4,0.451116257047
1044,319542,-2.00522,1.39884,2.18415,DSB,2,0,0,DIRECT,1.0,0.0,20,0.534813152437
1045,319842,-2.56068,-1.84325,-1.2734,DSB,2,0,0,DIRECT,1.0,0.0,8,0.104382412831
1046,319930,1.93535,-3.82486,1.09466,DSB,2,0,0,DIRECT,1.0,0.0,1,0.796818547507
1047,320892,-0.748477,-3.59953,-1.71169,DSB,2,0,0,DIRECT,1.0,0.0,3,0.075423361017
1048,321322,2.07226,-0.777505,1.17758,DSB+,3,1,1,DIRECT,1.0,0.0,10,0.69737829222
1049,321869,-3.69112,-0.631307,0.695608,DSB+,4,0,0,DIRECT,1.0,0.0,11,0.255397281233
1050,322130,-1.9568,2.58883,3.07917,DSB,2,0,0,DIRECT,1.0,0.0,28,0.021582058876
1051,322281,-0.764516,1.65926,-0.111126,DSB+,3,0,0,DIRECT,1.0,0.0,26,0.892304161845
1052,322310,0.657638,0.63421,1.35078,DSB+,3,0,0,DIRECT,1.0,0.0,17,0.897448981585
1053,322310,0.658889,0.626223,1.348811,DSB,2,0,0,DIRECT,1.0,0.0,17,0.89744869563
1054,322597,-0.439616,-2.13315,3.83922,DSB+,4,0,0,DIRECT,1.0,0.0,2,0.819879125017
1055,322597,-0.431748,-2.132248,3.843285,DSB+,3,2,1,DIRECT,1.0,0.0,2,0.819879437488
1056,322629,-0.626164,2.81071,1.06284,DSB,2,0,0,DIRECT,1.0,0.0,31,0.564955408091
1057,322650,0.821965,-3.14851,0.433965,DSB,2,1,1,DIRECT,1.0,0.0,2,0.512197697838
1058,322848,-0.78783,-0.92378,-4.348911,DSB+,3,1,1,DIRECT,1.0,0.0,15,0.25238213107
1059,322848,-0.784343,-0.930303,-4.344857,DSB+,3,0,0,DIRECT,1.0,0.0,15,0.252381447966
1060,323347,1.95588,-2.18598,2.02617,DSB,2,0,0,DIRECT,1.0,0.0,6,0.414126662295
1061,323452,-1.59593,3.34692,0.399979,DSB+,3,1,1,DIRECT,1.0,0.0,39,0.76142538111
1062,323692,3.31663,0.673166,-0.34344,DSB,2,0,0,DIRECT,1.0,0.0,23,0.839015783352
1063,323783,-3.45578,1.775,-1.02006,DSB,2,0,0,DIRECT,1.0,0.0,27,0.343951970253
1064,323892,1.58643,-0.568772,-0.304497,DSB,2,2,1,DIRECT,1.0,0.0,10,0.77775870608
1065,325090,0.728709,2.22459,-2.87436,DSB,2,0,0,DIRECT,1.0,0.0,35,0.699972394195
1066,325659,2.58541,-0.264178,-2.05131,DSB+,3,0,0,DIRECT,1.0,0.0,18,0.581549418467
1067,325820,-3.05262,-1.91625,-2.05387,DSB,2,1,1,DIRECT,1.0,0.0,8,0.076685878535
1068,327028,2.21812,-0.737176,2.07641,DSB+,3,1,1,DIRECT,1.0,0.0,7,0.970412515686
1069,327070,-0.852618,-4.13629,-0.921039,DSB,2,0,0,DIRECT,1.0,0.0,1,0.348495521772
1070,328137,-1.44208,-2.29345,-1.15765,DSB,2,1,1,DIRECT,1.0,0.0,3,0.86088886874
1071,328487,3.34806,0.964597,2.32978,DSB+,3,0,0,DIRECT,1.0,0.0,24,0.339856044718
1072,328759,1.60693,-0.00519985,-3.35436,DSB+,3,0,0,DIRECT,1.0,0.0,18,0.939262607791
1073,329024,-1.73835,-1.46003,1.8312,DSB,2,0,0,DIRECT,1.0,0.0,4,0.738560729699
1074,329280,1.43272,-0.345877,2.02567,DSB+,3,1,1,DIRECT,1.0,0.0,14,0.300095587701
1075,329565,4.46424,-0.779313,0.109062,DSB,2,0,0,DIRECT,1.0,0.0,14,0.975123322291
1076,330038,0.805511,1.11637,3.51839,DSB,2,0,0,DIRECT,1.0,0.0,25,0.208537130856
1077,330038,0.808853,1.115085,3.516857,DSB,2,0,0,DIRECT,1.0,0.0,25,0.208538373837
1078,331297,-0.686142,2.126666,1.004192,DSB,2,1,1,DIRECT,1.0,0.0,30,0.130779172073
1079,332943,-4.1851,1.30077,-1.35111,DSB,2,0,0,DIRECT,1.0,0.0,20,0.933960786526
1080,333157,-1.29242,1.27916,2.12786,DSB,2,1,1,DIRECT,1.0,0.0,25,0.097327812781
1081,333266,-2.49919,2.63966,0.0241949,DSB,2,2,1,DIRECT,1.0,0.0,28,0.648320524296
1082,333280,2.51502,-2.83206,-0.80071,DSB+,3,1,1,DIRECT,1.0,0.0,5,0.808781058831
1083,333359,-1.68347,-3.84186,0.669877,DSB+,3,1,1,DIRECT,1.0,0.0,1,0.196262174516
1084,333651,0.998331,-1.84977,-2.23882,DSB,2,1,1,DIRECT,1.0,0.0,8,0.865364463003
1085,334278,-0.41938,-1.099343,-1.687535,DSB,2,0,0,DIRECT,1.0,0.0,9,0.448040256024
1086,334316,0.738857,3.13846,2.35723,DSB,2,1,1,DIRECT,1.0,0.0,38,0.38739231066
1087,334491,-1.59977,-1.5635,-0.93079,DSB+,3,0,0,DIRECT,1.0,0.0,8,0.13664813491
1088,334743,-2.891741,-0.721291,0.48558,DSB,2,0,0,DIRECT,1.0,0.0,11,0.316977972242
1089,334837,-2.23579,-0.477926,2.77275,DSB,2,1,1,DIRECT,1.0,0.0,7,0.329723593525
1090,335129,-3.62595,2.26467,-1.15889,DSB,2,1,1,DIRECT,1.0,0.0,27,0.583666386728
1091,335355,-1.3365,-2.43195,-0.741546,DSB++,5,0,0,DIRECT,1.0,0.0,3,0.842735373171
1092,335629,0.670355,1.93716,-0.798891,DSB,2,1,1,DIRECT,1.0,0.0,30,0.606940668093
1093,335798,0.86462,1.56446,1.22958,DSB,2,0,0,DIRECT,1.0,0.0,26,0.756874193134
1094,336648,0.20674,3.33883,-2.79065,DSB,2,0,0,DIRECT,1.0,0.0,45,0.79980381183
1095,336706,-0.992782,1.01157,-2.245,DSB,2,0,0,DIRECT,1.0,0.0,22,0.345840514607
1096,337023,-0.33251,-1.79813,-3.00135,DSB,2,0,0,DIRECT,1.0,0.0,8,0.908933508628
1097,337956,-2.94663,1.20624,0.438825,DSB,2,0,0,DIRECT,1.0,0.0,20,0.391597087842
1098,338334,-1.78174,0.607198,-3.42863,DSB+,3,0,0,DIRECT,1.0,0.0,22,0.136718878237
1099,338518,-4.02015,-0.576964,1.56018,DSB,2,1,1,DIRECT,1.0,0.0,11,0.16741101468
1100,338564,0.0636711,-0.733501,0.154147,DSB,2,0,0,DIRECT,1.0,0.0,16,0.075572782725
1101,338593,-3.24606,0.350004,-1.84256,DSB,2,1,1,DIRECT,1.0,0.0,19,0.225586914958
1102,338742,-1.88109,0.489359,-0.265635,DSB,2,0,0,DIRECT,1.0,0.0,16,0.663587468122
1103,339112,-1.752986,0.752878,0.887902,DSB,2,0,0,DIRECT,1.0,0.0,20,0.368533891294
1104,339942,0.718916,3.91521,0.603175,DSB+,3,0,0,DIRECT,1.0,0.0,46,0.386250662025
1105,340738,0.810516,3.71391,-1.99081,DSB,2,0,0,DIRECT,1.0,0.0,46,0.790341270052
1106,341073,1.946538,0.12242,-0.150417,DSB+,3,0,0,DIRECT,1.0,0.0,21,0.075210614315
1107,341528,3.57296,0.619506,-2.64405,DSB,2,0,0,DIRECT,1.0,0.0,32,0.440198559576
1108,342063,-1.698501,1.320291,-3.22588,DSB+,3,1,1,MIXED,1.0,0.0,22,0.931208345702
1109,342130,-2.45789,-0.838899,0.745083,DSB,2,0,0,DIRECT,1.0,0.0,11,0.299168131446
1110,342256,0.201216,0.192732,2.78339,DSB,2,1,1,DIRECT,1.0,0.0,13,0.557762669217
1111,342520,1.93067,1.23716,3.46623,DSB+,3,0,0,DIRECT,1.0,0.0,25,0.508143251468
1112,342641,-2.41995,2.45141,1.45874,DSB,2,0,0,DIRECT,1.0,0.0,28,0.336647172251
1113,343485,2.13448,-2.54394,1.50175,DSB,2,2,1,DIRECT,1.0,0.0,6,0.287258809784
1114,343485,2.136591,-2.539711,1.498932,DSB,2,0,0,DIRECT,1.0,0.0,6,0.287267185584
1115,343768,-1.14027,-3.77828,1.07471,DSB,2,1,1,DIRECT,1.0,0.0,1,0.177850873654
1116,344132,1.4613,-3.35559,-0.845783,DSB,2,1,1,DIRECT,1.0,0.0,5,0.306509766213
1117,344233,-2.99625,1.38385,1.50031,DSB+,3,0,0,DIRECT,1.0,0.0,20,0.476912029284
1118,344569,2.9435,0.522428,3.13463,DSB,2,0,0,DIRECT,1.0,0.0,24,0.047747447159
1119,345037,1.0628,1.86438,-3.62295,DSB,2,0,0,DIRECT,1.0,0.0,33,0.840657184766
1120,345402,2.42716,2.14901,1.06026,DSB,2,0,0,DIRECT,1.0,0.0,29,0.999222415748
1121,345688,-0.0574121,2.81521,1.46987,DSB,2,0,0,DIRECT,1.0,0.0,31,0.502806547344
1122,345732,3.41273,-0.405923,2.2568,DSB,2,0,0,DIRECT,1.0,0.0,14,0.466601226329
1123,346745,1.70756,-1.7299,-2.46742,DSB,2,0,0,DIRECT,1.0,0.0,9,0.648921715566
1124,346849,2.12366,-2.17669,0.166536,DSB,2,0,0,DIRECT,1.0,0.0,6,0.835040423407
1125,346849,2.120499,-2.176489,0.173039,DSB,2,0,0,DIRECT,1.0,0.0,6,0.835041094843
1126,347077,-2.40643,2.68629,2.81986,DSB+,4,0,0,DIRECT,1.0,0.0,28,0.015061936439
1127,348235,2.72968,1.70584,-0.298098,DSB,2,1,1,DIRECT,1.0,0.0,36,0.199113033083
1128,348239,-2.62775,-0.166228,-0.742158,DSB,2,0,0,DIRECT,1.0,0.0,12,0.812347765983
1129,348267,3.49105,-2.67643,-0.80356,DSB,2,0,0,DIRECT,1.0,0.0,9,0.108371224409
1130,349041,-0.994965,-1.37039,1.03114,DSB,2,1,1,DIRECT,1.0,0.0,11,0.066697970595
1131,349441,-3.81712,-1.90129,0.85528,DSB,2,1,1,DIRECT,1.0,0.0,3,0.697527267012
1132,349589,-1.60822,2.98245,-3.12856,DSB+,3,0,0,DIRECT,1.0,0.0,40,0.592876143329
1133,350026,3.65922,1.04313,-0.199248,DSB,2,0,0,DIRECT,1.0,0.0,24,0.73543612982
1134,350058,-2.24973,-1.032293,-3.625453,DSB,2,1,1,DIRECT,1.0,0.0,15,0.025171633235
1135,350221,-0.392469,1.230561,-0.833661,DSB,2,0,0,DIRECT,1.0,0.0,23,0.785105173079
1136,350221,-0.385718,2.011873,-1.721511,DSB,2,0,0,DIRECT,1.0,0.0,33,0.351549483747
1137,350272,0.756752,1.30234,1.33537,DSB+,3,2,1,DIRECT,1.0,0.0,25,0.786996279628
1138,350563,-0.0789453,-1.72437,-3.44691,DSB,2,1,1,DIRECT,1.0,0.0,9,0.674796308432
1139,350757,-0.380892,-0.300348,0.376436,DSB,2,0,0,DIRECT,1.0,0.0,13,0.371489487815
1140,351511,-1.3141,2.54704,-0.491605,DSB,2,0,0,DIRECT,1.0,0.0,28,0.983633843853
1141,351675,-1.01181,-1.28735,4.28465,DSB,2,1,1,DIRECT,1.0,0.0,4,0.21778544228
1142,351901,1.50534,1.92505,2.11344,DSB,2,0,0,DIRECT,1.0,0.0,29,0.348126468491
1143,351931,2.538929,3.374984,-0.61881,DSB,2,0,0,DIRECT,1.0,0.0,46,0.159104417336
1144,352237,-0.0966392,0.561186,0.132992,DSB,2,0,0,DIRECT,1.0,0.0,17,0.689059252502
1145,352282,-2.18353,3.01019,-0.721808,DSB,2,1,1,DIRECT,1.0,0.0,35,0.046347338481
1146,352514,-1.05608,-0.691087,3.38871,DSB,2,1,1,DIRECT,1.0,0.0,7,0.118477337972
1147,353317,-1.297532,2.55298,0.02104,DSB,2,0,0,DIRECT,1.0,0.0,31,0.734624747188
1148,353576,1.34134,-0.580043,0.291148,DSB+,4,0,0,DIRECT,1.0,0.0,10,0.641332470403
1149,353625,-0.539283,-2.01791,-1.54779,DSB,2,0,0,DIRECT,1.0,0.0,8,0.232027207524
1150,353644,-3.37305,2.21276,-1.17366,DSB,2,0,0,DIRECT,1.0,0.0,27,0.589159990497
1151,353718,-3.210802,0.804964,0.412653,DSB,2,2,1,DIRECT,1.0,0.0,20,0.353206837555
1152,354008,-0.866352,0.886637,-2.94676,DSB,2,0,0,DIRECT,1.0,0.0,22,0.443551703715
1153,354032,2.1237,2.06281,1.6772,DSB,2,0,0,DIRECT,1.0,0.0,29,0.843534967133
1154,355369,-1.310326,-0.781618,2.067518,DSB,2,0,0,DIRECT,1.0,0.0,7,0.410172896589
1155,355440,1.964487,-1.279912,-2.048489,DSB,2,0,0,DIRECT,1.0,0.0,9,0.978836736393
1156,355934,-2.88191,-1.68826,1.04909,DSB,2,0,0,DIRECT,1.0,0.0,4,0.411040067377
1157,356042,0.498861,-2.44116,-1.36792,DSB+,3,0,0,DIRECT,1.0,0.0,5,0.825035404788
1158,356243,1.95906,2.67963,-0.322539,DSB,2,1,1,DIRECT,1.0,0.0,37,0.8696145686
1159,356390,0.778999,-3.26747,2.2147,DSB,2,1,1,DIRECT,1.0,0.0,1,0.636954460667
1160,356769,-1.127282,-1.021809,2.521562,DSB,2,0,0,DIRECT,1.0,0.0,7,0.065284158723
1161,356769,-2.202543,-1.002932,1.483634,DSB,2,4,1,DIRECT,1.0,0.0,11,0.151319313797
1162,357052,-2.82821,-1.13145,3.38812,DSB,2,0,0,DIRECT,1.0,0.0,4,0.226831002148
1163,357371,-0.957744,1.11414,1.30844,DSB,2,1,1,DIRECT,1.0,0.0,17,0.975922223245
1164,357737,-0.666448,3.14312,0.355303,DSB,2,0,0,DIRECT,1.0,0.0,39,0.554717821782
1165,358011,-1.22353,1.13865,3.44508,DSB,2,0,0,DIRECT,1.0,0.0,17,0.448793196522
1166,358478,-0.139209,-2.89423,-2.71585,DSB+,3,2,1,DIRECT,1.0,0.0,3,0.977110204427
1167,358764,0.516212,0.596279,0.491434,DSB,2,0,0,DIRECT,1.0,0.0,17,0.762233630168
1168,358986,-3.48007,-1.92436,-1.12382,DSB,2,0,0,DIRECT,1.0,0.0,3,0.823482440552
1169,359023,2.0346,-0.798578,-0.162044,DSB,2,0,0,DIRECT,1.0,0.0,10,0.596003367375
1170,359793,-0.414932,2.34546,-0.0522832,DSB,2,0,0,DIRECT,1.0,0.0,31,0.795277741058
1171,359813,-3.17499,-1.79251,1.20716,DSB+,3,1,1,DIRECT,1.0,0.0,3,0.733547117349
1172,359813,-3.174137,-1.786153,1.2212,DSB,2,1,1,DIRECT,1.0,0.0,3,0.733555043783
1173,360446,0.988712,0.452317,-3.12282,DSB+,4,0,0,DIRECT,1.0,0.0,22,0.550267715264
1174,360747,2.98146,1.33941,1.0416,DSB,2,0,0,DIRECT,1.0,0.0,24,0.861126523982
1175,360844,0.94135,-1.54971,1.66648,DSB,2,0,0,DIRECT,1.0,0.0,6,0.702938151403
1176,360928,1.06703,-3.18214,2.85736,DSB,2,0,0,DIRECT,1.0,0.0,2,0.086886816558
1177,361000,0.46135,-1.524552,-1.200369,DSB+,3,0,0,DIRECT,1.0,0.0,9,0.427755894528
1178,361748,0.642535,0.821266,2.712397,DSB,2,0,0,DIRECT,1.0,0.0,25,0.072955758433
1179,361842,3.49328,1.26116,2.12491,DSB,2,0,0,DIRECT,1.0,0.0,24,0.505070507051
1180,362080,2.83222,-1.2447,0.397629,DSB,2,0,0,DIRECT,1.0,0.0,10,0.391450615081
1181,363010,-3.44825,2.48339,1.78805,DSB,2,0,0,DIRECT,1.0,0.0,28,0.092060956654
1182,363132,1.4309,-2.56728,-0.902959,DSB,2,0,0,DIRECT,1.0,0.0,5,0.856781786138
1183,363161,2.20541,3.57971,-1.48322,DSB,2,0,0,DIRECT,1.0,0.0,46,0.804193978762
1184,363560,2.191726,-2.747249,-2.053191,DSB++,6,1,1,DIRECT,1.0,0.0,9,0.041819144726
1185,363748,-0.292926,3.3498,-1.25482,DSB,2,1,1,DIRECT,1.0,0.0,44,0.497365916664
1186,364063,2.988382,1.142432,2.821107,DSB,2,1,1,DIRECT,1.0,0.0,24,0.382771235252
1187,364383,-3.94676,0.0546384,-1.14388,DSB,2,2,1,DIRECT,1.0,0.0,12,0.799379231266
1188,364383,-3.943295,0.047177,-1.136763,DSB,2,0,0,DIRECT,1.0,0.0,12,0.799370070676
1189,364470,-1.702202,-3.192487,-0.538176,DSB,2,0,0,DIRECT,1.0,0.0,3,0.147990493921
1190,364682,-0.0165226,-3.59234,-0.940981,DSB,2,0,0,DIRECT,1.0,0.0,3,0.1031610553
1191,365215,-1.86251,2.13576,0.186397,DSB,2,1,1,DIRECT,1.0,0.0,27,0.425851087341
1192,365275,1.14759,-1.70033,2.93174,DSB,2,2,1,DIRECT,1.0,0.0,6,0.475210615359
1193,365394,2.59066,3.08936,-1.78308,DSB,2,2,1,DIRECT,1.0,0.0,45,0.761118431987
1194,365792,-0.358645,-3.65219,-1.38334,DSB,2,1,1,DIRECT,1.0,0.0,3,0.073439632974
1195,365806,-1.509656,0.777137,-3.003194,DSB,2,0,0,DIRECT,1.0,0.0,22,0.206250007276
1196,366399,-0.220168,-1.49434,-3.20931,DSB+,3,0,0,DIRECT,1.0,0.0,9,0.663410872706
1197,366463,3.78844,0.89142,-1.96783,DSB,2,0,0,DIRECT,1.0,0.0,32,0.29135952447
1198,366692,2.079839,-3.417971,-0.746071,DSB+,3,0,0,DIRECT,1.0,0.0,5,0.301476694298
1199,366724,-3.16731,1.06606,2.44225,DSB,2,1,1,DIRECT,1.0,0.0,20,0.097633690845
1200,366847,1.74032,3.83686,-1.15893,DSB,2,0,0,DIRECT,1.0,0.0,46,0.733551223372
1201,367670,0.55902,0.560326,2.43648,DSB,2,0,0,DIRECT,1.0,0.0,17,0.591795136826
1202,367683,-1.91534,0.312457,1.55196,DSB,2,0,0,DIRECT,1.0,0.0,12,0.999381336885
1203,367907,-1.28597,-1.03197,1.32055,DSB++,5,1,1,DIRECT,1.0,0.0,7,0.484121556872
1204,367919,-0.836537,0.359176,-1.075852,DSB+,3,1,1,DIRECT,1.0,0.0,19,0.500055268235
1205,368000,-0.96597,-2.15795,-3.86396,DSB,2,0,0,DIRECT,1.0,0.0,8,0.449391924163
1206,368152,-1.55258,4.2744,-0.844656,DSB,2,0,0,DIRECT,1.0,0.0,46,0.281304970214
1207,368535,-3.15366,-0.926019,2.85092,DSB,2,0,0,DIRECT,1.0,0.0,4,0.851527794904
1208,368928,1.74867,0.660294,1.97463,DSB,2,0,0,DIRECT,1.0,0.0,17,0.94855349715
1209,369927,1.84356,-0.403547,0.700207,DSB+,3,1,1,DIRECT,1.0,0.0,14,0.378664024925
1210,370615,-4.07115,-0.28916,1.82077,DSB,2,0,0,DIRECT,1.0,0.0,12,0.044060355758
1211,371037,-1.69577,0.680513,0.314951,DSB,2,0,0,DIRECT,1.0,0.0,16,0.581343384338
1212,371804,-3.47945,1.47697,2.60051,DSB,2,2,1,DIRECT,1.0,0.0,20,0.183512486875
1213,372357,1.34749,1.207099,-0.818269,DSB+,3,0,0,DIRECT,1.0,0.0,30,0.244109339505
1214,372860,1.82777,1.51463,-1.04348,DSB+,3,0,0,DIRECT,1.0,0.0,30,0.456698686102
1215,372909,1.06837,3.24173,0.592144,DSB,2,0,0,DIRECT,1.0,0.0,42,0.376474425572
1216,372912,-1.584682,1.536528,-2.659832,DSB,2,1,1,DIRECT,1.0,0.0,27,0.973767993429
1217,373245,0.717121,2.71422,-2.6803,DSB,2,0,0,DIRECT,1.0,0.0,40,0.635927109854
1218,373375,-2.14076,0.883021,-2.899143,DSB,2,2,1,DIRECT,1.0,0.0,22,0.233469166361
1219,373526,-3.61613,0.877498,-0.00754676,DSB+,3,0,0,DIRECT,1.0,0.0,19,0.108111558965
1220,374837,-0.601931,-4.11643,-0.31095,DSB,2,1,1,DIRECT,1.0,0.0,1,0.392960938711
1221,375462,-2.07279,0.444543,3.81519,DSB+,3,1,1,MIXED,1.0,0.0,13,0.161381325376
1222,376037,1.62015,-1.11152,1.40963,DSB,2,0,0,DIRECT,1.0,0.0,10,0.272165500954
1223,376144,-0.586806,1.09131,2.20032,DSB,2,0,0,DIRECT,1.0,0.0,25,0.088180952381
1224,376144,-0.582238,1.094716,2.195933,DSB,2,0,0,DIRECT,1.0,0.0,25,0.088181801037
1225,376479,1.20082,2.16046,-0.180259,DSB,2,1,1,DIRECT,1.0,0.0,31,0.905742078547
1226,376817,1.1406,0.658401,4.42219,DSB,2,2,1,DIRECT,1.0,0.0,17,0.309678036485
1227,377101,-2.92567,1.87193,-0.801225,DSB,2,1,1,DIRECT,1.0,0.0,26,0.917272504393
1228,377424,1.37113,1.71159,-0.527096,DSB,2,0,0,DIRECT,1.0,0.0,30,0.594900084164
1229,377429,2.68165,-0.780378,2.51318,DSB,2,0,0,DIRECT,1.0,0.0,7,0.960209597037
1230,377439,-2.91827,1.31364,-3.07747,DSB,2,0,0,DIRECT,1.0,0.0,22,0.420039995402
1231,377489,2.59117,-0.0852195,2.95501,DSB,2,0,0,DIRECT,1.0,0.0,14,0.547511328343
1232,377684,-2.72654,1.44334,1.45451,DSB,2,0,0,DIRECT,1.0,0.0,20,0.480894270847
1233,378300,3.90163,1.64165,-1.45263,DSB+,3,0,0,DIRECT,1.0,0.0,36,0.632429375256
1234,378491,2.717845,0.777098,1.051239,DSB,2,2,1,DIRECT,1.0,0.0,23,0.611813696148
1235,378506,2.33479,-3.23619,1.03378,DSB,2,0,0,DIRECT,1.0,0.0,2,0.521675332802
1236,378717,-2.41821,2.01946,3.40067,DSB,2,0,0,DIRECT,1.0,0.0,26,0.034450765077
1237,378758,-1.722394,2.026831,-1.947645,DSB,2,2,1,DIRECT,1.0,0.0,33,0.272572760677
1238,379525,-1.83495,1.03062,3.79821,DSB,2,0,0,DIRECT,1.0,0.0,17,0.338471895583
1239,379749,-3.56493,1.45211,0.942601,DSB,2,0,0,DIRECT,1.0,0.0,20,0.456316082528
1240,379843,3.06014,-1.12921,-2.63072,DSB,2,0,0,DIRECT,1.0,0.0,18,0.074429437661
1241,380459,-0.772712,3.81881,2.32785,DSB,2,0,0,DIRECT,1.0,0.0,40,0.257379459375
1242,382007,0.774448,-1.61296,0.163757,DSB,2,0,0,DIRECT,1.0,0.0,6,0.978125266492
1243,382185,-2.681183,1.14448,-2.181343,DSB+,3,1,1,DIRECT,1.0,0.0,27,0.168895218205
1244,382424,0.462177,1.185,3.36308,DSB,2,0,0,DIRECT,1.0,0.0,25,0.159656508508
1245,382495,0.96828,-2.91572,-2.22242,DSB,2,0,0,DIRECT,1.0,0.0,5,0.719969192345
1246,382668,-2.87658,-0.835002,-2.90479,DSB,2,0,0,DIRECT,1.0,0.0,11,0.987232860942
1247,382736,-2.89986,2.63083,1.3496,DSB,2,0,0,DIRECT,1.0,0.0,28,0.345050481053
1248,382817,1.8021,-1.55149,1.5479,DSB,2,1,1,DIRECT,1.0,0.0,10,0.010794139211
1249,383929,-2.87929,1.65162,0.0991978,DSB+,4,2,1,DIRECT,1.0,0.0,26,0.221852402383
1250,385588,4.3383,0.236626,0.06854,DSB,2,0,0,DIRECT,1.0,0.0,21,0.577256215039
1251,385769,-0.0864388,-1.07695,-0.105301,DSB,2,0,0,DIRECT,1.0,0.0,11,0.676043077089
1252,386215,-0.707106,-0.689883,-2.71326,DSB,2,0,0,DIRECT,1.0,0.0,15,0.42638365399
1253,386939,0.350427,2.07002,-2.20233,DSB,2,0,0,DIRECT,1.0,0.0,34,0.393820287924
1254,387192,1.59068,-2.06228,1.69468,DSB,2,0,0,DIRECT,1.0,0.0,6,0.394582543048
1255,387647,0.055494,-0.843369,-2.896318,DSB,2,2,1,DIRECT,1.0,0.0,15,0.377271046301
1256,387998,-1.85942,-0.0543304,3.38977,DSB,2,0,0,DIRECT,1.0,0.0,7,0.770250746333
1257,388075,3.6909,0.307814,0.113053,DSB,2,2,1,MIXED,1.0,0.0,21,0.565699093719
1258,388462,-1.1948,1.44402,3.65604,DSB+,3,0,0,DIRECT,1.0,0.0,25,0.273820170588
1259,388481,1.98928,-1.38689,0.903549,DSB+,3,1,1,DIRECT,1.0,0.0,10,0.221798912362
1260,388954,0.567662,1.28461,4.2856,DSB,2,0,0,DIRECT,1.0,0.0,25,0.296604286143
1261,389745,-1.60011,-0.511313,0.21614,DSB,2,0,0,DIRECT,1.0,0.0,12,0.394898443901
1262,389857,0.00617171,-3.28328,-0.857002,DSB+,4,0,0,DIRECT,1.0,0.0,3,0.380191157211
1263,390125,-0.65986,-0.0445246,-2.67703,DSB,2,1,1,DIRECT,1.0,0.0,18,0.41220313071
1264,390914,-1.08452,2.02226,3.11719,DSB+,4,0,0,DIRECT,1.0,0.0,26,0.512475521838
1265,390956,0.325561,-0.775978,-1.04912,DSB,2,0,0,DIRECT,1.0,0.0,16,0.238345756451
1266,391013,2.680148,-2.233094,0.327999,DSB,2,0,0,DIRECT,1.0,0.0,6,0.831242750203
1267,391302,3.13487,1.02096,0.54113,DSB,2,0,0,DIRECT,1.0,0.0,23,0.716649226499
1268,391542,-2.81087,1.35331,1.1455,DSB,2,0,0,DIRECT,1.0,0.0,20,0.450410943154
1269,392298,-3.17051,0.484014,1.29618,DSB,2,0,0,DIRECT,1.0,0.0,13,0.449449579796
1270,392655,-3.07638,2.21172,1.58646,DSB,2,0,0,DIRECT,1.0,0.0,26,0.402329364365
1271,392876,-0.846127,3.23299,-1.18472,DSB,2,2,1,DIRECT,1.0,0.0,41,0.593692656244
1272,393129,2.180383,2.873277,-2.079699,DSB+,3,0,0,DIRECT,1.0,0.0,43,0.566287445671
1273,393194,-1.25896,-0.0120294,-0.25059,DSB,2,1,1,DIRECT,1.0,0.0,16,0.506149583708
1274,393197,0.768216,0.514941,1.788025,DSB,2,0,0,DIRECT,1.0,0.0,17,0.647504847273
1275,393354,-2.13597,1.20958,-2.79589,DSB,2,0,0,DIRECT,1.0,0.0,22,0.412252126006
1276,393767,-1.36531,-4.16724,-1.38596,DSB,2,0,0,DIRECT,1.0,0.0,1,0.320984458705
1277,393880,2.20902,3.16522,-1.08686,DSB,2,2,1,DIRECT,1.0,0.0,44,0.242789610894
1278,394007,-0.77649,0.925329,2.95992,DSB,2,1,1,DIRECT,1.0,0.0,17,0.507998787833
1279,394610,0.560096,0.368793,-3.71325,DSB,2,0,0,DIRECT,1.0,0.0,22,0.620522042945
1280,395208,-1.531149,-1.231282,-2.985671,DSB,2,0,0,DIRECT,1.0,0.0,15,0.041353450077
1281,395523,1.106163,1.436735,-0.091717,DSB,2,1,1,DIRECT,1.0,0.0,30,0.183141528439
1282,395548,-0.240918,-4.36587,-0.89724,DSB+,4,1,1,DIRECT,1.0,0.0,1,0.305180493721
1283,396168,-4.32231,-1.19465,0.398307,DSB,2,1,1,DIRECT,1.0,0.0,4,0.699538606608
1284,396171,-1.13538,1.5388,1.05726,DSB,2,0,0,DIRECT,1.0,0.0,26,0.311687214436
1285,396924,-3.78416,-2.36665,1.18084,DSB,2,0,0,DIRECT,1.0,0.0,3,0.231227388307
1286,397091,-2.19643,-0.308776,-1.54769,DSB,2,0,0,DIRECT,1.0,0.0,12,0.720326433996
1287,397350,-0.664475,2.63008,-3.59422,DSB+,3,1,1,DIRECT,1.0,0.0,40,0.813867106711
1288,397387,-1.27285,-3.0687,1.76476,DSB,2,0,0,DIRECT,1.0,0.0,1,0.648343383835
1289,397717,4.45708,-0.754918,-0.0569296,DSB,2,0,0,DIRECT,1.0,0.0,14,0.975791445239
1290,397950,1.08392,-3.50111,-1.73305,DSB,2,0,0,DIRECT,1.0,0.0,5,0.270657850757
1291,398004,-3.11866,-2.74553,1.60135,DSB+,3,0,0,MIXED,1.0,0.0,3,0.014372614917
1292,398042,2.66492,-0.659901,-3.46136,DSB,2,1,1,DIRECT,1.0,0.0,18,0.755064625651
1293,398206,0.333913,0.0863898,-1.38799,DSB+,3,0,0,DIRECT,1.0,0.0,23,0.006586707932
1294,398416,3.30683,1.13832,0.139728,DSB,2,3,1,DIRECT,1.0,0.0,24,0.787929659961
1295,398656,-2.81636,-1.67026,0.913926,DSB,2,0,0,DIRECT,1.0,0.0,4,0.41135924032
1296,398872,2.26328,1.58253,-3.0005,DSB+,3,1,1,DIRECT,1.0,0.0,34,0.201591504955
1297,398886,-3.34329,0.931822,-2.30739,DSB,2,0,0,DIRECT,1.0,0.0,19,0.806601281951
1298,398997,-2.85782,-1.02733,2.1638,DSB+,4,1,1,DIRECT,1.0,0.0,4,0.795704707101
1299,399337,0.166605,-3.23221,2.40978,DSB,2,0,0,DIRECT,1.0,0.0,1,0.620975298153
1300,400015,2.84486,-0.120421,2.46728,DSB,2,0,0,DIRECT,1.0,0.0,14,0.499710701022
1301,400029,-0.217228,2.05629,2.26472,DSB+,3,0,0,DIRECT,1.0,0.0,29,0.208789057477
1302,400029,-0.238643,2.047965,2.288687,DSB,2,4,1,DIRECT,1.0,0.0,29,0.208765795411
1303,400637,-0.552488,0.700089,-0.702674,DSB,2,2,1,DIRECT,1.0,0.0,23,0.268181441297
1304,400918,-0.362312,2.34675,-3.37743,DSB,2,1,1,DIRECT,1.0,0.0,35,0.827871287129
1305,400918,-0.286859,2.349353,-3.345201,DSB,2,0,0,DIRECT,1.0,0.0,35,0.830358373074
1306,400956,3.20065,0.550478,2.11338,DSB,2,0,0,DIRECT,1.0,0.0,24,0.205476035288
1307,400967,-1.02004,-3.63811,-1.01058,DSB,2,0,0,DIRECT,1.0,0.0,1,0.886959570957
1308,401339,-1.46596,0.863714,-1.82382,DSB,2,1,1,DIRECT,1.0,0.0,27,0.153087245108
1309,401472,0.518462,3.9916,1.63796,DSB,2,1,1,DIRECT,1.0,0.0,45,0.618470994068
1310,401723,3.01501,-1.73908,-1.10739,DSB,2,1,1,DIRECT,1.0,0.0,9,0.486822307722
1311,402068,-0.870363,-3.31956,2.56315,DSB+,3,1,1,DIRECT,1.0,0.0,2,0.056046161903
1312,402795,-2.17106,1.93478,2.88117,DSB+,3,0,0,DIRECT,1.0,0.0,20,0.615315932119
1313,402842,3.73169,2.54123,-0.700332,DSB+,3,0,0,DIRECT,1.0,0.0,41,0.348503168901
1314,403031,1.18017,0.226924,-2.52201,DSB,2,0,0,DIRECT,1.0,0.0,22,0.168044023318
1315,403291,-0.132903,1.893068,-2.317889,DSB,2,0,0,DIRECT,1.0,0.0,33,0.508453472331
1316,403874,1.66515,0.394251,-3.99021,DSB,2,0,0,DIRECT,1.0,0.0,22,0.735228600241
1317,403956,3.23795,0.0343646,1.20099,DSB+,3,1,1,DIRECT,1.0,0.0,17,0.73399710977
1318,403956,3.230986,0.037364,1.198324,DSB+,3,0,0,DIRECT,1.0,0.0,17,0.733996377448
1319,404636,-2.82238,-2.1382,-2.30172,DSB,2,0,0,DIRECT,1.0,0.0,8,0.05470558847
1320,404670,-0.592435,-1.81798,3.2731,DSB,2,1,1,DIRECT,1.0,0.0,4,0.146864416478
1321,404848,-0.389295,0.00986343,2.96389,DSB,2,1,1,DIRECT,1.0,0.0,13,0.265661346254
1322,405218,2.52805,2.19136,-1.30597,DSB,2,0,0,DIRECT,1.0,0.0,35,0.291382196768
1323,405414,0.891962,0.335305,-3.8641,DSB,2,0,0,DIRECT,1.0,0.0,22,0.646804769763
1324,405738,2.57215,1.626,-3.30741,DSB,2,3,1,DIRECT,1.0,0.0,34,0.195023486476
1325,405764,0.846486,0.315545,3.05167,DSB+,4,1,1,DIRECT,1.0,0.0,17,0.192808202841
1326,406000,-0.337347,-1.306,-0.971729,DSB,2,0,0,DIRECT,1.0,0.0,11,0.597910218206
1327,406267,0.429218,3.73817,-2.31016,DSB,2,0,0,DIRECT,1.0,0.0,46,0.82684705985
1328,406371,-0.557829,-0.473113,2.4917,DSB,2,1,1,DIRECT,1.0,0.0,7,0.637814919701
1329,406506,-2.28037,1.87617,3.29038,DSB,2,0,0,DIRECT,1.0,0.0,26,0.033437229437
1330,407058,-0.524131,3.62109,-1.4745,DSB,2,0,0,DIRECT,1.0,0.0,44,0.402444621413
1331,407080,-1.77191,0.247688,-2.60971,DSB,2,0,0,DIRECT,1.0,0.0,19,0.367496283152
1332,407264,1.10749,-2.21272,2.68457,DSB,2,0,0,DIRECT,1.0,0.0,6,0.047549580916
1333,407351,2.433948,2.520741,-2.272509,DSB+,3,0,0,DIRECT,1.0,0.0,40,0.679066399497
1334,407351,2.426511,2.479709,-2.30744,DSB,2,1,1,DIRECT,1.0,0.0,40,0.679017004558
1335,407447,1.37879,1.78328,-2.57973,DSB,2,1,1,DIRECT,1.0,0.0,33,0.986424305696
1336,407514,2.32677,-2.07693,3.16442,DSB,2,0,0,DIRECT,1.0,0.0,6,0.182146395661
1337,407779,0.0996227,-3.14651,-3.06319,DSB,2,1,1,DIRECT,1.0,0.0,5,0.619429548687
1338,408240,2.13715,-2.08107,-3.48883,DSB,2,0,0,DIRECT,1.0,0.0,9,0.753048696088
1339,408958,-2.83365,-2.94522,1.22892,DSB,2,0,0,DIRECT,1.0,0.0,1,0.65654165836
1340,409198,2.06122,1.47993,1.78707,DSB+,3,0,0,DIRECT,1.0,0.0,24,0.519560544724
1341,409843,-1.14852,0.681108,-1.54839,DSB+,3,0,0,DIRECT,1.0,0.0,19,0.773330903643
1342,410075,-3.92078,-2.13317,-0.355273,DSB+,3,0,0,DIRECT,1.0,0.0,3,0.646913989934
1343,410094,-1.774311,-2.452783,-2.802743,DSB,2,0,0,DIRECT,1.0,0.0,8,0.015204365804
1344,410205,-3.24459,-2.13788,-0.054572,DSB+,3,1,1,DIRECT,1.0,0.0,3,0.665526364358
1345,410485,-3.12067,-2.5398,-0.266598,DSB,2,0,0,DIRECT,1.0,0.0,3,0.292751596771
1346,410525,3.47506,-0.264344,1.33839,DSB,2,0,0,DIRECT,1.0,0.0,14,0.827947412608
1347,410534,-2.08583,2.73619,0.335786,DSB,2,0,0,DIRECT,1.0,0.0,28,0.616696493031
1348,410554,-0.957515,1.02961,-4.30939,DSB+,3,1,1,DIRECT,1.0,0.0,22,0.770790507622
1349,410609,0.64438,-2.64438,0.974058,DSB,2,0,0,DIRECT,1.0,0.0,2,0.89954964576
1350,410609,1.187508,-0.740717,2.681621,DSB+,3,0,0,DIRECT,1.0,0.0,7,0.601999670683
1351,410768,3.67847,1.89412,-1.61415,DSB,2,0,0,DIRECT,1.0,0.0,35,0.547837781436
1352,410831,-3.47026,-0.433208,-1.25476,DSB+,3,1,1,DIRECT,1.0,0.0,12,0.486006640713
1353,410967,1.577299,2.899631,1.049206,DSB,2,0,0,DIRECT,1.0,0.0,39,0.606730111583
1354,411635,1.61779,0.393363,-1.74654,DSB,2,0,0,DIRECT,1.0,0.0,23,0.344712695407
1355,411702,-2.06505,-1.56111,-3.39034,DSB,2,0,0,DIRECT,1.0,0.0,8,0.896864548401
1356,411717,4.08358,-1.30684,-1.26298,DSB,2,2,1,DIRECT,1.0,0.0,10,0.898623869432
1357,411795,0.747514,-0.967485,2.57637,DSB,2,0,0,DIRECT,1.0,0.0,7,0.426010875646
1358,411795,2.201953,-0.608207,1.653806,DSB+,4,1,1,DIRECT,1.0,0.0,14,0.334816863074
1359,412054,3.84566,1.54884,-0.527178,DSB+,4,0,0,DIRECT,1.0,0.0,36,0.154955609144
1360,412464,0.34802,2.27266,1.91414,DSB,2,0,0,DIRECT,1.0,0.0,29,0.367178334717
1361,413479,1.249572,3.718907,1.563082,DSB+,3,0,0,DIRECT,1.0,0.0,45,0.627482234863
1362,413569,3.25347,-0.443444,-2.35165,DSB+,4,0,0,MIXED,1.0,0.0,18,0.655906056371
1363,413698,2.06758,-1.52905,0.186308,DSB,2,1,1,DIRECT,1.0,0.0,10,0.139774264779
1364,414615,3.569,-2.23879,1.31792,DSB,2,0,0,DIRECT,1.0,0.0,6,0.776516603101
1365,414650,2.33132,1.95297,3.1329,DSB,2,2,1,DIRECT,1.0,0.0,29,0.398342519317
1366,414942,0.296666,1.439274,-1.115364,DSB+,3,1,1,DIRECT,1.0,0.0,27,0.777461830725
1367,415142,-2.62982,-2.49332,0.658058,DSB+,3,0,0,DIRECT,1.0,0.0,3,0.265708531293
1368,415215,2.5317,-3.07023,2.14222,DSB+,3,1,1,DIRECT,1.0,0.0,2,0.636124821614
1369,415338,-3.03137,2.98231,0.0687903,DSB,2,0,0,DIRECT,1.0,0.0,31,0.614325305027
1370,415593,-0.294118,-0.853127,1.384325,DSB+,3,0,0,DIRECT,1.0,0.0,11,0.843324475998
1371,416173,-1.46764,-3.13403,2.57683,DSB,2,0,0,DIRECT,1.0,0.0,2,0.035436490797
1372,416372,-0.255103,4.06333,-2.212,DSB,2,0,0,DIRECT,1.0,0.0,46,0.779840475622
1373,416476,2.09283,3.01888,-1.02688,DSB,2,0,0,DIRECT,1.0,0.0,44,0.243231054798
1374,416551,-3.63841,1.5818,0.373948,DSB,2,1,1,DIRECT,1.0,0.0,20,0.793054649242
1375,418052,0.0989598,-2.32494,0.407795,DSB+,3,0,0,DIRECT,1.0,0.0,4,0.496856901075
1376,419223,-3.41878,-2.02096,0.146397,DSB,2,0,0,DIRECT,1.0,0.0,3,0.673931317674
1377,419460,-2.29325,-2.85653,1.7102,DSB+,3,0,0,DIRECT,1.0,0.0,1,0.608762811324
1378,419950,3.60652,0.999586,-2.40614,DSB,2,0,0,DIRECT,1.0,0.0,32,0.958933517517
1379,420326,-2.01782,-2.24502,0.31505,DSB+,3,0,0,DIRECT,1.0,0.0,2,0.887172288777
1380,420367,-0.755787,1.45161,3.473606,DSB,2,0,0,DIRECT,1.0,0.0,25,0.260591727744
1381,420787,-1.74958,1.06427,3.15123,DSB+,3,0,0,DIRECT,1.0,0.0,17,0.271821584103
1382,421376,2.88808,0.236151,3.0839,DSB,2,0,0,DIRECT,1.0,0.0,14,0.680106475959
1383,421376,1.95522,0.254268,-1.154891,DSB,2,2,1,DIRECT,1.0,0.0,21,0.283287539071
1384,421822,1.02345,-2.88679,3.04341,DSB,2,0,0,DIRECT,1.0,0.0,2,0.218322990137
1385,422299,0.570024,4.0744,-0.734209,DSB+,3,0,0,DIRECT,1.0,0.0,46,0.652785062689
1386,423063,0.67643,0.922642,1.55496,DSB,2,0,0,DIRECT,1.0,0.0,25,0.655081668167
1387,423071,-1.5778,-0.73285,-2.95051,DSB,2,0,0,DIRECT,1.0,0.0,15,0.141414474037
1388,423075,-1.3045,-2.65966,-2.15615,DSB+,3,0,0,DIRECT,1.0,0.0,3,0.926917366828
1389,423643,0.417458,4.2649,0.58611,DSB,2,1,1,DIRECT,1.0,0.0,46,0.501903308293
1390,423876,0.00342359,2.55558,1.68267,DSB+,4,2,1,DIRECT,1.0,0.0,29,0.726238305649
1391,423987,-1.51709,-1.99499,3.10116,DSB,2,1,1,DIRECT,1.0,0.0,2,0.771150147613
1392,424590,-0.271709,0.267645,0.130051,DSB,2,0,0,DIRECT,1.0,0.0,16,0.68044821
1393,424948,2.03414,1.46368,-1.29308,DSB,2,1,1,DIRECT,1.0,0.0,30,0.388084006453
1394,424989,2.52323,3.45531,0.00110649,DSB,2,0,0,DIRECT,1.0,0.0,46,0.241969991139
1395,425107,-1.28999,3.30031,-2.8305,DSB,2,0,0,DIRECT,1.0,0.0,43,0.663355678905
1396,425987,2.226346,2.8154,-0.374402,DSB,2,0,0,DIRECT,1.0,0.0,41,0.694474680085
1397,426257,-1.85233,-0.794772,-2.98035,DSB,2,0,0,DIRECT,1.0,0.0,15,0.138631782821
1398,426437,-0.560138,-0.763303,-1.467033,DSB,2,1,1,DIRECT,1.0,0.0,16,0.229253005658
1399,426606,-1.18158,1.80351,3.5575,DSB,2,0,0,DIRECT,1.0,0.0,25,0.375492717843
1400,427240,2.63741,-0.28716,-2.07752,DSB,2,0,0,DIRECT,1.0,0.0,18,0.581239862575
1401,427374,2.52824,-0.645387,0.410579,DSB,2,0,0,DIRECT,1.0,0.0,14,0.353091138842
1402,427623,-0.345037,2.6763,-0.693788,DSB,2,0,0,DIRECT,1.0,0.0,34,0.935087472466
1403,428062,0.709089,-3.27692,-2.65168,DSB,2,1,1,DIRECT,1.0,0.0,5,0.599693967169
1404,428062,2.507159,0.497812,1.153719,DSB,2,0,0,DIRECT,1.0,0.0,23,0.108779705557
1405,428173,-1.4099,2.38521,-1.54957,DSB,2,0,0,DIRECT,1.0,0.0,28,0.856567840936
1406,428327,-0.436508,2.92858,2.8444,DSB+,4,0,0,DIRECT,1.0,0.0,31,0.246972354779
1407,428327,-0.436966,2.925948,2.846926,DSB,2,0,0,DIRECT,1.0,0.0,31,0.246972211574
1408,428851,2.51444,-0.355477,1.5524,DSB,2,0,0,DIRECT,1.0,0.0,14,0.424287634657
1409,429968,-2.95426,0.861952,-0.816675,DSB,2,0,0,DIRECT,1.0,0.0,19,0.629849641187
1410,429970,3.18445,-1.21309,-0.0202107,DSB+,3,3,1,DIRECT,1.0,0.0,10,0.574659623728
1411,430053,3.04045,-0.150037,-0.919295,DSB+,4,1,1,DIRECT,1.0,0.0,21,0.29076785787
1412,430310,1.79067,0.342031,0.0125829,DSB,2,0,0,DIRECT,1.0,0.0,21,0.411380383409
1413,430356,-0.0939816,3.71461,1.63953,DSB,2,0,0,DIRECT,1.0,0.0,43,0.170183340663
1414,430441,0.139915,-3.12822,3.2211,DSB+,3,1,1,DIRECT,1.0,0.0,2,0.122967393815
1415,430444,-0.611994,-3.19703,1.48786,DSB,2,0,0,DIRECT,1.0,0.0,1,0.670589222033
1416,430501,2.11185,-0.833715,1.71152,DSB,2,0,0,DIRECT,1.0,0.0,14,0.076451812843
1417,430614,2.653446,0.58708,3.554972,DSB,2,1,1,DIRECT,1.0,0.0,24,0.078571665048
1418,430971,-0.653939,1.76736,3.61966,DSB,2,0,0,DIRECT,1.0,0.0,25,0.396250070721
1419,431424,-2.151481,0.034804,-3.834893,DSB,2,0,0,DIRECT,1.0,0.0,19,0.286753021928
1420,431559,1.76917,-0.837958,-0.283016,DSB,2,0,0,DIRECT,1.0,0.0,10,0.593297172443
1421,431585,0.25757,0.943468,2.48459,DSB,2,0,0,DIRECT,1.0,0.0,25,0.07729983284
1422,431802,3.71634,-1.74941,-0.618149,DSB,2,0,0,DIRECT,1.0,0.0,9,0.480122178175
1423,431964,-0.300591,1.46839,-1.46875,DSB,2,1,1,DIRECT,1.0,0.0,27,0.878669397911
1424,432334,-2.47808,-2.81015,1.67509,DSB+,4,0,0,DIRECT,1.0,0.0,1,0.60593424575
1425,432580,-1.82639,0.537721,-0.608575,DSB,2,2,1,DIRECT,1.0,0.0,16,0.729788036839
1426,432954,2.93723,-1.58473,-0.489904,DSB+,3,1,1,DIRECT,1.0,0.0,10,0.462608477263
1427,433174,3.11891,-0.297811,0.658828,DSB+,3,0,0,DIRECT,1.0,0.0,14,0.883803744231
1428,433744,-3.05121,-0.388921,0.414014,DSB,2,0,0,DIRECT,1.0,0.0,11,0.800905382147
1429,433935,-3.0281,-2.6485,0.74236,DSB+,3,0,0,DIRECT,1.0,0.0,3,0.210659006194
1430,433935,-2.898729,-2.406017,-2.460612,DSB,2,0,0,DIRECT,1.0,0.0,3,0.919294269354
1431,434194,-3.19989,-0.658202,2.95551,DSB+,3,1,1,DIRECT,1.0,0.0,4,0.852359248379
1432,434194,-3.202613,-0.664268,2.947555,DSB,2,0,0,DIRECT,1.0,0.0,4,0.852351410599
1433,434336,-1.033146,-2.964216,-1.667646,DSB,2,0,0,DIRECT,1.0,0.0,3,0.549277771733
1434,434434,3.23869,1.72389,2.81181,DSB,2,0,0,DIRECT,1.0,0.0,24,0.965404286734
1435,434462,-1.56889,1.08343,1.55184,DSB,2,0,0,DIRECT,1.0,0.0,20,0.436795057025
1436,434631,-2.457315,2.159065,-0.836853,DSB,2,1,1,DIRECT,1.0,0.0,27,0.600016455608
1437,435209,3.67699,0.658147,0.742377,DSB,2,0,0,DIRECT,1.0,0.0,21,0.498792760228
1438,435358,0.535227,-3.81898,-1.64942,DSB+,3,1,1,DIRECT,1.0,0.0,5,0.00367141377
1439,435792,1.02332,-3.64805,-0.0375421,DSB,2,0,0,DIRECT,1.0,0.0,5,0.079695912864
1440,435901,-0.266239,3.029334,-3.193035,DSB,2,2,1,DIRECT,1.0,0.0,43,0.873467208666
1441,436304,-2.816644,1.24327,0.617477,DSB,2,1,1,DIRECT,1.0,0.0,20,0.388119643472
1442,436314,-1.28873,-0.194681,-0.843035,DSB,2,0,0,DIRECT,1.0,0.0,16,0.421073973469
1443,436382,-2.99487,-1.41796,-2.77161,DSB,2,0,0,DIRECT,1.0,0.0,8,0.615487522257
1444,436420,-1.37806,0.824821,1.69966,DSB+,3,1,1,DIRECT,1.0,0.0,17,0.623021831558
1445,436420,-1.300291,0.719887,-2.952426,DSB,2,0,0,DIRECT,1.0,0.0,22,0.203096504095
1446,436890,2.03249,-3.16468,1.09163,DSB,2,0,0,DIRECT,1.0,0.0,2,0.531618933705
1447,437957,0.380582,0.527129,1.10393,DSB+,3,0,0,DIRECT,1.0,0.0,17,0.861142456807
1448,438008,-3.22642,-0.843459,-1.47678,DSB,2,0,0,DIRECT,1.0,0.0,11,0.577512399125
1449,438337,-0.539633,-4.25377,1.63084,DSB,2,1,1,DIRECT,1.0,0.0,1,0.066385501805
1450,438350,-2.78943,-1.59641,2.82282,DSB+,4,1,1,DIRECT,1.0,0.0,4,0.167958905048
1451,438350,-2.789291,-1.596187,2.822816,DSB+,4,0,0,DIRECT,1.0,0.0,4,0.167958909078
1452,438937,1.47453,-4.02769,-0.410448,DSB+,3,1,1,DIRECT,1.0,0.0,1,0.902306006727
1453,439653,-0.355379,3.53358,2.88015,DSB+,3,0,0,DIRECT,1.0,0.0,38,0.2786624938
1454,439874,3.15662,-1.84286,2.46855,DSB,2,0,0,DIRECT,1.0,0.0,6,0.687942258437
1455,440050,-2.40046,-3.3081,0.928068,DSB,2,0,0,DIRECT,1.0,0.0,1,0.507428538995
1456,440050,-2.396846,-3.423455,-1.810233,DSB,2,0,0,DIRECT,1.0,0.0,3,0.087724227001
1457,440296,-1.394963,-0.976347,2.160393,DSB,2,0,0,DIRECT,1.0,0.0,7,0.052984875959
1458,440740,0.922042,1.78401,2.35778,DSB+,3,0,0,DIRECT,1.0,0.0,29,0.194946179683
1459,440918,-1.46365,-4.22342,0.541499,DSB,2,0,0,DIRECT,1.0,0.0,1,0.032477846179
1460,441150,-0.268066,2.20738,-1.20322,DSB,2,1,1,DIRECT,1.0,0.0,31,0.96600764716
1461,441435,-0.328618,2.204545,2.021548,DSB+,3,0,0,DIRECT,1.0,0.0,30,0.092176776119
1462,441435,-1.546083,3.739746,1.779075,DSB,2,0,0,DIRECT,1.0,0.0,40,0.22729165488
1463,441802,-1.50032,-1.37692,-0.672971,DSB,2,0,0,DIRECT,1.0,0.0,11,0.508628543506
1464,441889,2.8546,-0.671064,-0.894478,DSB,2,0,0,DIRECT,1.0,0.0,21,0.026411727813
1465,442362,0.524649,-2.20116,3.81874,DSB+,3,0,0,DIRECT,1.0,0.0,2,0.789632506036
1466,442383,0.600136,-0.838314,4.26624,DSB,2,0,0,DIRECT,1.0,0.0,6,0.557017675929
1467,442533,-2.110055,-2.84404,-2.296213,DSB,2,0,0,DIRECT,1.0,0.0,3,0.531921348179
1468,442840,-1.94731,2.9112,-0.98141,DSB+,3,1,1,DIRECT,1.0,0.0,34,0.965142789789
1469,442974,-0.217735,1.006314,-0.865117,DSB,2,0,0,DIRECT,1.0,0.0,23,0.444310470456
1470,443085,2.14608,2.76836,2.56664,DSB,2,1,1,DIRECT,1.0,0.0,37,0.385918979653
1471,443206,-0.287919,-0.133832,2.38512,DSB,2,0,0,DIRECT,1.0,0.0,7,0.867185867797
1472,443572,-1.10165,-3.39659,-2.01717,DSB,2,0,0,DIRECT,1.0,0.0,3,0.424692799317
1473,443581,-3.440087,-2.012514,-1.125694,DSB,2,1,1,DIRECT,1.0,0.0,3,0.82266840347
1474,443759,1.80477,-3.70879,-2.14275,DSB,2,1,1,DIRECT,1.0,0.0,5,0.235571637354
1475,443868,1.68331,-0.544667,-2.56818,DSB,2,0,0,DIRECT,1.0,0.0,18,0.286990694632
1476,444432,3.41093,2.32639,-0.55868,DSB,2,0,0,DIRECT,1.0,0.0,36,0.825074457094
1477,444742,3.032036,-2.058783,-1.331632,DSB,2,0,0,DIRECT,1.0,0.0,9,0.36759308942
1478,445038,3.5718,0.132577,1.7271,DSB+,3,0,0,DIRECT,1.0,0.0,17,0.829139375476
1479,445067,3.72782,1.79482,-1.45059,DSB+,3,1,1,DIRECT,1.0,0.0,36,0.638602551122
1480,445067,3.716079,1.78656,-1.440679,DSB,2,0,0,DIRECT,1.0,0.0,36,0.638630208454
1481,446172,-1.53075,2.70567,3.3634,DSB,2,1,1,DIRECT,1.0,0.0,31,0.093711439235
1482,446364,1.25359,-0.736477,1.73141,DSB,2,0,0,DIRECT,1.0,0.0,14,0.069371417
1483,446569,-2.40367,1.4123,-0.51412,DSB+,3,0,0,DIRECT,1.0,0.0,26,0.175618010372
1484,446608,-0.0439015,2.14333,-0.106105,DSB,2,0,0,DIRECT,1.0,0.0,30,0.766026161058
1485,446608,-0.037967,2.138264,-0.097258,DSB,2,0,0,DIRECT,1.0,0.0,30,0.766040383259
1486,446665,0.355567,1.675439,-2.480392,DSB,2,1,1,DIRECT,1.0,0.0,33,0.56614243057
1487,447260,-2.21471,2.3863,-2.12715,DSB,2,0,0,DIRECT,1.0,0.0,33,0.322490065333
1488,447839,1.07229,0.188158,2.41634,DSB,2,1,1,DIRECT,1.0,0.0,14,0.531386772583
1489,447943,-0.704602,2.3943,-3.55887,DSB+,4,0,0,DIRECT,1.0,0.0,35,0.836623821633
1490,448018,-1.38202,3.02741,2.78106,DSB,2,0,0,DIRECT,1.0,0.0,31,0.233168063469
1491,448135,-1.32859,-0.0573746,3.85132,DSB,2,0,0,DIRECT,1.0,0.0,7,0.817977527688
1492,448160,-0.69442,-2.89156,-3.14119,DSB,2,2,1,DIRECT,1.0,0.0,3,0.992505337347
1493,448160,-0.698888,-2.878041,-3.145878,DSB,2,0,0,DIRECT,1.0,0.0,3,0.992506896844
1494,448562,2.39231,1.73382,2.3994,DSB,2,0,0,DIRECT,1.0,0.0,24,0.972736399256
1495,448776,1.10538,2.20478,-1.05719,DSB,2,0,0,DIRECT,1.0,0.0,34,0.696130020031
1496,448835,-0.347346,-0.0751022,2.71048,DSB,2,1,1,DIRECT,1.0,0.0,13,0.310093944307
1497,449629,-1.9303,4.09965,-0.356773,DSB,2,3,1,DIRECT,1.0,0.0,45,0.089130330813
1498,449899,2.11366,-2.04323,-3.35373,DSB,2,1,1,DIRECT,1.0,0.0,9,0.753218686875
1499,450001,1.53738,0.0426889,-4.04736,DSB+,4,1,1,DIRECT,1.0,0.0,18,0.863521268019
1500,450001,1.536766,0.043252,-4.046417,DSB+,3,0,0,DIRECT,1.0,0.0,18,0.863521281968
1501,450352,-2.64066,-1.6744,-0.641882,DSB,2,0,0,DIRECT,1.0,0.0,4,0.5431797612
1502,450454,-0.124378,1.74711,-3.21414,DSB+,3,1,1,DIRECT,1.0,0.0,32,0.904180733828
1503,450694,0.567249,1.04044,-3.27811,DSB,2,0,0,DIRECT,1.0,0.0,22,0.825965797638
1504,450760,-1.73926,-2.32431,-1.00062,DSB,2,0,0,DIRECT,1.0,0.0,3,0.839891907139
1505,450979,-2.77654,0.39788,-1.88026,DSB,2,3,1,DIRECT,1.0,0.0,19,0.222731934236
1506,451208,2.31774,-2.67383,2.01332,DSB,2,0,0,DIRECT,1.0,0.0,2,0.855335843388
1507,451418,1.1213,3.60257,0.62906,DSB+,4,1,1,DIRECT,1.0,0.0,45,0.26089872091
1508,451432,-1.504832,0.612632,-2.147587,DSB,2,0,0,DIRECT,1.0,0.0,19,0.852609596411
1509,452768,1.73271,-1.07961,1.45275,DSB,2,0,0,DIRECT,1.0,0.0,10,0.270128504168
1510,453158,2.03242,3.84099,-0.0435965,DSB,2,0,0,DIRECT,1.0,0.0,46,0.607083176912
1511,453318,3.74144,1.39437,0.192758,DSB+,3,1,1,DIRECT,1.0,0.0,30,0.680711168519
1512,454088,0.853306,-3.14068,1.83014,DSB+,3,1,1,DIRECT,1.0,0.0,2,0.320177626104
1513,454567,-1.19047,0.708516,4.05359,DSB,2,0,0,DIRECT,1.0,0.0,13,0.706326360909
1514,454624,-1.03096,0.466679,3.80408,DSB,2,0,0,DIRECT,1.0,0.0,13,0.687865402915
1515,454661,-2.12004,-2.7029,-1.42839,DSB,2,1,1,DIRECT,1.0,0.0,3,0.570193534738
1516,454798,2.48978,-0.208146,-3.88762,DSB,2,0,0,DIRECT,1.0,0.0,18,0.85405591172
1517,455264,0.0285096,1.83557,2.03671,DSB,2,1,1,DIRECT,1.0,0.0,29,0.21237976395
1518,455303,-1.06811,2.98538,-0.0117336,DSB,2,0,0,DIRECT,1.0,0.0,35,0.110827658878
1519,455408,0.622385,-1.59249,3.95873,DSB,2,1,1,DIRECT,1.0,0.0,6,0.13174751348
1520,456373,-1.334458,0.010866,-2.859103,DSB+,3,2,1,DIRECT,1.0,0.0,19,0.353707100771
1521,456420,1.44074,-2.2796,1.45432,DSB+,4,2,1,DIRECT,1.0,0.0,6,0.28406127322
1522,456469,0.44072,-4.04572,-2.21305,DSB,2,1,1,DIRECT,1.0,0.0,1,0.971502828854
1523,456812,-0.265131,-1.3002,2.99512,DSB,2,0,0,DIRECT,1.0,0.0,4,0.826921924427
1524,456861,0.184611,0.53178,1.90251,DSB+,3,0,0,DIRECT,1.0,0.0,17,0.607515734456
1525,457046,-0.045928,-3.00096,3.417283,DSB,2,1,1,DIRECT,1.0,0.0,2,0.127780346107
1526,457198,-1.985602,0.846101,-1.240514,DSB,2,2,1,DIRECT,1.0,0.0,20,0.976363034857
1527,457526,-0.664558,0.209011,-3.22256,DSB+,3,0,0,MIXED,1.0,0.0,18,0.616820014842
1528,457552,-1.88208,-0.846623,-3.80359,DSB,2,0,0,DIRECT,1.0,0.0,15,0.192976900369
1529,458040,1.37744,3.216,-2.4764,DSB,2,1,1,DIRECT,1.0,0.0,45,0.829880740386
1530,458110,2.93318,0.962335,-1.028,DSB,2,1,1,DIRECT,1.0,0.0,24,0.694110218904
1531,458133,-2.55456,-0.955702,-1.79866,DSB,2,1,1,DIRECT,1.0,0.0,11,0.569827608108
1532,459083,-1.53471,2.20716,-3.73649,DSB+,3,1,1,DIRECT,1.0,0.0,33,0.919573002652
1533,459103,2.15971,0.145199,3.74777,DSB+,4,0,0,DIRECT,1.0,0.0,14,0.593493247311
1534,459412,-3.51044,0.913355,-0.974188,DSB,2,1,1,DIRECT,1.0,0.0,19,0.623176813518
1535,459580,0.996146,0.846078,2.54964,DSB,2,0,0,DIRECT,1.0,0.0,25,0.060286760105
1536,460775,0.621747,2.43903,-0.289057,DSB,2,1,1,DIRECT,1.0,0.0,34,0.917716473461
1537,460969,0.30158,0.755869,0.236536,DSB+,3,3,1,DIRECT,1.0,0.0,23,0.160912312906
1538,461081,-1.25028,-1.12325,1.44163,DSB+,3,1,1,DIRECT,1.0,0.0,7,0.018139435109
1539,461346,2.38236,3.74486,-0.511506,DSB,2,0,0,DIRECT,1.0,0.0,46,0.678127761072
1540,461409,2.43856,-0.0252436,-2.52014,DSB,2,0,0,DIRECT,1.0,0.0,21,0.785342387413
1541,462618,-2.85893,0.148628,0.314409,DSB,2,1,1,DIRECT,1.0,0.0,12,0.897925054815
1542,462771,-0.453201,3.30575,-1.7343,DSB,2,0,0,DIRECT,1.0,0.0,44,0.16354082227
1543,463489,2.03664,1.56741,-0.226883,DSB,2,0,0,DIRECT,1.0,0.0,30,0.655773288368
1544,464365,0.526629,2.91697,0.951657,DSB,2,0,0,DIRECT,1.0,0.0,38,0.818084691122
1545,464751,2.20159,0.351818,-2.99545,DSB+,4,0,0,DIRECT,1.0,0.0,21,0.831776670392
1546,464968,-2.12621,-0.242046,3.51532,DSB,2,1,1,DIRECT,1.0,0.0,7,0.262355225761
1547,465036,2.24609,-0.0949605,-3.29131,DSB,2,2,1,DIRECT,1.0,0.0,18,0.934356958731
1548,465157,-2.42182,3.63674,-1.51239,DSB,2,0,0,DIRECT,1.0,0.0,41,0.556825049129
1549,465351,1.983679,2.313693,1.83043,DSB++,5,1,1,DIRECT,1.0,0.0,37,0.183774974436
1550,465584,1.71728,-2.52616,0.830432,DSB+,3,0,0,DIRECT,1.0,0.0,5,0.392399198785
1551,466144,1.52005,-3.68105,1.98835,DSB,2,0,0,DIRECT,1.0,0.0,1,0.681451943493
1552,466204,-0.350918,2.26,1.9059,DSB,2,1,1,DIRECT,1.0,0.0,30,0.115516275654
1553,466682,2.473451,-0.548292,-1.747449,DSB,2,0,0,DIRECT,1.0,0.0,18,0.378818548803
1554,466940,-1.20555,1.61763,-0.225902,DSB,2,0,0,DIRECT,1.0,0.0,26,0.897475573272
1555,467243,2.70972,0.944815,0.7106,DSB+,3,1,1,DIRECT,1.0,0.0,23,0.634172124109
1556,467496,-2.94768,-0.1476,-1.44421,DSB,2,2,1,DIRECT,1.0,0.0,12,0.748471480296
1557,467496,-2.950083,-0.149522,-1.447704,DSB,2,0,0,DIRECT,1.0,0.0,12,0.748471606176
1558,467635,1.49363,-2.30064,-0.116151,DSB,2,1,1,DIRECT,1.0,0.0,5,0.931155835958
1559,467869,2.19417,-0.509103,-2.38435,DSB+,3,0,0,DIRECT,1.0,0.0,18,0.282569605439
1560,468036,-1.586579,-1.396082,0.097752,DSB++,5,1,1,DIRECT,1.0,0.0,11,0.005717541414
1561,468488,0.60925,4.30516,-1.21648,DSB,2,1,1,DIRECT,1.0,0.0,46,0.922615767513
1562,468719,0.440705,-1.06476,3.44676,DSB,2,0,0,DIRECT,1.0,0.0,6,0.585919911861
1563,469271,0.902372,2.91582,1.76459,DSB,2,1,1,DIRECT,1.0,0.0,38,0.547616338164
1564,469271,0.903039,2.919286,1.763847,DSB,2,0,0,DIRECT,1.0,0.0,38,0.547616062627
1565,469540,2.07394,-3.74648,-1.35132,DSB,2,1,1,DIRECT,1.0,0.0,5,0.201174940036
1566,469658,0.594047,0.544287,0.85036,DSB+,3,0,0,DIRECT,1.0,0.0,17,0.797297907094
1567,469958,2.48614,2.85727,2.6785,DSB,2,0,0,DIRECT,1.0,0.0,37,0.395441472719
1568,470355,-0.7815,-0.0716978,2.45228,DSB+,3,0,0,DIRECT,1.0,0.0,7,0.86312707549
1569,470453,-0.753737,0.201856,4.21267,DSB,2,0,0,DIRECT,1.0,0.0,13,0.14902553478
1570,470465,-2.61666,2.53189,-2.86306,DSB,2,0,0,DIRECT,1.0,0.0,34,0.445591427623
1571,470757,-0.184863,2.34084,2.60847,DSB,2,0,0,DIRECT,1.0,0.0,29,0.434846692461
1572,471650,1.00471,-0.905891,1.59761,DSB,2,0,0,DIRECT,1.0,0.0,11,0.833444965509
1573,471873,1.09697,-2.61469,2.74,DSB,2,0,0,DIRECT,1.0,0.0,2,0.696951434837
1574,472166,0.792995,2.092026,-0.810081,DSB+,3,1,1,DIRECT,1.0,0.0,31,0.978603826003
1575,472513,-3.71143,-0.782822,-1.7474,DSB,2,0,0,DIRECT,1.0,0.0,12,0.135484195264
1576,472526,-3.33018,-1.71512,2.68509,DSB,2,0,0,DIRECT,1.0,0.0,4,0.039168820545
1577,473104,-2.02625,1.09957,2.00365,DSB+,4,0,0,DIRECT,1.0,0.0,20,0.249591052664
1578,473104,-2.136947,0.551624,1.880524,DSB,2,0,0,DIRECT,1.0,0.0,20,0.027753410968
1579,473361,2.57173,2.19092,1.95338,DSB+,3,1,1,DIRECT,1.0,0.0,37,0.170013654427
1580,473392,2.58961,1.49769,1.26314,DSB,2,0,0,DIRECT,1.0,0.0,24,0.892817946819
1581,473444,1.37736,-3.77809,-0.496772,DSB,2,0,0,DIRECT,1.0,0.0,5,0.047452830374
1582,473596,3.10169,0.856025,3.26676,DSB+,3,0,0,DIRECT,1.0,0.0,24,0.117237906057
1583,473905,-3.68002,-0.971789,0.669411,DSB,2,0,0,DIRECT,1.0,0.0,11,0.090890534095
1584,473969,-0.741829,2.1214,-2.50878,DSB,2,1,1,DIRECT,1.0,0.0,33,0.500668709728
1585,474303,-2.09422,-1.23841,-1.29886,DSB,2,0,0,DIRECT,1.0,0.0,8,0.745719486265
1586,475692,-2.3027,-2.63973,0.752865,DSB,2,0,0,DIRECT,1.0,0.0,3,0.206210918894
1587,475891,-0.307699,-0.894342,-1.91256,DSB,2,0,0,DIRECT,1.0,0.0,15,0.09118286159
1588,475909,-2.11958,-2.70894,-2.91339,DSB++,6,1,1,DIRECT,1.0,0.0,3,0.958442131393
1589,475933,-1.34976,-3.51118,-0.101265,DSB+,3,0,0,DIRECT,1.0,0.0,1,0.817904393268
1590,475933,-1.310979,-3.605239,-0.219128,DSB,2,1,1,DIRECT,1.0,0.0,1,0.8175992314
1591,475956,0.303311,-3.5735,0.920812,DSB,2,1,1,DIRECT,1.0,0.0,1,0.7524952536
1592,476139,2.30203,2.63966,2.96962,DSB,2,0,0,DIRECT,1.0,0.0,37,0.288919448067
1593,476184,0.548655,-2.87879,-0.189615,DSB+,4,0,0,DIRECT,1.0,0.0,5,0.362630138571
1594,476512,1.85165,0.200758,3.96363,DSB,2,1,1,DIRECT,1.0,0.0,14,0.614117140174
1595,476522,0.366047,1.6319,1.79173,DSB,2,0,0,DIRECT,1.0,0.0,29,0.244083262222
1596,476789,0.0554928,-2.12822,-0.50451,DSB,2,0,0,DIRECT,1.0,0.0,5,0.92024012425
1597,477039,-2.6711,1.15993,-3.40109,DSB,2,0,0,DIRECT,1.0,0.0,22,0.425007850653
1598,477271,-2.89454,1.72679,0.329388,DSB+,3,0,0,DIRECT,1.0,0.0,26,0.271647850499
1599,477787,-1.61151,3.05739,-2.30487,DSB,2,0,0,DIRECT,1.0,0.0,41,0.159848940014
1600,477821,-0.514893,3.48066,2.66323,DSB+,3,0,0,DIRECT,1.0,0.0,38,0.280060449923
1601,478158,-2.90298,-0.955749,1.49786,DSB,2,0,0,DIRECT,1.0,0.0,11,0.146729503394
1602,478253,-2.65635,-2.54393,-1.56602,DSB,2,1,1,DIRECT,1.0,0.0,3,0.573655089318
1603,478798,-4.29578,-0.778499,-1.21783,DSB,2,0,0,DIRECT,1.0,0.0,12,0.10866707978
1604,479128,-3.13285,3.00132,0.0077494,DSB,2,0,0,DIRECT,1.0,0.0,31,0.607894012699
1605,479388,0.563883,-0.121007,-2.627314,DSB,2,0,0,DIRECT,1.0,0.0,18,0.327273510318
1606,479515,0.724517,1.07846,0.505262,DSB,2,0,0,DIRECT,1.0,0.0,23,0.548365678932
1607,479832,-3.521892,-0.675738,1.535767,DSB,2,0,0,DIRECT,1.0,0.0,11,0.164644075885
1608,479875,3.17406,1.56568,0.824869,DSB+,3,0,0,DIRECT,1.0,0.0,30,0.811541121645
1609,480124,1.13451,-3.9071,-2.10229,DSB++,5,1,1,DIRECT,1.0,0.0,5,0.218396036663
1610,480153,-2.94058,1.68597,2.94201,DSB,2,1,1,DIRECT,1.0,0.0,20,0.59108934031
1611,480162,-0.714999,3.11274,-2.04178,DSB,2,0,0,DIRECT,1.0,0.0,41,0.138007827331
1612,480396,3.02848,1.23172,0.441096,DSB,2,1,1,DIRECT,1.0,0.0,24,0.81125882539
1613,480448,3.25707,-0.239242,-0.0849461,DSB+,3,0,0,DIRECT,1.0,0.0,21,0.119716226914
1614,480448,3.091631,-0.247853,-0.026972,DSB,2,0,0,DIRECT,1.0,0.0,21,0.121787846113
1615,480472,-0.456201,3.9434,-0.683563,DSB,2,0,0,DIRECT,1.0,0.0,46,0.270234802492
1616,480817,0.54375,0.208636,-3.360217,DSB,2,0,0,DIRECT,1.0,0.0,18,0.964762985808
1617,480895,-1.09148,1.7605,0.0608238,DSB,2,0,0,DIRECT,1.0,0.0,26,0.855883502636
1618,481306,-2.22593,-1.49439,-2.50402,DSB+,3,0,0,DIRECT,1.0,0.0,8,0.610385106685
1619,481312,1.82829,2.27434,-1.7269,DSB,2,1,1,DIRECT,1.0,0.0,35,0.365029641137
1620,482297,0.240311,-1.35112,4.19392,DSB+,3,0,0,DIRECT,1.0,0.0,6,0.544812389911
1621,482352,-2.37183,-0.828879,3.6531,DSB+,3,0,0,DIRECT,1.0,0.0,4,0.887468227775
1622,482753,-1.79056,3.60393,-0.520395,DSB,2,0,0,DIRECT,1.0,0.0,42,0.150675399398
1623,483172,2.21653,-2.87181,1.18431,DSB,2,0,0,DIRECT,1.0,0.0,2,0.918675291666
1624,483309,0.687809,-0.609048,-2.96833,DSB,2,0,0,DIRECT,1.0,0.0,15,0.82663723292
1625,483309,0.685219,-0.607814,-2.967961,DSB,2,0,0,DIRECT,1.0,0.0,15,0.826638056663
1626,483501,-1.619521,2.174246,0.887465,DSB,2,2,1,DIRECT,1.0,0.0,28,0.254114813546
1627,484291,3.81812,0.905357,-0.891133,DSB,2,0,0,DIRECT,1.0,0.0,24,0.685322391845
1628,484541,-1.0219,2.51043,0.78162,DSB,2,1,1,DIRECT,1.0,0.0,31,0.20224838839
1629,484699,-0.323407,-1.29832,-0.828875,DSB,2,0,0,DIRECT,1.0,0.0,11,0.59731124378
1630,484929,-3.10749,0.88438,-0.849314,DSB,2,0,0,DIRECT,1.0,0.0,19,0.629629529999
1631,485575,0.187468,1.87059,-3.78123,DSB,2,1,1,DIRECT,1.0,0.0,33,0.823213568522
1632,485611,1.54618,-2.72424,0.436812,DSB+,3,0,0,DIRECT,1.0,0.0,5,0.407948257255
1633,485987,-0.441975,-2.16992,-3.66776,DSB,2,0,0,DIRECT,1.0,0.0,8,0.454798047825
1634,486135,-2.9609,-0.869199,1.02976,DSB,2,1,1,DIRECT,1.0,0.0,11,0.130515413365
1635,486383,-1.86187,-0.445157,0.143786,DSB,2,0,0,DIRECT,1.0,0.0,12,0.397351479427
1636,486428,0.455702,3.71548,-1.17987,DSB+,3,1,1,DIRECT,1.0,0.0,46,0.177899126948
1637,486742,-3.46623,-0.416414,-2.35441,DSB+,3,0,0,DIRECT,1.0,0.0,12,0.678274032674
1638,487481,-2.78757,-1.02514,2.62856,DSB+,3,0,0,DIRECT,1.0,0.0,4,0.842995269124
1639,488655,3.812536,-0.899472,-2.296755,DSB,2,0,0,DIRECT,1.0,0.0,18,0.26163685071
1640,488669,1.78034,1.68371,2.72986,DSB+,3,0,0,DIRECT,1.0,0.0,24,0.4423262006
1641,488669,1.779309,1.685648,2.731104,DSB,2,1,1,DIRECT,1.0,0.0,24,0.442325335982
1642,488757,1.018432,-0.840378,-0.713333,DSB+,3,1,1,DIRECT,1.0,0.0,16,0.210625174125
1643,488757,1.017686,-0.840548,-0.713619,DSB+,3,0,0,DIRECT,1.0,0.0,16,0.210625194216
1644,488933,3.0704,2.94972,0.635857,DSB+,3,0,0,DIRECT,1.0,0.0,42,0.297946618935
1645,489616,-1.47956,-2.88809,-0.339639,DSB,2,0,0,DIRECT,1.0,0.0,2,0.493328021321
1646,489855,-0.994144,-0.052697,3.80478,DSB,2,2,1,DIRECT,1.0,0.0,7,0.815876643134
1647,490576,-1.81624,-0.207711,1.244043,DSB+,3,1,1,DIRECT,1.0,0.0,7,0.999030406604
1648,490621,2.70489,-1.70485,-0.443722,DSB,2,0,0,DIRECT,1.0,0.0,10,0.094898816553
1649,491351,2.76613,-1.92037,0.654319,DSB,2,0,0,DIRECT,1.0,0.0,6,0.964846785094
1650,492217,1.57647,-0.0541305,-0.66997,DSB,2,0,0,DIRECT,1.0,0.0,21,0.140579776893
1651,492274,-0.591675,-3.91756,1.1163,DSB,2,0,0,DIRECT,1.0,0.0,1,0.175149183303
1652,492528,2.00816,-3.11934,-1.2503,DSB,2,0,0,DIRECT,1.0,0.0,5,0.539817869224
1653,492707,-0.688969,-2.29743,0.0220839,DSB,2,0,0,DIRECT,1.0,0.0,3,0.798462831997
1654,492891,0.286448,0.756363,2.59781,DSB,2,0,0,DIRECT,1.0,0.0,17,0.552794637452
1655,493631,3.14263,-1.73858,1.30104,DSB,2,1,1,DIRECT,1.0,0.0,10,0.066151514562
1656,494387,2.54624,-0.931681,1.84198,DSB,2,0,0,DIRECT,1.0,0.0,14,0.079213367998
1657,494964,0.77041,2.14466,-0.0242309,DSB,2,0,0,DIRECT,1.0,0.0,31,0.847142405496
1658,495355,1.952082,1.307695,-1.370724,DSB,2,0,0,DIRECT,1.0,0.0,30,0.384334206148
1659,495586,0.873118,2.01721,0.596901,DSB+,3,0,0,DIRECT,1.0,0.0,30,0.871649931227
1660,495586,0.876022,2.021635,0.613278,DSB,2,0,0,DIRECT,1.0,0.0,30,0.871670738502
1661,496047,-2.81297,-1.92799,-2.84981,DSB++,5,0,0,DIRECT,1.0,0.0,8,0.314709444139
1662,496086,-1.68853,-4.14672,-0.1501,DSB,2,0,0,DIRECT,1.0,0.0,1,0.23540679811
1663,496217,0.595177,-3.74846,-0.910353,DSB,2,0,0,DIRECT,1.0,0.0,5,0.034114287283
1664,496587,-2.47709,-1.58484,-3.07878,DSB+,3,1,1,DIRECT,1.0,0.0,8,0.550784812755
1665,496798,0.0617582,3.81068,0.515783,DSB+,3,0,0,DIRECT,1.0,0.0,45,0.29076513047
1666,497405,0.243704,-0.506381,-2.550849,DSB,2,0,0,DIRECT,1.0,0.0,15,0.744590793901
1667,497424,0.644287,-3.0039,0.438388,DSB,2,0,0,DIRECT,1.0,0.0,2,0.511098127071
1668,497471,0.909652,1.94643,-1.53186,DSB,2,0,0,DIRECT,1.0,0.0,33,0.373922852603
1669,497698,1.48248,-2.17632,0.573407,DSB,2,2,1,DIRECT,1.0,0.0,5,0.97088064999
1670,498105,-0.731504,1.74193,-0.602852,DSB,2,0,0,DIRECT,1.0,0.0,27,0.622008283976
1671,499142,-0.899343,2.799639,-1.5579,DSB+,3,0,0,MIXED,1.0,0.0,37,0.716343323108
1672,499167,0.657716,-1.02981,-1.3508,DSB,2,0,0,DIRECT,1.0,0.0,15,0.076712635549
1673,499167,0.651075,-1.01401,-1.342083,DSB,2,0,0,DIRECT,1.0,0.0,15,0.076727215132
1674,499687,-1.00404,-3.64567,-0.748934,DSB,2,0,0,DIRECT,1.0,0.0,1,0.871024213759
1675,499800,-0.124746,1.43338,-0.436417,DSB,2,0,0,DIRECT,1.0,0.0,23,0.76773682787
1676,500233,0.886389,-3.02797,2.7031,DSB,2,0,0,DIRECT,1.0,0.0,2,0.2571384865
1677,500325,-0.919538,3.025574,-1.535041,DSB,2,0,0,DIRECT,1.0,0.0,37,0.719846448931
1678,500607,-0.710168,2.78979,0.704537,DSB+,3,1,1,DIRECT,1.0,0.0,31,0.654127880078
1679,501311,2.903002,-2.993846,-1.700409,DSB,2,0,0,DIRECT,1.0,0.0,5,0.735501273769
1680,502195,0.0847504,0.786557,0.981381,DSB,2,1,1,DIRECT,1.0,0.0,17,0.865764313752
1681,502220,-0.291692,2.46367,0.768344,DSB,2,2,1,DIRECT,1.0,0.0,30,0.912666000366
1682,502434,2.15201,-3.13276,-1.93375,DSB++,5,3,1,DIRECT,1.0,0.0,5,0.728036950562
1683,502894,-2.23585,-1.30209,1.27305,DSB+,3,0,0,DIRECT,1.0,0.0,4,0.713971159387
1684,503092,-2.53239,1.71059,1.96288,DSB,2,1,1,DIRECT,1.0,0.0,20,0.647729678095
1685,503455,-3.99039,1.26183,0.657396,DSB+,3,0,0,DIRECT,1.0,0.0,20,0.340104693642
1686,504341,0.859952,-0.631078,-4.23727,DSB,2,0,0,DIRECT,1.0,0.0,15,0.985499315557
1687,504394,3.71294,1.1776,-1.75765,DSB+,3,0,0,DIRECT,1.0,0.0,36,0.007147674955
1688,504490,1.57643,1.39511,-1.77476,DSB+,3,0,0,DIRECT,1.0,0.0,30,0.332334038599
1689,505111,0.569931,-0.722344,4.00929,DSB+,3,0,0,DIRECT,1.0,0.0,7,0.242254482343
1690,505205,-1.94199,-2.5518,-1.95269,DSB+,3,0,0,DIRECT,1.0,0.0,3,0.908217640445
1691,505217,-2.61839,-0.301821,-1.69205,DSB+,3,0,0,DIRECT,1.0,0.0,12,0.724914356207
1692,505265,-1.857556,1.508712,-2.741563,DSB+,3,0,0,DIRECT,1.0,0.0,27,0.969687831506
1693,505500,-0.57027,3.3951,-0.386084,DSB,2,3,1,DIRECT,1.0,0.0,42,0.070384523914
1694,505727,3.36963,-0.152496,0.467411,DSB+,3,0,0,DIRECT,1.0,0.0,21,0.049889632482
1695,505823,-1.73673,-1.91046,-1.18136,DSB,2,0,0,DIRECT,1.0,0.0,8,0.097446514097
1696,505829,-0.910497,-1.51429,-3.79778,DSB,2,0,0,DIRECT,1.0,0.0,15,0.00967208328
1697,505914,1.48542,-1.73919,-1.45011,DSB+,3,0,0,DIRECT,1.0,0.0,9,0.385965011311
1698,506085,-0.283485,1.68165,2.64747,DSB,2,1,1,DIRECT,1.0,0.0,25,0.950671115683
1699,506718,0.882151,3.32089,0.946333,DSB,2,0,0,DIRECT,1.0,0.0,42,0.726949990195
1700,506739,1.93964,-1.30714,0.585617,DSB,2,3,1,DIRECT,1.0,0.0,10,0.187565357781
1701,508141,-1.224025,-0.160966,-4.306923,DSB,2,0,0,DIRECT,1.0,0.0,19,0.255768642815
1702,508256,-3.70484,-0.65194,1.49145,DSB,2,1,1,DIRECT,1.0,0.0,11,0.16538654715
1703,509741,2.42732,-0.561502,0.5858,DSB,2,0,0,DIRECT,1.0,0.0,14,0.353726252334
1704,510412,3.78807,0.897458,-2.21823,DSB+,4,1,1,DIRECT,1.0,0.0,32,0.429187001811
1705,511018,0.952441,-3.26489,-2.89887,DSB,2,1,1,DIRECT,1.0,0.0,5,0.612294043037
1706,511316,-0.247857,0.00866208,1.97147,DSB,2,0,0,DIRECT,1.0,0.0,13,0.470880059285
1707,511965,-3.9687,0.949905,-1.09877,DSB+,3,0,0,DIRECT,1.0,0.0,19,0.620304918967
1708,512397,-2.14847,-2.51937,2.24231,DSB,2,0,0,DIRECT,1.0,0.0,2,0.235319523683
1709,512663,0.593079,1.31419,-0.234063,DSB,2,0,0,DIRECT,1.0,0.0,23,0.758547108405
1710,512990,1.835125,0.946509,2.805146,DSB,2,0,0,DIRECT,1.0,0.0,24,0.10437769639
1711,514072,0.689007,0.0065745,-2.90044,DSB,2,0,0,DIRECT,1.0,0.0,18,0.628450044497
1712,514630,2.43233,-2.50015,-0.186501,DSB,2,0,0,DIRECT,1.0,0.0,5,0.881253429471
1713,515297,1.76295,3.40704,0.41346,DSB,2,1,1,DIRECT,1.0,0.0,44,0.991086830772
1714,516420,0.0743559,3.56457,1.23791,DSB,2,1,1,DIRECT,1.0,0.0,42,0.897793472773
1715,516860,2.56298,-0.772776,3.50563,DSB,2,1,1,DIRECT,1.0,0.0,7,0.665461125753
1716,516865,2.65605,3.04605,-1.85473,DSB+,3,1,1,DIRECT,1.0,0.0,45,0.757120674041
1717,517236,-2.04825,2.08209,2.66522,DSB,2,0,0,DIRECT,1.0,0.0,26,0.495729321504
1718,518227,0.736142,-1.916186,-2.050079,DSB+,3,1,1,DIRECT,1.0,0.0,8,0.583242939881
1719,518577,-0.195552,3.08163,1.94621,DSB,2,1,1,DIRECT,1.0,0.0,38,0.506749863762
1720,519014,-2.76473,-2.26242,-2.09183,DSB+,3,0,0,DIRECT,1.0,0.0,3,0.913482887849
1721,519456,3.13696,0.348632,-0.296598,DSB,2,1,1,DIRECT,1.0,0.0,21,0.591622553128
1722,519654,-3.55214,-1.20788,0.689701,DSB+,3,0,0,DIRECT,1.0,0.0,4,0.695305145533
1723,519726,0.155595,2.75201,3.39646,DSB+,3,2,1,MIXED,1.0,0.0,29,0.562318053234
1724,520138,-2.27036,-3.78001,0.0180768,DSB,2,0,0,DIRECT,1.0,0.0,1,0.230893960681
1725,520482,-1.85166,2.19405,-2.81444,DSB+,3,0,0,DIRECT,1.0,0.0,33,0.485498018056
1726,520686,-3.43034,0.046729,3.05988,DSB,2,0,0,DIRECT,1.0,0.0,13,0.040822682044
1727,520869,1.16136,3.18722,-0.596347,DSB,2,1,1,DIRECT,1.0,0.0,44,0.682334676445
1728,520890,-2.53768,2.20567,2.96387,DSB+,3,0,0,DIRECT,1.0,0.0,26,0.574554018259
1729,521286,-0.961336,3.53983,-0.0331627,DSB,2,0,0,DIRECT,1.0,0.0,42,0.440795333642
1730,521467,-1.3403,-3.91163,-0.813149,DSB,2,1,1,DIRECT,1.0,0.0,1,0.360921857646
1731,521743,-2.92641,1.4441,-0.803438,DSB,2,0,0,DIRECT,1.0,0.0,26,0.158005546269
1732,521859,-2.1524,-0.558567,2.63602,DSB,2,4,1,DIRECT,1.0,0.0,7,0.330136180801
1733,522018,-1.257834,-1.253839,1.55308,DSB+,3,0,0,DIRECT,1.0,0.0,7,0.017529390528
1734,522807,-2.18394,0.819163,3.78997,DSB,2,0,0,DIRECT,1.0,0.0,13,0.716493211611
1735,523280,2.8618,-0.888343,-2.11546,DSB,2,0,0,DIRECT,1.0,0.0,18,0.052944142681
1736,523644,1.00548,3.79238,-1.65041,DSB+,3,2,1,DIRECT,1.0,0.0,46,0.758049436694
1737,523798,2.00272,-2.18159,-1.30354,DSB,2,1,1,DIRECT,1.0,0.0,9,0.18104231819
1738,523798,2.002567,-2.186817,-1.300783,DSB,2,0,0,DIRECT,1.0,0.0,9,0.181043107587
1739,524272,-1.79497,-1.27078,-1.08011,DSB,2,1,1,DIRECT,1.0,0.0,8,0.743015112791
1740,525239,-0.105595,-2.23125,0.935998,DSB,2,0,0,DIRECT,1.0,0.0,4,0.480750327414
1741,525753,3.81283,0.954664,-1.19554,DSB,2,1,1,DIRECT,1.0,0.0,30,0.297552057154
1742,526310,-2.76366,-1.87357,1.42215,DSB,2,0,0,DIRECT,1.0,0.0,3,0.729972110398
1743,526525,-2.88667,0.336568,2.44607,DSB,2,0,0,DIRECT,1.0,0.0,13,0.288302619706
1744,526781,-2.64933,-0.373284,3.56731,DSB,2,0,0,DIRECT,1.0,0.0,13,0.032287371221
1745,526813,-2.76369,-1.57911,1.70418,DSB,2,0,0,DIRECT,1.0,0.0,4,0.359727426589
1746,527032,2.0357,1.21502,-1.50405,DSB+,3,0,0,DIRECT,1.0,0.0,30,0.385072981324
1747,527137,4.29132,0.810038,1.08299,DSB,2,1,1,DIRECT,1.0,0.0,24,0.599824393769
1748,527147,2.28545,-2.58517,0.230426,DSB,2,1,1,DIRECT,1.0,0.0,5,0.950581610879
1749,527422,3.186576,-0.439024,-0.821802,DSB,2,0,0,DIRECT,1.0,0.0,21,0.185878931147
1750,527422,3.188374,-0.428591,-0.825698,DSB,2,0,0,DIRECT,1.0,0.0,21,0.185891918557
1751,527487,-0.255087,-3.52201,-1.93808,DSB+,3,0,0,DIRECT,1.0,0.0,3,0.419969297662
1752,527672,-1.56913,1.40154,-2.74404,DSB,2,1,1,DIRECT,1.0,0.0,22,0.955377391575
1753,528028,3.49726,-2.14412,-0.199813,DSB+,4,2,1,DIRECT,1.0,0.0,6,0.905772837902
1754,528378,-0.109891,-2.237851,-0.462176,DSB+,3,0,0,DIRECT,1.0,0.0,5,0.920043025835
1755,528544,-0.953299,1.71192,3.0285,DSB,2,0,0,DIRECT,1.0,0.0,25,0.460598568428
1756,528567,1.35864,1.53939,-2.83267,DSB,2,0,0,DIRECT,1.0,0.0,32,0.927562944212
1757,528830,-1.25681,3.24705,-0.054178,DSB,2,0,0,DIRECT,1.0,0.0,39,0.471411221122
1758,528985,1.10296,2.450444,-0.650499,DSB,2,0,0,DIRECT,1.0,0.0,34,0.874934654463
1759,529416,-4.21028,0.866553,0.0812145,DSB,2,2,1,DIRECT,1.0,0.0,13,0.869139562968
1760,529494,-3.51586,1.22159,2.77199,DSB+,3,2,1,DIRECT,1.0,0.0,20,0.106118894317
1761,529634,-0.0577101,-4.14259,-0.464007,DSB+,4,0,0,DIRECT,1.0,0.0,1,0.369580370789
1762,529783,3.63155,0.407939,-1.01917,DSB,2,1,1,DIRECT,1.0,0.0,21,0.955365866613
1763,530226,-1.11149,-2.28197,2.47358,DSB+,3,1,1,DIRECT,1.0,0.0,2,0.724533804651
1764,530502,-1.08741,3.02931,-2.57248,DSB+,3,0,0,DIRECT,1.0,0.0,40,0.358174383153
1765,531972,0.411221,-1.391314,-1.038145,DSB,2,0,0,DIRECT,1.0,0.0,11,0.545556535889
1766,532286,1.22172,1.23787,-2.40432,DSB,2,2,1,DIRECT,1.0,0.0,32,0.329642008927
1767,532483,3.07073,2.29053,-2.31266,DSB,2,0,0,DIRECT,1.0,0.0,40,0.717319581958
1768,532530,-1.73175,-2.67233,0.0957988,DSB+,4,0,0,DIRECT,1.0,0.0,2,0.5522074596
1769,532530,-1.815769,-2.866073,-0.086815,DSB,2,1,1,DIRECT,1.0,0.0,2,0.496722480374
1770,533330,1.41551,-3.73445,1.09823,DSB,2,0,0,DIRECT,1.0,0.0,1,0.746857317683
1771,533983,1.99739,3.763,-0.96346,DSB,2,1,1,DIRECT,1.0,0.0,46,0.736170308911
1772,534062,-0.77358,2.38331,1.37871,DSB+,3,1,1,DIRECT,1.0,0.0,30,0.127591655269
1773,534312,0.944548,4.41656,0.922169,DSB,2,0,0,DIRECT,1.0,0.0,46,0.49757987595
1774,534461,-1.66994,-0.762781,-1.18509,DSB,2,0,0,DIRECT,1.0,0.0,12,0.557046187455
1775,534503,3.31504,-0.644475,-0.351478,DSB+,3,0,0,DIRECT,1.0,0.0,14,0.964119645273
1776,534890,-1.35885,1.80743,-1.00205,DSB,2,0,0,DIRECT,1.0,0.0,27,0.674681910434
1777,534960,0.543305,-0.95572,4.0196,DSB,2,0,0,DIRECT,1.0,0.0,6,0.555678557461
1778,535004,-4.21235,-0.0621102,1.13519,DSB,2,0,0,DIRECT,1.0,0.0,12,0.2168169095
1779,535067,-3.00131,1.11319,-1.29505,DSB,2,0,0,DIRECT,1.0,0.0,20,0.987513204213
1780,535267,1.10688,1.22585,-1.21671,DSB+,3,1,1,DIRECT,1.0,0.0,27,0.89099046735
1781,535768,-1.34388,2.1861,-2.67869,DSB+,3,0,0,DIRECT,1.0,0.0,33,0.490048132931
1782,535928,1.26988,0.293606,2.01184,DSB,2,0,0,DIRECT,1.0,0.0,14,0.741561175513
1783,535964,2.73525,0.0526182,1.41531,DSB+,3,0,0,DIRECT,1.0,0.0,14,0.8064357482
1784,536002,2.53838,-0.521865,-3.41585,DSB,2,0,0,DIRECT,1.0,0.0,18,0.756846441195
1785,536237,-4.10034,0.658727,-1.72837,DSB,2,0,0,DIRECT,1.0,0.0,19,0.208308761639
1786,536264,-3.34234,0.5413,-2.67069,DSB,2,0,0,DIRECT,1.0,0.0,19,0.388950539883
1787,536436,-2.02959,-1.47871,-1.93567,DSB+,3,0,0,MIXED,1.0,0.0,8,0.67537023628
1788,536592,-2.9062,-1.26911,-1.35089,DSB,2,0,0,DIRECT,1.0,0.0,8,0.751497901882
1789,536779,-2.73263,-2.67351,-0.281123,DSB+,3,1,1,DIRECT,1.0,0.0,3,0.306736642529
1790,538419,-0.7964,-2.29649,-1.4773,DSB+,4,0,0,DIRECT,1.0,0.0,5,0.842502521562
1791,538652,3.65675,-0.360509,0.950065,DSB,2,0,0,DIRECT,1.0,0.0,14,0.864960484672
1792,538906,-2.464932,-1.895603,-1.10745,DSB,2,1,1,DIRECT,1.0,0.0,8,0.102973431678
1793,539273,1.16782,-1.9266,3.21358,DSB,2,0,0,DIRECT,1.0,0.0,6,0.174124829323
1794,539400,0.468474,4.16,-1.60787,DSB,2,0,0,DIRECT,1.0,0.0,46,0.893443011478
1795,539479,-2.40252,1.84446,-1.42748,DSB,2,0,0,DIRECT,1.0,0.0,27,0.724411272321
1796,539754,-0.80943,2.72927,-3.28916,DSB+,3,1,1,DIRECT,1.0,0.0,40,0.803029294358
1797,540732,1.61327,0.81101,-3.05094,DSB,2,0,0,DIRECT,1.0,0.0,22,0.814018304608
1798,540754,-0.914174,1.56331,1.16686,DSB,2,0,0,DIRECT,1.0,0.0,25,0.81022182504
1799,542052,-0.946565,3.81932,0.325998,DSB,2,1,1,DIRECT,1.0,0.0,42,0.53879742399
1800,542536,-0.0753778,-2.72558,0.156287,DSB+,3,0,0,DIRECT,1.0,0.0,2,0.954220024112
1801,542752,-4.29293,-1.38854,-0.521432,DSB,2,0,0,DIRECT,1.0,0.0,4,0.590024287044
1802,542820,1.498829,1.82883,-4.000725,DSB+,3,0,0,DIRECT,1.0,0.0,35,0.992588569161
1803,544502,-2.673728,3.634453,0.223696,DSB,2,0,0,DIRECT,1.0,0.0,39,0.785287333019
1804,545333,-2.214934,0.320265,-1.613892,DSB,2,1,1,DIRECT,1.0,0.0,16,0.828428807166
1805,546414,-1.02502,4.01781,-0.45912,DSB,2,0,0,DIRECT,1.0,0.0,46,0.286994607733
1806,546482,0.671157,-0.0366768,-2.76337,DSB,2,0,0,DIRECT,1.0,0.0,18,0.601040454849
1807,546662,0.763782,2.55684,1.52625,DSB,2,3,1,DIRECT,1.0,0.0,31,0.517254050505
1808,546671,-2.3401,-2.25316,-1.14957,DSB,2,1,1,DIRECT,1.0,0.0,3,0.836458411409
1809,547573,-3.21863,-2.86185,-0.665793,DSB,2,0,0,DIRECT,1.0,0.0,3,0.157987290304
1810,548709,-0.874678,-1.17742,-1.32535,DSB,2,0,0,DIRECT,1.0,0.0,11,0.556766174364
1811,548814,3.14211,-2.70063,1.64885,DSB,2,0,0,DIRECT,1.0,0.0,6,0.298305926969
1812,549201,-1.99973,-1.15933,-2.2627,DSB,2,1,1,DIRECT,1.0,0.0,8,0.774062913884
1813,549212,0.971784,1.400698,1.645331,DSB,2,2,1,DIRECT,1.0,0.0,25,0.831360344606
1814,549321,1.48893,-1.76007,-0.0116484,DSB+,3,0,0,DIRECT,1.0,0.0,6,0.93770347706
1815,549534,1.00779,0.488219,1.11793,DSB,2,0,0,DIRECT,1.0,0.0,17,0.856008818549
1816,549572,1.11348,4.30331,0.689609,DSB+,3,2,1,DIRECT,1.0,0.0,46,0.533430346099
1817,550259,2.41552,-2.08725,0.741281,DSB+,3,0,0,DIRECT,1.0,0.0,6,0.812824463022
1818,550563,-4.34569,0.676049,1.271199,DSB,2,0,0,DIRECT,1.0,0.0,13,0.518854732545
1819,550713,-1.49422,-1.03089,-0.453405,DSB,2,0,0,DIRECT,1.0,0.0,11,0.663680731977
1820,550754,2.18751,2.00463,1.08904,DSB,2,3,1,DIRECT,1.0,0.0,29,0.948852638511
1821,551563,1.19439,2.82745,-0.114996,DSB,2,0,0,DIRECT,1.0,0.0,39,0.115216658809
1822,551684,0.419116,2.24137,3.55329,DSB,2,0,0,DIRECT,1.0,0.0,29,0.069315025658
1823,551964,-2.059559,1.667544,-1.67192,DSB,2,0,0,DIRECT,1.0,0.0,27,0.808746371847
1824,551964,-2.032689,2.029567,-1.729579,DSB,2,0,0,DIRECT,1.0,0.0,34,0.028722961865
1825,552615,-2.2728,-3.95003,-0.27602,DSB,2,1,1,DIRECT,1.0,0.0,1,0.232923307671
1826,552768,0.153091,-1.52304,2.39348,DSB+,3,0,0,DIRECT,1.0,0.0,6,0.446953830667
1827,553792,-1.65473,-0.50162,3.00575,DSB,2,0,0,DIRECT,1.0,0.0,7,0.326586377727
1828,553992,2.55302,-2.30681,1.89633,DSB+,3,0,0,DIRECT,1.0,0.0,6,0.387313029491
1829,554186,-0.794839,1.34745,2.27266,DSB,2,1,1,DIRECT,1.0,0.0,25,0.549298907034
1830,554358,0.28893,2.336574,-0.003947,DSB,2,2,1,DIRECT,1.0,0.0,31,0.857051877751
1831,554367,0.253288,-2.55664,3.76866,DSB,2,0,0,DIRECT,1.0,0.0,2,0.171337444507
1832,555416,-2.25961,1.25669,-2.83115,DSB,2,0,0,DIRECT,1.0,0.0,22,0.412049165895
1833,555436,1.11231,-1.98608,-1.18127,DSB,2,0,0,DIRECT,1.0,0.0,9,0.131278110118
1834,556162,-0.272932,3.67577,-1.92951,DSB+,3,0,0,DIRECT,1.0,0.0,46,0.099526533465
1835,556263,-0.991904,-1.09171,-3.171279,DSB+,3,0,0,DIRECT,1.0,0.0,15,0.145306445823
1836,557480,-1.06865,2.00905,1.01744,DSB,2,0,0,DIRECT,1.0,0.0,26,0.675836380781
1837,557733,-1.26949,-2.98943,1.41138,DSB,2,1,1,DIRECT,1.0,0.0,1,0.667575297678
1838,558058,4.13595,-0.73191,1.40269,DSB+,4,1,1,DIRECT,1.0,0.0,14,0.360167841663
1839,558116,-2.36527,2.14821,-2.70809,DSB+,3,0,0,DIRECT,1.0,0.0,33,0.455982777416
1840,558171,-2.09639,2.94498,2.07822,DSB,2,0,0,DIRECT,1.0,0.0,28,0.44269871044
1841,559388,2.534502,-1.153874,1.699234,DSB++,5,0,0,DIRECT,1.0,0.0,10,0.265197992768
1842,559743,-0.905605,-3.25493,-1.20551,DSB,2,1,1,DIRECT,1.0,0.0,3,0.374904705489
1843,559829,2.50872,-0.63539,0.49,DSB,2,1,1,DIRECT,1.0,0.0,14,0.354304610245
1844,560288,-3.349111,-0.965321,-0.410633,DSB,2,1,1,DIRECT,1.0,0.0,11,0.384274900097
1845,560377,1.29821,3.729,-1.85731,DSB,2,0,0,DIRECT,1.0,0.0,46,0.791919133698
1846,560804,-0.492745,1.36783,0.453833,DSB+,3,1,1,DIRECT,1.0,0.0,23,0.581580714722
1847,560982,3.38224,1.4975,-2.55151,DSB,2,0,0,DIRECT,1.0,0.0,36,0.734158956879
1848,561223,-0.227435,0.527087,-4.05859,DSB+,3,3,1,DIRECT,1.0,0.0,22,0.612123656149
1849,561302,1.077151,2.964202,-0.837343,DSB,2,0,0,DIRECT,1.0,0.0,41,0.657250754153
1850,561519,3.03927,-0.892676,1.27582,DSB,2,0,0,DIRECT,1.0,0.0,10,0.704871111947
1851,561739,0.95643,-0.826331,3.76214,DSB,2,0,0,DIRECT,1.0,0.0,7,0.289079962691
1852,562227,-1.84959,-0.353379,-2.31809,DSB,2,0,0,DIRECT,1.0,0.0,15,0.512983148761
1853,562409,0.791477,1.74183,0.407724,DSB+,3,0,0,DIRECT,1.0,0.0,27,0.516052569543
1854,562953,4.03962,1.70758,-1.36816,DSB,2,0,0,DIRECT,1.0,0.0,36,0.631825821926
1855,563157,-0.464335,-0.509251,-1.402278,DSB,2,0,0,DIRECT,1.0,0.0,16,0.298446186136
1856,563534,1.06773,2.69494,1.9406,DSB,2,1,1,DIRECT,1.0,0.0,31,0.387090532151
1857,563577,0.063513,-1.65773,-2.21978,DSB,2,1,1,DIRECT,1.0,0.0,8,0.85576227192
1858,563845,2.80073,0.973533,0.865655,DSB+,3,0,0,DIRECT,1.0,0.0,23,0.633464866191
1859,564092,1.98397,0.476458,2.04398,DSB,2,0,0,DIRECT,1.0,0.0,17,0.945881241125
1860,564427,2.06735,-0.390395,-1.5123,DSB+,3,0,0,DIRECT,1.0,0.0,18,0.445062107859
1861,564682,3.57964,1.98925,0.268233,DSB,2,1,1,DIRECT,1.0,0.0,36,0.405587090325
1862,565381,-0.856474,-0.536633,1.71165,DSB++,5,0,0,DIRECT,1.0,0.0,7,0.559934934305
1863,565524,2.02337,-3.78328,0.242938,DSB,2,0,0,DIRECT,1.0,0.0,5,0.088808112323
1864,565626,2.7643,-1.42936,2.89703,DSB+,3,0,0,DIRECT,1.0,0.0,7,0.443741548465
1865,566458,2.3081,1.01362,-1.17838,DSB+,3,1,1,DIRECT,1.0,0.0,30,0.266158349601
1866,566484,-0.939319,-2.54604,-1.90238,DSB+,3,0,0,DIRECT,1.0,0.0,3,0.92929748103
1867,566696,2.65301,-3.39549,-1.27688,DSB,2,0,0,DIRECT,1.0,0.0,5,0.551066260472
1868,566858,-1.11919,-1.19304,-0.848864,DSB,2,0,0,DIRECT,1.0,0.0,11,0.629337782599
1869,567064,3.03243,2.51108,-1.38149,DSB+,3,0,0,DIRECT,1.0,0.0,40,0.45019468804
1870,567204,-1.75459,0.551847,0.0264919,DSB,2,1,1,DIRECT,1.0,0.0,16,0.640614626195
1871,567564,0.24411,-1.4858,-3.59945,DSB,2,0,0,DIRECT,1.0,0.0,9,0.821201419618
1872,567564,0.452745,-1.605967,-0.407807,DSB+,3,0,0,DIRECT,1.0,0.0,11,0.493584651634
1873,567660,-0.594797,-0.132481,4.37617,DSB,2,0,0,DIRECT,1.0,0.0,7,0.840477780812
1874,567709,0.355752,1.04012,-4.22876,DSB,2,0,0,DIRECT,1.0,0.0,32,0.637747667958
1875,568288,-2.68383,-2.9433,1.97965,DSB,2,1,1,DIRECT,1.0,0.0,4,0.00145771427
1876,568500,-4.07481,0.694216,-1.58601,DSB,2,0,0,DIRECT,1.0,0.0,19,0.203588870281
1877,568626,-3.82979,-1.15891,0.783228,DSB,2,0,0,DIRECT,1.0,0.0,4,0.697335517435
1878,568803,2.47572,-2.48732,0.733103,DSB+,3,1,1,DIRECT,1.0,0.0,5,0.975098064009
1879,569140,-0.572416,-0.75676,-3.03819,DSB+,3,0,0,DIRECT,1.0,0.0,15,0.38292390623
1880,569292,0.0682763,-1.89142,3.93693,DSB,2,1,1,DIRECT,1.0,0.0,6,0.111829512028
1881,569772,3.044241,-1.111894,-1.447543,DSB,2,0,0,DIRECT,1.0,0.0,10,0.906916397406
1882,569990,2.93733,1.43287,-2.20916,DSB,2,1,1,DIRECT,1.0,0.0,32,0.988867984596
1883,570224,-2.85515,2.74893,2.15015,DSB,2,0,0,DIRECT,1.0,0.0,28,0.392381725896
1884,570230,-3.05346,0.725834,-3.20707,DSB,2,0,0,DIRECT,1.0,0.0,19,0.922052929658
1885,571217,-2.90016,-0.693743,0.475636,DSB,2,0,0,DIRECT,1.0,0.0,11,0.316996293423
1886,571244,0.709297,0.898428,2.72394,DSB,2,0,0,DIRECT,1.0,0.0,25,0.073061343277
1887,571801,-2.31093,0.855241,-0.617601,DSB+,3,0,0,DIRECT,1.0,0.0,19,0.635355392901
1888,572125,-0.179293,-1.79915,2.70585,DSB+,3,1,1,DIRECT,1.0,0.0,4,0.328128894208
1889,572506,-0.835364,2.05211,4.02395,DSB,2,0,0,DIRECT,1.0,0.0,26,0.62927523038
1890,572636,-2.08462,2.21639,1.37707,DSB+,3,0,0,DIRECT,1.0,0.0,28,0.136047421986
1891,572727,2.642027,2.77746,0.773275,DSB,2,0,0,DIRECT,1.0,0.0,39,0.339434087694
1892,572979,-1.61449,0.971008,2.41781,DSB,2,1,1,DIRECT,1.0,0.0,17,0.519814506387
1893,573351,0.198829,0.510985,-2.14638,DSB,2,1,1,DIRECT,1.0,0.0,22,0.25758723756
1894,573354,-2.61053,1.31486,0.301945,DSB+,3,1,1,DIRECT,1.0,0.0,20,0.817317353777
1895,573643,-0.43929,3.868866,2.174551,DSB,2,1,1,DIRECT,1.0,0.0,43,0.32192011458
1896,573715,0.0764026,0.798694,-1.69441,DSB,2,0,0,DIRECT,1.0,0.0,23,0.366279531894
1897,573873,-0.304123,0.6701,0.841356,DSB,2,1,1,DIRECT,1.0,0.0,17,0.868919553409
1898,574339,3.08291,-1.5292,1.47377,DSB,2,0,0,DIRECT,1.0,0.0,10,0.246077132779
1899,574383,1.85954,-2.11739,-1.3689,DSB+,3,0,0,DIRECT,1.0,0.0,9,0.177965149726
1900,574620,-2.13609,1.79513,-1.93351,DSB,2,0,0,DIRECT,1.0,0.0,27,0.855346414943
1901,575188,0.290558,-3.25715,1.19883,DSB,2,1,1,DIRECT,1.0,0.0,2,0.376748652814
1902,575200,-0.996907,-4.01046,-1.25208,DSB,2,0,0,DIRECT,1.0,0.0,1,0.323192147714
1903,575326,-2.5725,-3.17973,1.66012,DSB,2,2,1,DIRECT,1.0,0.0,1,0.601226533008
1904,575564,2.15796,1.75374,1.57352,DSB+,3,1,1,DIRECT,1.0,0.0,24,0.90449555054
1905,575645,-2.40033,1.26449,-2.77011,DSB,2,0,0,DIRECT,1.0,0.0,22,0.331255558757
1906,575903,-2.8678,-0.26228,-3.33342,DSB,2,0,0,DIRECT,1.0,0.0,15,0.408642257083
1907,576200,-1.60022,2.53389,-1.45921,DSB,2,0,0,DIRECT,1.0,0.0,28,0.861870368119
1908,576359,3.203352,-2.501076,-1.81375,DSB,2,0,0,DIRECT,1.0,0.0,9,0.228579555039
1909,576445,1.76237,-2.74364,0.320383,DSB,2,0,0,DIRECT,1.0,0.0,5,0.430559585807
1910,576751,-4.42222,-0.32746,-0.102501,DSB,2,2,1,DIRECT,1.0,0.0,12,0.190984915066
1911,576925,2.47873,-1.00856,1.11804,DSB,2,0,0,DIRECT,1.0,0.0,10,0.341700080886
1912,577054,0.853153,-2.01849,-1.59455,DSB+,3,1,1,DIRECT,1.0,0.0,8,0.58773854268
1913,577103,0.975804,-1.22353,2.3742,DSB,2,0,0,DIRECT,1.0,0.0,7,0.455538591975
1914,577103,0.95345,-1.206542,2.38652,DSB,2,0,0,DIRECT,1.0,0.0,7,0.456463410518
1915,577262,-2.40563,0.638229,1.45904,DSB,2,2,1,DIRECT,1.0,0.0,13,0.76248129177
1916,577351,1.83428,3.9515,-0.253262,DSB,2,0,0,DIRECT,1.0,0.0,46,0.610351894056
1917,577831,1.609102,2.926273,-0.331003,DSB,2,0,0,DIRECT,1.0,0.0,41,0.81142431563
1918,577831,0.359542,3.654819,-2.592892,DSB,2,0,0,DIRECT,1.0,0.0,46,0.837932566332
1919,578225,1.46698,3.52559,-2.5148,DSB,2,0,0,DIRECT,1.0,0.0,46,0.844819701618
1920,578364,-1.32003,-1.19396,-3.86909,DSB+,3,0,0,DIRECT,1.0,0.0,15,0.18527014755
1921,579076,-0.0319919,-4.19135,1.30794,DSB,2,0,0,DIRECT,1.0,0.0,1,0.17125895883
1922,579504,1.3623,-4.26976,0.262009,DSB,2,0,0,DIRECT,1.0,0.0,1,0.382235435672
1923,579576,1.972208,-2.503271,-1.410492,DSB,2,1,1,DIRECT,1.0,0.0,9,0.081933136957
1924,579809,0.281327,-1.35529,3.4573,DSB,2,0,0,DIRECT,1.0,0.0,6,0.519196467167
1925,580118,2.5145,2.67853,-2.11713,DSB,2,1,1,DIRECT,1.0,0.0,43,0.556003153737
1926,580192,0.295092,1.758186,0.374752,DSB,2,1,1,DIRECT,1.0,0.0,27,0.514897177776
1927,580192,0.40209,2.011494,0.280927,DSB,2,0,0,DIRECT,1.0,0.0,30,0.878967487658
1928,580535,-3.15089,-1.3922,0.613212,DSB+,3,0,0,DIRECT,1.0,0.0,4,0.65391872484
1929,580567,-3.46812,2.52269,-0.879635,DSB+,3,0,0,DIRECT,1.0,0.0,28,0.732146411628
1930,580608,-2.68979,-1.03432,-1.84834,DSB,2,1,1,DIRECT,1.0,0.0,11,0.571951686327
1931,580975,3.29327,2.38716,-0.116144,DSB+,3,2,1,DIRECT,1.0,0.0,37,0.901001885903
1932,581462,3.57765,0.888482,-0.634957,DSB,2,0,0,DIRECT,1.0,0.0,24,0.714076299256
1933,581515,1.79588,2.57355,1.09144,DSB,2,1,1,DIRECT,1.0,0.0,37,0.536879825738
1934,581816,-1.13797,3.06878,-2.39045,DSB,2,0,0,DIRECT,1.0,0.0,40,0.359551893761
1935,582004,-0.245625,-3.86155,-1.04355,DSB+,4,0,0,DIRECT,1.0,0.0,1,0.915306455262
1936,582035,1.213638,2.619158,1.047564,DSB++,5,1,1,DIRECT,1.0,0.0,38,0.824681876351
1937,583209,2.80791,-1.72254,-2.86977,DSB,2,0,0,DIRECT,1.0,0.0,9,0.843893070172
1938,583579,1.81828,0.0449003,-1.56347,DSB,2,0,0,DIRECT,1.0,0.0,21,0.275433146489
1939,584169,1.64581,-0.14484,1.3207,DSB,2,1,1,DIRECT,1.0,0.0,14,0.432188816793
1940,584265,-1.02293,1.3329,0.00816244,DSB,2,1,1,DIRECT,1.0,0.0,23,0.565864611092
1941,584554,2.74876,0.495309,2.71786,DSB+,3,0,0,DIRECT,1.0,0.0,17,0.993965822195
1942,584962,-0.980152,2.31628,3.05062,DSB,2,2,1,DIRECT,1.0,0.0,31,0.037136027354
1943,584990,0.380736,-1.57527,-1.40128,DSB,2,0,0,DIRECT,1.0,0.0,9,0.429657969237
1944,585113,-0.340774,-2.34592,0.162573,DSB+,3,0,0,DIRECT,1.0,0.0,3,0.802566024734
1945,585577,-2.67086,0.154016,2.11373,DSB,2,0,0,DIRECT,1.0,0.0,12,0.239520708312
1946,585621,0.434909,-0.636458,-3.80887,DSB++,5,1,1,DIRECT,1.0,0.0,15,0.90869232459
1947,585646,-1.12214,-0.267558,1.3974,DSB,2,0,0,DIRECT,1.0,0.0,7,0.994755308193
1948,586326,-2.08847,2.18579,2.94682,DSB,2,0,0,DIRECT,1.0,0.0,26,0.572119231923
1949,586395,1.51692,0.328608,-0.234569,DSB,2,0,0,DIRECT,1.0,0.0,21,0.40432382524
1950,586485,-1.76897,1.28199,-2.3732,DSB+,3,1,1,DIRECT,1.0,0.0,22,0.342482465178
1951,587008,-1.05531,3.0316,-1.06903,DSB,2,0,0,DIRECT,1.0,0.0,37,0.804956082343
1952,587080,0.433417,-3.7022,0.21135,DSB,2,1,1,DIRECT,1.0,0.0,1,0.808292854453
1953,587106,4.13939,-0.62688,-1.09456,DSB,2,0,0,DIRECT,1.0,0.0,21,0.237035254451
1954,588438,-0.082437,0.779079,-1.5846,DSB,2,0,0,DIRECT,1.0,0.0,23,0.365230904864
1955,589189,1.16865,1.06942,-0.575558,DSB,2,0,0,DIRECT,1.0,0.0,23,0.801414264579
1956,589262,3.79649,0.819895,0.256801,DSB+,3,0,0,DIRECT,1.0,0.0,23,0.830474269102
1957,589262,3.839836,0.875032,-1.16095,DSB,2,1,1,DIRECT,1.0,0.0,24,0.6704458771
1958,589351,0.219529,-2.37628,1.90002,DSB+,3,0,0,DIRECT,1.0,0.0,6,0.017641817642
1959,590899,3.63527,-0.803516,1.18035,DSB+,3,0,0,DIRECT,1.0,0.0,10,0.671704806457
1960,591124,-1.74063,0.431954,-0.731302,DSB+,3,0,0,DIRECT,1.0,0.0,16,0.72829200554
1961,591199,-1.07068,0.54621,2.05685,DSB+,3,0,0,DIRECT,1.0,0.0,17,0.159047528379
1962,591291,-3.88396,-1.57518,1.4007,DSB,2,0,0,DIRECT,1.0,0.0,4,0.074166293919
1963,591376,1.77158,4.15571,-0.972142,DSB,2,0,0,DIRECT,1.0,0.0,46,0.91249495976
1964,591862,2.45827,-1.40998,0.72145,DSB+,3,0,0,DIRECT,1.0,0.0,10,0.18892827946
1965,591869,0.59816,1.55787,0.504847,DSB,2,0,0,DIRECT,1.0,0.0,26,0.879475058934
1966,591886,-1.93602,-0.634783,-3.461733,DSB,2,0,0,DIRECT,1.0,0.0,15,0.395748769073
1967,592170,-0.376536,-1.433976,-0.413343,DSB,2,0,0,DIRECT,1.0,0.0,11,0.498840318498
1968,593001,0.667369,-3.04297,2.47688,DSB+,3,0,0,DIRECT,1.0,0.0,2,0.268476729984
1969,593138,-1.48828,0.378188,0.440995,DSB+,3,0,0,DIRECT,1.0,0.0,13,0.931775210718
1970,593401,-1.51217,4.07301,0.561059,DSB,2,1,1,DIRECT,1.0,0.0,45,0.555079913438
1971,593417,0.730423,-3.98097,-0.5873,DSB+,3,0,0,DIRECT,1.0,0.0,1,0.897356350208
1972,593738,0.187563,2.63323,-0.0559916,DSB,2,0,0,DIRECT,1.0,0.0,38,0.951584158416
1973,593995,-1.06084,-0.774076,-4.35246,DSB,2,0,0,DIRECT,1.0,0.0,15,0.255342456121
1974,594493,-1.10516,1.84166,-0.512866,DSB,2,0,0,DIRECT,1.0,0.0,27,0.619042443865
1975,595309,-2.17365,-3.50137,-1.63375,DSB,2,0,0,DIRECT,1.0,0.0,1,0.927619814954
1976,596796,3.90266,-0.599175,-2.2227,DSB,2,0,0,DIRECT,1.0,0.0,18,0.660689505341
1977,596829,0.81058,0.864631,0.701128,DSB++,5,2,1,DIRECT,1.0,0.0,23,0.12751312077
1978,597176,1.915472,2.192006,-2.945756,DSB+,3,2,1,DIRECT,1.0,0.0,40,0.873639996857
1979,597343,-0.089505,-3.51757,2.49248,DSB,2,0,0,DIRECT,1.0,0.0,1,0.586478705277
1980,598034,-0.403474,0.773738,-0.977699,DSB,2,1,1,DIRECT,1.0,0.0,19,0.763572788041
1981,599074,-1.31509,-0.697259,4.06391,DSB,2,1,1,DIRECT,1.0,0.0,7,0.159297905155
1982,600173,2.60008,-0.0889241,2.64575,DSB,2,0,0,DIRECT,1.0,0.0,14,0.518876779882
1983,600641,1.51788,-1.9217,0.769856,DSB,2,1,1,DIRECT,1.0,0.0,6,0.791081977963
1984,600656,1.74198,2.18068,-3.68772,DSB,2,0,0,DIRECT,1.0,0.0,40,0.998807449316
1985,600690,1.01784,2.72862,2.09606,DSB,2,0,0,DIRECT,1.0,0.0,31,0.387407852935
1986,601020,-2.077949,-0.828303,-3.672373,DSB,2,0,0,DIRECT,1.0,0.0,15,0.172633680779
1987,601024,0.216666,1.14686,-4.10562,DSB,2,0,0,DIRECT,1.0,0.0,32,0.617363227978
1988,601729,-1.67642,-3.91626,1.27731,DSB,2,0,0,DIRECT,1.0,0.0,1,0.060210874635
1989,601962,0.725198,-0.213145,4.280126,DSB,2,0,0,DIRECT,1.0,0.0,7,0.803935247259
1990,602220,0.541205,-2.8964,-2.800766,DSB,2,0,0,DIRECT,1.0,0.0,5,0.661949860861
1991,602241,-1.55918,0.733518,-3.94625,DSB,2,0,0,DIRECT,1.0,0.0,22,0.592761843645
1992,602984,0.924084,3.36636,2.32153,DSB,2,0,0,DIRECT,1.0,0.0,40,0.171437812353
1993,603067,-1.17405,0.696566,2.88077,DSB,2,1,1,DIRECT,1.0,0.0,17,0.225635557639
1994,603071,-1.22312,2.82202,-0.932493,DSB,2,0,0,DIRECT,1.0,0.0,34,0.950988914084
1995,603323,2.92162,0.370153,-2.1434,DSB,2,0,0,DIRECT,1.0,0.0,21,0.881207749082
1996,603492,2.34457,-1.34588,0.865767,DSB,2,0,0,DIRECT,1.0,0.0,10,0.190168482281
1997,603776,-1.85757,-0.251555,-3.0942,DSB+,3,0,0,DIRECT,1.0,0.0,15,0.764422730219
1998,603883,0.657253,3.48944,2.24934,DSB+,3,0,0,DIRECT,1.0,0.0,40,0.17828459846
1999,604114,0.418948,3.44137,2.14349,DSB,2,0,0,DIRECT,1.0,0.0,40,0.18162245796
2000,604383,1.71054,0.325085,-4.26657,DSB,2,0,0,DIRECT,1.0,0.0,22,0.695085826043
2001,604722,-0.28835,-0.0912343,0.506925,DSB,2,0,0,DIRECT,1.0,0.0,13,0.990723665988
2002,605748,-2.01437,2.45965,-1.07943,DSB+,3,1,1,DIRECT,1.0,0.0,28,0.934393490688
2003,605851,3.07459,-0.265609,0.939665,DSB+,3,0,0,DIRECT,1.0,0.0,14,0.859095505224
2004,605851,3.409007,-0.066301,0.554232,DSB,2,2,1,DIRECT,1.0,0.0,21,0.04862870414
2005,606014,-0.74171,2.33738,-2.59456,DSB,2,0,0,DIRECT,1.0,0.0,34,0.417086666717
2006,606452,0.821974,4.161,-1.32234,DSB,2,1,1,DIRECT,1.0,0.0,46,0.896969517136
2007,606462,3.68694,-0.47637,2.12496,DSB+,3,0,0,DIRECT,1.0,0.0,14,0.458160025999
2008,606826,0.981819,1.73776,3.44302,DSB,2,0,0,DIRECT,1.0,0.0,26,0.531368728301
2009,606943,-0.583832,0.774029,-0.991772,DSB+,3,0,0,DIRECT,1.0,0.0,19,0.763758117047
2010,606974,1.96532,-2.5396,1.95882,DSB,2,0,0,DIRECT,1.0,0.0,6,0.264175358581
2011,607095,-2.38761,-2.32132,-0.739297,DSB+,3,0,0,DIRECT,1.0,0.0,3,0.632104901333
2012,607155,3.85384,0.0576386,1.44154,DSB+,4,0,0,DIRECT,1.0,0.0,24,0.006190941754
2013,607512,0.828367,3.1681,2.85368,DSB,2,1,1,DIRECT,1.0,0.0,38,0.373697012558
2014,607536,-2.95031,-0.59528,0.703675,DSB,2,1,1,DIRECT,1.0,0.0,11,0.304923259316
2015,608301,-0.853304,0.697571,-2.62774,DSB,2,0,0,DIRECT,1.0,0.0,22,0.244370187019
2016,608672,-0.828162,-1.42304,0.78195,DSB+,3,0,0,DIRECT,1.0,0.0,11,0.045110939839
2017,608878,0.200154,0.846158,3.319352,DSB,2,0,0,DIRECT,1.0,0.0,17,0.498250002092
2018,609313,-0.498319,-1.18696,1.99426,DSB,2,0,0,DIRECT,1.0,0.0,7,0.036515646142
2019,610290,0.809849,3.52855,-2.68834,DSB,2,0,0,DIRECT,1.0,0.0,46,0.840018328145
2020,610447,-3.95705,0.684999,1.68541,DSB,2,0,0,DIRECT,1.0,0.0,13,0.521279761135
2021,610923,1.1978,-0.243323,-3.0938,DSB,2,0,0,DIRECT,1.0,0.0,18,0.686393915173
2022,611048,-0.975649,0.762789,-2.42297,DSB+,3,0,0,DIRECT,1.0,0.0,22,0.245602033748
2023,612078,0.611057,0.0266356,3.27812,DSB,2,0,0,DIRECT,1.0,0.0,17,0.090055126392
2024,612571,-0.442019,-1.56236,1.85065,DSB,2,0,0,DIRECT,1.0,0.0,4,0.723808661452
2025,613367,-0.572015,1.87152,3.03372,DSB,2,0,0,DIRECT,1.0,0.0,26,0.51391306845
2026,613367,-0.394783,2.053748,-2.744983,DSB,2,0,0,DIRECT,1.0,0.0,34,0.307146299664
2027,614131,2.96571,0.191862,2.09191,DSB+,3,0,0,DIRECT,1.0,0.0,17,0.920307993606
2028,614172,-0.811729,-1.25306,1.39899,DSB,2,0,0,DIRECT,1.0,0.0,11,0.115356049995
2029,615612,-1.56154,-0.301239,-0.38558,DSB+,3,0,0,DIRECT,1.0,0.0,12,0.818182798689
2030,615663,-3.97623,0.957599,-1.97185,DSB,2,1,1,DIRECT,1.0,0.0,19,0.535606648965
2031,615671,4.028999,0.733143,-2.179311,DSB,2,0,0,DIRECT,1.0,0.0,32,0.433160385464
2032,615789,1.41433,0.109922,0.120209,DSB+,3,0,0,DIRECT,1.0,0.0,21,0.067907193497
2033,615973,-2.73993,2.23575,1.48413,DSB,2,1,1,DIRECT,1.0,0.0,28,0.106694964418
2034,616476,3.95427,0.903744,1.17043,DSB+,3,1,1,DIRECT,1.0,0.0,24,0.603179010019
2035,616629,0.0522324,-1.76205,-4.03946,DSB+,3,0,0,DIRECT,1.0,0.0,9,0.737006902361
2036,616886,1.728609,0.104199,1.244511,DSB,2,0,0,DIRECT,1.0,0.0,14,0.797632791813
2037,616929,0.974714,2.32169,0.536564,DSB,2,0,0,DIRECT,1.0,0.0,31,0.822221311584
2038,617434,1.17894,1.43214,3.6028,DSB+,3,4,1,DIRECT,1.0,0.0,25,0.434083914106
2039,618120,-0.192709,-2.318036,-3.020934,DSB,2,0,0,DIRECT,1.0,0.0,8,0.386111440087
2040,618314,-4.37596,0.00548512,1.1511,DSB,2,0,0,DIRECT,1.0,0.0,12,0.217970108211
2041,619130,-0.158017,-3.84258,2.1212,DSB,2,0,0,DIRECT,1.0,0.0,1,0.117678219404
2042,619185,1.6835,4.17866,0.592092,DSB+,3,0,0,DIRECT,1.0,0.0,46,0.534467877083
2043,619270,-2.42167,1.04679,3.49697,DSB,2,0,0,DIRECT,1.0,0.0,20,0.13902557105
2044,619342,-1.76122,-2.73683,1.00098,DSB,2,4,1,DIRECT,1.0,0.0,2,0.340459139035
2045,619525,-3.45641,-1.99612,0.789095,DSB++,5,0,0,DIRECT,1.0,0.0,3,0.699502947731
2046,619600,1.47932,-0.0420187,-2.08896,DSB+,3,0,0,DIRECT,1.0,0.0,18,0.535748697862
2047,620140,-0.547084,-1.56435,-0.317329,DSB+,4,0,0,DIRECT,1.0,0.0,11,0.478658571474
2048,620140,-0.560591,-1.540243,-0.33089,DSB+,3,0,0,DIRECT,1.0,0.0,11,0.47864058788
2049,620822,0.331168,-0.0319525,3.47253,DSB,2,0,0,DIRECT,1.0,0.0,17,0.015887936638
2050,620838,0.660957,2.79416,-1.87121,DSB,2,1,1,DIRECT,1.0,0.0,41,0.090796272421
2051,621642,-0.778508,3.61642,0.578566,DSB,2,0,0,DIRECT,1.0,0.0,42,0.776043546833
2052,621642,-0.913808,3.803307,1.114042,DSB+,3,0,0,DIRECT,1.0,0.0,43,0.077852824298
2053,622398,0.967438,-0.313231,1.36357,DSB,2,0,0,DIRECT,1.0,0.0,16,0.12143805452
2054,622458,-3.92928,-1.63726,1.59777,DSB,2,1,1,DIRECT,1.0,0.0,4,0.120217491346
2055,622671,0.551203,4.02482,-0.85543,DSB,2,0,0,DIRECT,1.0,0.0,46,0.65339882801
2056,623370,-0.548014,2.29811,-2.70978,DSB,2,1,1,DIRECT,1.0,0.0,34,0.312063354862
2057,624337,-0.941408,2.949344,3.029467,DSB,2,0,0,DIRECT,1.0,0.0,31,0.255696385059
2058,625435,3.71877,0.536266,2.03475,DSB,2,1,1,DIRECT,1.0,0.0,24,0.207261989746
2059,625484,1.744044,-0.076155,4.019483,DSB,2,0,0,DIRECT,1.0,0.0,14,0.167600268606
2060,625590,-1.960279,0.867357,-1.33423,DSB,2,0,0,DIRECT,1.0,0.0,27,0.007659077013
2061,626080,-2.20306,1.85849,2.89706,DSB,2,0,0,DIRECT,1.0,0.0,20,0.615244408095
2062,626232,0.011584,0.671217,-0.520724,DSB,2,2,1,DIRECT,1.0,0.0,23,0.263153115804
2063,627624,0.647983,-2.0959,-2.41607,DSB,2,0,0,DIRECT,1.0,0.0,8,0.526599253821
2064,630703,0.565002,-1.23557,0.649439,DSB+,3,3,1,DIRECT,1.0,0.0,11,0.752596091787
2065,631420,-0.645309,0.556425,-4.27924,DSB,2,1,1,DIRECT,1.0,0.0,22,0.662178683477
2066,631823,-2.6286,1.50188,1.91986,DSB,2,0,0,DIRECT,1.0,0.0,20,0.501830960046
2067,632603,-1.34891,1.027046,-1.809768,DSB,2,0,0,DIRECT,1.0,0.0,27,0.152781752785
2068,633136,-2.289495,-2.731385,0.673169,DSB,2,0,0,DIRECT,1.0,0.0,3,0.206270989736
2069,633157,-1.27857,-2.61159,2.20222,DSB+,4,1,1,DIRECT,1.0,0.0,2,0.243515780988
2070,633572,0.844816,2.73185,-2.08732,DSB,2,1,1,DIRECT,1.0,0.0,40,0.397666148043
2071,634062,0.486359,-2.51577,1.48824,DSB,2,0,0,DIRECT,1.0,0.0,2,0.842860228017
2072,634504,-1.73198,-1.37927,-3.33486,DSB+,3,2,1,DIRECT,1.0,0.0,8,0.899976375078
2073,634532,0.987186,1.85326,2.41905,DSB+,3,1,1,DIRECT,1.0,0.0,29,0.193160309537
2074,635161,3.87266,-1.08003,-0.726367,DSB,2,0,0,DIRECT,1.0,0.0,10,0.85579325249
2075,635878,0.875732,1.6233,1.69976,DSB+,3,0,0,DIRECT,1.0,0.0,26,0.650722086494
2076,636031,2.5585,-2.90195,-2.07917,DSB,2,0,0,DIRECT,1.0,0.0,9,0.029929808512
2077,636066,-3.64083,2.42642,-0.399695,DSB,2,0,0,DIRECT,1.0,0.0,27,0.450280933227
2078,637652,-1.78146,2.61171,3.26229,DSB,2,0,0,DIRECT,1.0,0.0,28,0.009219099923
2079,638600,-1.49934,-2.01771,-3.73641,DSB,2,1,1,DIRECT,1.0,0.0,8,0.448909853024
2080,638798,-1.472007,-2.192585,-1.897517,DSB,2,0,0,DIRECT,1.0,0.0,8,0.063188111653
2081,638811,1.20434,1.59219,0.25086,DSB,2,0,0,DIRECT,1.0,0.0,30,0.176567598318
2082,638928,2.98246,-1.11687,-1.53825,DSB+,3,0,0,DIRECT,1.0,0.0,10,0.907849589513
2083,639055,1.95414,-3.93884,-0.729544,DSB,2,0,0,DIRECT,1.0,0.0,5,0.023449780975
2084,639774,0.561942,-0.255746,2.89118,DSB,2,1,1,DIRECT,1.0,0.0,17,0.002167058633
2085,639925,-1.22494,3.77677,2.13813,DSB,2,0,0,DIRECT,1.0,0.0,40,0.25192997014
2086,640012,1.50042,-2.63818,-2.89639,DSB,2,0,0,DIRECT,1.0,0.0,9,0.004408589942
2087,640141,2.59905,-1.47557,-1.5871,DSB,2,0,0,DIRECT,1.0,0.0,10,0.489215522797
2088,640178,1.9302,2.22252,0.905527,DSB,2,0,0,DIRECT,1.0,0.0,37,0.056175137922
2089,640223,-3.37005,2.72362,-0.348325,DSB,2,1,1,DIRECT,1.0,0.0,28,0.659199863346
2090,640549,-1.201787,0.826443,-3.721452,DSB,2,0,0,DIRECT,1.0,0.0,22,0.525208613454
2091,640553,-1.99891,-1.93385,1.29686,DSB,2,0,0,DIRECT,1.0,0.0,3,0.708783749804
2092,640852,-1.59666,1.85256,-0.621648,DSB+,3,0,0,DIRECT,1.0,0.0,27,0.611173348362
2093,640947,2.83908,0.709527,-2.14075,DSB,2,2,1,DIRECT,1.0,0.0,32,0.165157173261
2094,641368,-3.6712,-0.200782,-1.66279,DSB,2,0,0,DIRECT,1.0,0.0,12,0.743414290978
2095,642283,-2.97302,0.624828,1.23062,DSB,2,0,0,DIRECT,1.0,0.0,13,0.768391529194
2096,642411,-2.39417,-1.92928,-2.83636,DSB,2,0,0,DIRECT,1.0,0.0,8,0.311769158943
2097,642525,-1.24014,0.440582,-3.80212,DSB+,4,0,0,DIRECT,1.0,0.0,22,0.068153015698
2098,642656,-3.33259,2.1973,1.47873,DSB,2,0,0,DIRECT,1.0,0.0,26,0.405041061249
2099,642758,0.0640567,-0.744769,1.45344,DSB,2,1,1,DIRECT,1.0,0.0,11,0.841278380092
2100,643286,0.468879,-1.75297,-2.23807,DSB,2,0,0,DIRECT,1.0,0.0,8,0.858613892068
2101,643409,0.054596,-3.509147,-0.863285,DSB,2,0,0,DIRECT,1.0,0.0,5,0.039039919584
2102,643438,-1.48505,-2.18865,0.306453,DSB+,3,0,0,DIRECT,1.0,0.0,3,0.74733502984
2103,643467,1.49587,-4.06063,-0.993746,DSB,2,0,0,DIRECT,1.0,0.0,5,0.014670653136
2104,643503,-1.23584,-2.4461,3.23805,DSB,2,0,0,DIRECT,1.0,0.0,2,0.185241947733
2105,644073,-1.059324,0.340735,-2.40043,DSB,2,0,0,DIRECT,1.0,0.0,19,0.895865418268
2106,644269,0.912577,1.35468,-3.83064,DSB+,4,0,0,DIRECT,1.0,0.0,32,0.750027891975
2107,644444,1.37176,-3.93141,0.357567,DSB++,5,0,0,DIRECT,1.0,0.0,1,0.848909403884
2108,644727,0.228649,-2.32694,-1.74561,DSB,2,0,0,DIRECT,1.0,0.0,8,0.279827267047
2109,644761,-2.70084,0.754859,-2.19227,DSB,2,0,0,DIRECT,1.0,0.0,19,0.811177076735
2110,645054,1.8935,-3.61717,0.968706,DSB,2,0,0,DIRECT,1.0,0.0,2,0.421933394562
2111,645520,2.829036,0.418323,2.182906,DSB,2,1,1,DIRECT,1.0,0.0,17,0.935744778197
2112,645621,1.4814,-2.58221,2.12938,DSB,2,1,1,DIRECT,1.0,0.0,6,0.010021255615
2113,646101,-1.00332,0.811045,4.44168,DSB,2,0,0,DIRECT,1.0,0.0,13,0.733657340557
2114,646345,3.68068,-0.76651,0.928409,DSB,2,1,1,DIRECT,1.0,0.0,10,0.746702935693
2115,646715,-1.88833,0.539918,3.14946,DSB,2,2,1,DIRECT,1.0,0.0,13,0.651932674991
2116,646783,-0.635991,-1.06484,-2.45465,DSB,2,0,0,DIRECT,1.0,0.0,12,0.607245363059
2117,647083,-1.49363,-0.0445486,4.12612,DSB+,4,0,0,DIRECT,1.0,0.0,7,0.833082090979
2118,647141,-0.978314,-3.62347,-0.609279,DSB,2,0,0,DIRECT,1.0,0.0,1,0.870003468827
2119,647189,-2.82001,-0.14765,-2.8566,DSB,2,0,0,DIRECT,1.0,0.0,15,0.488606293665
2120,648249,2.49858,2.36254,1.2224,DSB+,3,0,0,DIRECT,1.0,0.0,37,0.546710370017
2121,648693,0.560867,-0.894715,-1.997999,DSB,2,0,0,DIRECT,1.0,0.0,15,0.116147835766
2122,648881,-0.985882,-3.63929,-1.46529,DSB,2,0,0,DIRECT,1.0,0.0,3,0.096226618633
2123,648982,-2.03265,2.47032,1.71073,DSB,2,2,1,DIRECT,1.0,0.0,28,0.332326594546
2124,649679,-1.72373,0.266155,-3.91303,DSB,2,0,0,DIRECT,1.0,0.0,19,0.9687623907
2125,649778,-2.94416,0.752986,1.80949,DSB,2,0,0,DIRECT,1.0,0.0,20,0.046474185981
2126,650184,-0.192093,2.838509,0.316047,DSB,2,0,0,DIRECT,1.0,0.0,38,0.868877964327
2127,650812,-0.236322,2.72038,0.669537,DSB,2,0,0,DIRECT,1.0,0.0,31,0.658182813608
2128,651142,1.73872,-2.06899,-3.57165,DSB,2,0,0,DIRECT,1.0,0.0,9,0.750683715488
2129,651157,0.28471,2.42417,1.67731,DSB,2,1,1,DIRECT,1.0,0.0,29,0.813913277691
2130,651249,-0.828391,1.04085,0.17223,DSB+,3,1,1,DIRECT,1.0,0.0,23,0.153514090325
2131,651253,0.899991,0.475753,-1.29452,DSB,2,0,0,DIRECT,1.0,0.0,23,0.322544579581
2132,651953,-0.604707,-1.93664,-1.25883,DSB,2,1,1,DIRECT,1.0,0.0,8,0.212505054813
2133,652227,3.41989,-0.232628,-0.183877,DSB,2,0,0,DIRECT,1.0,0.0,21,0.16018772446
2134,652459,-2.82133,-2.32255,0.320592,DSB+,3,0,0,DIRECT,1.0,0.0,3,0.283629891561
2135,652504,-0.284834,1.84517,-2.29997,DSB,2,1,1,DIRECT,1.0,0.0,33,0.510238506844
2136,652570,2.18354,2.30509,1.50971,DSB,2,0,0,DIRECT,1.0,0.0,37,0.118030624491
2137,653386,1.74297,0.44445,1.52713,DSB+,3,0,0,DIRECT,1.0,0.0,17,0.848981598498
2138,653386,1.742553,0.444764,1.526165,DSB+,3,0,0,DIRECT,1.0,0.0,17,0.848981619421
2139,653601,-1.026496,0.739231,-3.822555,DSB,2,0,0,DIRECT,1.0,0.0,22,0.586467853796
2140,653793,2.4718,3.74337,-0.364142,DSB+,3,1,1,DIRECT,1.0,0.0,46,0.669294834118
2141,653818,1.01973,-0.901666,-3.69667,DSB,2,0,0,DIRECT,1.0,0.0,15,0.902409053405
2142,653938,-2.08838,2.18961,1.76333,DSB,2,0,0,DIRECT,1.0,0.0,28,0.113596125796
2143,654297,3.67247,-1.6158,1.3082,DSB,2,1,1,DIRECT,1.0,0.0,10,0.208063856844
2144,654653,2.23857,-2.78002,-2.58305,DSB,2,0,0,DIRECT,1.0,0.0,9,0.013163385801
2145,655037,1.873817,0.581209,-2.275269,DSB,2,0,0,DIRECT,1.0,0.0,23,0.980132759581
2146,655427,0.240519,1.17959,-3.63924,DSB,2,0,0,DIRECT,1.0,0.0,32,0.516218368165
2147,655431,2.69242,-0.851295,-0.390152,DSB,2,0,0,DIRECT,1.0,0.0,10,0.818109241789
2148,655608,2.24048,0.501327,2.17222,DSB,2,1,1,DIRECT,1.0,0.0,17,0.940924427185
2149,655643,-0.16424,-2.38658,2.55426,DSB+,3,0,0,DIRECT,1.0,0.0,2,0.704558893329
2150,655794,2.9593,-1.69365,-2.48697,DSB,2,0,0,DIRECT,1.0,0.0,9,0.90634547924
2151,655983,1.60608,4.0899,0.418028,DSB,2,0,0,DIRECT,1.0,0.0,46,0.544300376801
2152,656741,3.65077,1.18711,-2.0417,DSB+,3,0,0,DIRECT,1.0,0.0,32,0.975318279158
2153,657487,2.03064,1.66616,1.2782,DSB,2,0,0,DIRECT,1.0,0.0,24,0.89936497837
2154,657796,0.422599,-1.7614,-2.17685,DSB,2,0,0,DIRECT,1.0,0.0,8,0.856878713127
2155,658067,-1.6843,2.34015,-1.76274,DSB,2,0,0,DIRECT,1.0,0.0,34,0.071316627128
2156,658223,2.79494,-1.644,1.8975,DSB,2,0,0,DIRECT,1.0,0.0,10,0.0162666206
2157,658382,2.08584,-3.04109,-0.508202,DSB,2,0,0,DIRECT,1.0,0.0,5,0.49690434532
2158,658725,2.3462,-2.16147,-2.3294,DSB,2,1,1,DIRECT,1.0,0.0,9,0.314282481
2159,658894,-2.01126,-1.54629,-0.667383,DSB,2,0,0,DIRECT,1.0,0.0,4,0.954136461998
2160,659222,-1.86354,1.17381,-3.78766,DSB+,3,1,1,DIRECT,1.0,0.0,22,0.848928251291
2161,659340,-3.05782,2.44906,1.8596,DSB+,3,0,0,DIRECT,1.0,0.0,28,0.087500138128
2162,659648,-0.773319,0.081519,1.55539,DSB,2,0,0,DIRECT,1.0,0.0,13,0.436985872963
2163,659854,0.695175,0.992726,2.67135,DSB,2,0,0,DIRECT,1.0,0.0,25,0.074131893189
2164,660281,2.39375,0.939084,-2.76621,DSB+,4,0,0,MIXED,1.0,0.0,32,0.459817677696
2165,660281,2.39541,0.943548,-2.767098,DSB,2,0,0,DIRECT,1.0,0.0,32,0.459836977356
2166,661385,1.15148,2.69683,3.43938,DSB,2,0,0,DIRECT,1.0,0.0,29,0.594961288337
2167,661385,1.497164,2.64008,3.328102,DSB,2,0,0,DIRECT,1.0,0.0,29,0.598270843318
2168,661493,0.775307,1.62319,2.71531,DSB,2,1,1,DIRECT,1.0,0.0,25,0.96129746689
2169,662084,-2.67738,-0.295798,3.64021,DSB+,3,2,1,DIRECT,1.0,0.0,13,0.032987709625
2170,662198,0.641276,0.383269,1.4028,DSB,2,0,0,DIRECT,1.0,0.0,17,0.657138274901
2171,662695,-1.488219,-1.278392,-1.924696,DSB+,3,1,1,DIRECT,1.0,0.0,11,0.537004876112
2172,662699,2.22835,0.834455,0.384986,DSB,2,0,0,DIRECT,1.0,0.0,21,0.482629401168
2173,662699,2.233055,0.835194,0.392709,DSB,2,0,0,DIRECT,1.0,0.0,21,0.482629946857
2174,662816,1.00105,-3.13104,2.1874,DSB+,3,0,0,DIRECT,1.0,0.0,2,0.306707671606
2175,662852,-1.45491,-0.670376,-0.659056,DSB,2,1,1,DIRECT,1.0,0.0,12,0.504367982221
2176,662853,-0.635838,-0.471101,2.69446,DSB,2,0,0,DIRECT,1.0,0.0,7,0.689130817637
2177,663248,1.23179,0.911059,-2.92884,DSB,2,0,0,DIRECT,1.0,0.0,22,0.817840626655
2178,663294,1.97932,-2.04632,0.871316,DSB,2,0,0,DIRECT,1.0,0.0,6,0.788769203324
2179,663306,0.388575,-0.252471,-1.26855,DSB+,3,1,1,DIRECT,1.0,0.0,16,0.879189550651
2180,663534,1.79184,-2.62545,0.413983,DSB+,3,0,0,DIRECT,1.0,0.0,5,0.430328087308
2181,663553,2.06659,-2.05218,1.84759,DSB,2,0,0,DIRECT,1.0,0.0,6,0.391664539635
2182,663942,1.58192,-0.0395694,-0.804761,DSB,2,2,1,DIRECT,1.0,0.0,21,0.141365751655
2183,664393,-2.466973,2.237311,0.247969,DSB,2,0,0,DIRECT,1.0,0.0,28,0.208195758192
2184,664477,-1.91458,-2.47139,0.793287,DSB,2,1,1,DIRECT,1.0,0.0,2,0.609771816827
2185,664833,-1.096726,3.777081,-2.010434,DSB,2,0,0,DIRECT,1.0,0.0,46,0.1058392015
2186,665395,2.66328,-0.36181,-2.61603,DSB+,3,0,0,DIRECT,1.0,0.0,18,0.674415767655
2187,665824,0.861468,1.11057,-3.28772,DSB,2,0,0,DIRECT,1.0,0.0,32,0.484628955219
2188,666278,1.01996,-0.301471,-1.97217,DSB,2,0,0,DIRECT,1.0,0.0,18,0.432558969337
2189,666726,0.520655,-0.167778,0.865643,DSB,2,0,0,DIRECT,1.0,0.0,13,0.911975729464
2190,666925,-1.16719,1.33566,-0.293567,DSB,2,1,1,DIRECT,1.0,0.0,23,0.491854118909
2191,666943,0.849531,-2.87796,2.86686,DSB,2,0,0,DIRECT,1.0,0.0,2,0.257590770942
2192,667573,-1.92314,-2.00602,-1.31471,DSB,2,2,1,DIRECT,1.0,0.0,8,0.093504649814
2193,667768,-0.600042,0.75052,-1.63179,DSB,2,0,0,DIRECT,1.0,0.0,23,0.379874275605
2194,667903,-1.80332,-0.522086,-3.40598,DSB,2,0,0,DIRECT,1.0,0.0,15,0.395243935108
2195,668246,2.47745,2.51759,2.59046,DSB,2,0,0,DIRECT,1.0,0.0,37,0.245633629689
2196,668382,-2.82132,-2.19693,1.97065,DSB,2,0,0,DIRECT,1.0,0.0,4,0.055062017191
2197,668420,0.230387,-0.81544,1.35164,DSB+,3,2,1,DIRECT,1.0,0.0,11,0.839185016456
2198,668443,3.34007,-1.46998,0.488856,DSB,2,1,1,DIRECT,1.0,0.0,10,0.395004779639
2199,668567,1.41425,-3.40335,2.32693,DSB,2,0,0,DIRECT,1.0,0.0,1,0.633172992036
2200,668639,1.76465,-1.79313,-3.24947,DSB,2,0,0,DIRECT,1.0,0.0,9,0.712407402601
2201,668682,-0.88919,2.24264,2.27609,DSB,2,1,1,DIRECT,1.0,0.0,30,0.048679829022
2202,668682,-0.801151,2.165017,-0.614345,DSB+,3,2,1,DIRECT,1.0,0.0,31,0.181135474362
2203,668887,2.18894,-1.6376,-1.57691,DSB,2,0,0,DIRECT,1.0,0.0,9,0.547706892413
2204,669245,1.13655,1.72983,-1.62305,DSB,2,0,0,DIRECT,1.0,0.0,33,0.393848252172
2205,669298,3.17453,1.50677,-0.93224,DSB,2,0,0,DIRECT,1.0,0.0,36,0.118558585367
2206,669570,-1.275287,3.164045,-0.259695,DSB,2,0,0,DIRECT,1.0,0.0,39,0.24953683797
2207,669572,-2.84932,1.78838,1.90251,DSB+,3,0,0,DIRECT,1.0,0.0,20,0.645204094029
2208,669572,-2.855054,1.798401,1.893453,DSB,2,0,0,DIRECT,1.0,0.0,20,0.645214058654
2209,669942,2.25426,-2.72582,0.916427,DSB+,3,1,1,DIRECT,1.0,0.0,5,0.389111611339
2210,670289,-0.281683,-0.356712,-3.356844,DSB,2,0,0,DIRECT,1.0,0.0,18,0.219076381856
2211,670881,1.6519,0.219751,-2.38808,DSB,2,1,1,DIRECT,1.0,0.0,23,0.336994320122
2212,671355,-0.0303686,-3.11607,0.114203,DSB,2,0,0,DIRECT,1.0,0.0,2,0.48582374165
2213,671636,2.29416,1.53248,-1.02121,DSB,2,0,0,DIRECT,1.0,0.0,30,0.454003500999
2214,671802,-0.568102,3.932131,0.627932,DSB,2,0,0,DIRECT,1.0,0.0,45,0.374777812828
2215,671851,-1.41919,2.33261,-1.38996,DSB,2,0,0,DIRECT,1.0,0.0,28,0.855532122967
2216,671871,-2.12778,-2.03885,-1.80101,DSB,2,0,0,DIRECT,1.0,0.0,8,0.06965769431
2217,671931,0.326697,4.39456,0.506151,DSB,2,0,0,DIRECT,1.0,0.0,46,0.525346768495
2218,672032,0.19007,2.22303,2.12583,DSB,2,0,0,DIRECT,1.0,0.0,29,0.377171642489
2219,672995,-0.424108,0.79263,1.34345,DSB+,4,1,1,DIRECT,1.0,0.0,17,0.968117061283
2220,673472,0.891426,0.834518,-2.3403,DSB,2,1,1,DIRECT,1.0,0.0,22,0.462725515276
2221,673561,2.46019,-0.164553,-1.80635,DSB+,3,0,0,DIRECT,1.0,0.0,18,0.548723542261
2222,673583,1.064136,-2.527059,-2.255949,DSB,2,0,0,DIRECT,1.0,0.0,8,0.344137521592
2223,673956,-0.127863,3.90395,-0.189865,DSB+,3,0,0,DIRECT,1.0,0.0,46,0.296131118282
2224,673972,-1.8535,-1.496173,0.009638,DSB+,4,1,1,DIRECT,1.0,0.0,11,0.007642558465
2225,673974,-3.33294,1.06654,0.728249,DSB,2,1,1,DIRECT,1.0,0.0,20,0.333359438047
2226,674968,2.03485,2.26533,-0.435554,DSB,2,0,0,DIRECT,1.0,0.0,34,0.889487201555
2227,675010,0.0827022,2.04665,-1.17535,DSB+,3,1,1,DIRECT,1.0,0.0,31,0.968315928389
2228,675010,0.081923,2.046683,-1.176816,DSB,2,0,0,DIRECT,1.0,0.0,31,0.968316016515
2229,675290,3.88561,1.49809,0.585009,DSB+,3,0,0,DIRECT,1.0,0.0,30,0.69990471125
2230,675294,-0.783537,3.00617,-1.48889,DSB+,3,0,0,DIRECT,1.0,0.0,37,0.712884742556
2231,675418,-0.192747,-0.989211,-0.536815,DSB,2,0,0,DIRECT,1.0,0.0,16,0.038165383503
2232,676043,0.446584,-1.86071,-1.54597,DSB+,3,2,1,DIRECT,1.0,0.0,8,0.650236192972
2233,676445,0.414399,-0.193358,4.47351,DSB,2,0,0,DIRECT,1.0,0.0,7,0.846246741346
2234,676674,-2.86912,-2.09592,-1.24091,DSB,2,0,0,DIRECT,1.0,0.0,3,0.835480550619
2235,677138,-1.34421,-3.17196,1.15192,DSB,2,0,0,DIRECT,1.0,0.0,1,0.703883263087
2236,677145,-2.79358,2.29133,0.038569,DSB,2,1,1,DIRECT,1.0,0.0,27,0.439606695324
2237,677427,2.048478,-2.737695,-2.603655,DSB,2,1,1,DIRECT,1.0,0.0,9,0.015675388967
2238,678546,2.65767,0.00608911,-1.29298,DSB,2,0,0,DIRECT,1.0,0.0,21,0.267710294178
2239,678726,4.43562,-0.768354,-0.567602,DSB,2,0,0,DIRECT,1.0,0.0,21,0.011239799244
2240,679159,-1.34766,-3.94903,-1.07242,DSB+,3,0,0,DIRECT,1.0,0.0,1,0.351284854396
2241,679880,-0.667879,-0.554755,3.48064,DSB,2,1,1,DIRECT,1.0,0.0,7,0.275706676648
2242,680057,-0.512283,-1.59931,-2.07925,DSB+,4,3,1,DIRECT,1.0,0.0,8,0.807893357511
2243,680695,-1.75537,-0.923889,-2.88853,DSB+,4,2,1,DIRECT,1.0,0.0,15,0.136519236745
2244,681028,0.613742,-1.54567,2.42622,DSB,2,0,0,DIRECT,1.0,0.0,6,0.448820619662
2245,681259,3.95673,-1.55956,0.0876925,DSB++,5,1,1,DIRECT,1.0,0.0,10,0.451285041676
2246,681288,0.594566,1.47246,-3.44182,DSB,2,1,1,DIRECT,1.0,0.0,32,0.8817583731
2247,682171,-3.63445,-1.36318,-2.48016,DSB,2,1,1,DIRECT,1.0,0.0,8,0.619153046541
2248,682195,1.78623,-3.45082,1.6481,DSB,2,0,0,DIRECT,1.0,0.0,2,0.359444251952
2249,682963,1.35154,-2.12633,2.59296,DSB,2,0,0,DIRECT,1.0,0.0,6,0.207320224152
2250,683003,0.236818,1.70235,-3.025239,DSB+,3,0,0,DIRECT,1.0,0.0,32,0.910733276932
2251,683592,0.757203,2.52001,1.091164,DSB,2,0,0,DIRECT,1.0,0.0,31,0.677411311892
2252,683704,-4.13479,-0.345786,1.21089,DSB,2,0,0,DIRECT,1.0,0.0,12,0.049204996956
2253,683969,1.68315,1.10503,2.80944,DSB,2,0,0,DIRECT,1.0,0.0,24,0.100727151533
2254,683993,0.05364,0.123583,-4.31167,DSB,2,0,0,DIRECT,1.0,0.0,18,0.877441211999
2255,684662,-3.87008,0.255262,-0.0143516,DSB,2,3,1,DIRECT,1.0,0.0,12,0.906310725386
2256,684714,-2.09648,-2.06757,-1.42426,DSB+,4,1,1,DIRECT,1.0,0.0,8,0.094753815016
2257,685448,-1.35364,3.35534,1.30598,DSB,2,1,1,DIRECT,1.0,0.0,38,0.594153624546
2258,686549,0.33777,3.062297,-1.148193,DSB,2,0,0,DIRECT,1.0,0.0,41,0.465328885607
2259,686856,-3.02067,0.58173,2.99637,DSB,2,1,1,DIRECT,1.0,0.0,13,0.223580931946
2260,687412,1.0315,2.25927,0.157924,DSB+,3,1,1,DIRECT,1.0,0.0,31,0.843416634721
2261,688098,0.777958,1.233745,-2.847783,DSB,2,0,0,DIRECT,1.0,0.0,32,0.381174095714
2262,688314,0.0936583,2.41058,1.5093,DSB+,3,0,0,DIRECT,1.0,0.0,29,0.814194516854
2263,688477,2.541219,2.090843,0.78854,DSB,2,0,0,DIRECT,1.0,0.0,37,0.037828242008
2264,688513,0.202756,-3.113476,-0.325775,DSB+,3,1,1,DIRECT,1.0,0.0,5,0.110940476436
2265,689204,-0.583969,3.92487,1.80045,DSB+,4,0,0,DIRECT,1.0,0.0,43,0.297045313175
2266,689278,2.09575,-1.98329,3.54533,DSB,2,0,0,DIRECT,1.0,0.0,6,0.179901313565
2267,689494,2.8566,-1.53392,2.36743,DSB,2,0,0,DIRECT,1.0,0.0,7,0.51462707907
2268,689628,2.33885,1.80161,3.27315,DSB,2,3,1,DIRECT,1.0,0.0,24,0.432583531752
2269,689643,4.29118,-0.690787,1.63619,DSB,2,0,0,DIRECT,1.0,0.0,14,0.407573641922
2270,690076,0.884114,-1.42399,-3.28296,DSB+,3,0,0,DIRECT,1.0,0.0,9,0.865455076799
2271,690246,0.245106,-3.16064,-0.825639,DSB,2,1,1,DIRECT,1.0,0.0,5,0.1515156131
2272,690571,0.958515,1.151286,2.538789,DSB,2,0,0,DIRECT,1.0,0.0,25,0.571791727744
2273,691354,0.885629,1.34814,-2.08291,DSB+,3,2,1,DIRECT,1.0,0.0,30,0.340064603863
2274,691354,1.391076,1.818084,-1.855154,DSB+,3,0,0,DIRECT,1.0,0.0,33,0.544947339405
2275,691354,1.390378,1.817337,-1.855825,DSB+,3,0,0,DIRECT,1.0,0.0,33,0.544947389297
2276,692482,-1.82835,1.79887,-1.0104,DSB+,3,0,0,DIRECT,1.0,0.0,27,0.679911607511
2277,692966,2.87515,-0.431633,0.613176,DSB,2,0,0,DIRECT,1.0,0.0,14,0.885242631499
2278,693171,2.76732,-0.542642,-3.27171,DSB,2,0,0,DIRECT,1.0,0.0,18,0.752879272923
2279,693462,-3.09526,-3.1652,1.11388,DSB,2,0,0,DIRECT,1.0,0.0,3,0.011245860483
2280,694696,1.90071,-2.33311,-3.26212,DSB,2,0,0,DIRECT,1.0,0.0,9,0.27877785059
2281,694792,0.370839,1.51225,-1.16193,DSB+,4,1,1,MIXED,1.0,0.0,27,0.780635516119
2282,695140,1.40626,1.49819,2.64601,DSB,2,1,1,DIRECT,1.0,0.0,25,0.906800874373
2283,695887,-1.666903,-1.850051,-2.895463,DSB,2,0,0,DIRECT,1.0,0.0,8,0.543230130264
2284,696369,-1.08524,-0.922354,0.291161,DSB,2,1,1,DIRECT,1.0,0.0,11,0.74159888631
2285,696970,-0.428808,-2.77777,3.53093,DSB,2,0,0,DIRECT,1.0,0.0,2,0.130199728506
2286,697112,-0.195097,1.61733,-3.40314,DSB,2,2,1,DIRECT,1.0,0.0,32,0.897914876601
2287,697731,-3.23695,-1.18618,0.879528,DSB+,4,0,0,DIRECT,1.0,0.0,4,0.693211837667
2288,698012,1.05665,-2.81708,-0.912594,DSB+,3,1,1,DIRECT,1.0,0.0,5,0.489301255341
2289,698129,0.0705158,2.15431,-3.87466,DSB,2,0,0,DIRECT,1.0,0.0,35,0.969967357391
2290,698212,0.699846,-2.72259,1.46113,DSB,2,0,0,DIRECT,1.0,0.0,2,0.595443143667
2291,698315,-0.285854,-2.91569,0.473437,DSB,2,2,1,DIRECT,1.0,0.0,2,0.544198087834
2292,698315,-0.293563,-2.893276,-0.698008,DSB+,3,0,0,DIRECT,1.0,0.0,3,0.597263816858
2293,698343,0.515988,2.90764,0.201788,DSB,2,0,0,DIRECT,1.0,0.0,39,0.289561543297
2294,698526,0.637796,1.45954,3.72017,DSB,2,1,1,DIRECT,1.0,0.0,25,0.408200248596
2295,698757,-2.52072,2.76148,0.164698,DSB,2,0,0,DIRECT,1.0,0.0,28,0.612437050625
2296,699719,-4.07026,1.85101,0.990176,DSB,2,0,0,DIRECT,1.0,0.0,20,0.684879224119
2297,699824,0.242899,-2.93921,2.21442,DSB,2,0,0,DIRECT,1.0,0.0,2,0.27239174253
2298,700004,-0.42989,-2.881203,-0.546428,DSB,2,0,0,DIRECT,1.0,0.0,3,0.602226284167
2299,700004,-1.718927,-2.41703,-1.554293,DSB,2,0,0,DIRECT,1.0,0.0,3,0.885166894345
2300,700460,3.49445,-0.521192,-0.100895,DSB+,3,1,1,DIRECT,1.0,0.0,14,0.96862056422
2301,700546,0.171838,-2.850368,-2.043584,DSB,2,0,0,DIRECT,1.0,0.0,3,0.93802805079
2302,700665,1.24526,3.81775,1.80071,DSB,2,1,1,DIRECT,1.0,0.0,45,0.629969981582
2303,700853,0.597207,1.00552,-3.55864,DSB+,3,0,0,DIRECT,1.0,0.0,22,0.798960046798
2304,701076,0.749398,3.22569,-1.154023,DSB+,4,1,1,DIRECT,1.0,0.0,44,0.362046878157
2305,701234,-1.79543,-0.368218,2.51364,DSB,2,0,0,DIRECT,1.0,0.0,7,0.335928710008
2306,701234,-1.685406,-0.332116,-0.386286,DSB,2,0,0,DIRECT,1.0,0.0,12,0.819057162998
2307,701904,-0.140363,1.20136,-2.75478,DSB,2,1,1,DIRECT,1.0,0.0,22,0.914890243654
2308,702002,2.0166,-0.00762789,2.82705,DSB,2,0,0,DIRECT,1.0,0.0,14,0.542305165429
2309,702028,-2.24409,2.38563,-3.06152,DSB,2,1,1,DIRECT,1.0,0.0,34,0.440100356974
2310,702122,-3.640911,0.98367,-2.466112,DSB,2,1,1,DIRECT,1.0,0.0,19,0.802094212708
2311,702621,0.164721,4.52619,-0.540994,DSB,2,1,1,DIRECT,1.0,0.0,46,0.96773326356
2312,703529,-1.720815,-0.504377,-0.426138,DSB,2,0,0,DIRECT,1.0,0.0,12,0.455909930972
2313,703689,1.834568,0.408492,-2.720249,DSB+,3,2,1,DIRECT,1.0,0.0,23,0.98603513307
2314,703737,-1.12177,2.19345,1.34891,DSB,2,0,0,DIRECT,1.0,0.0,31,0.156297880122
2315,703739,-1.64552,3.29288,1.10477,DSB,2,1,1,DIRECT,1.0,0.0,38,0.599112554113
2316,703855,4.13804,0.155804,-0.484249,DSB,2,0,0,DIRECT,1.0,0.0,21,0.644922752196
2317,704594,-1.35854,-3.67794,-0.594777,DSB,2,0,0,DIRECT,1.0,0.0,1,0.830780944945
2318,705615,1.11504,-1.73539,2.5576,DSB,2,0,0,DIRECT,1.0,0.0,6,0.452172983559
2319,705871,0.0525378,2.68679,-0.148666,DSB,2,1,1,DIRECT,1.0,0.0,38,0.957231166994
2320,706066,1.41645,3.68783,1.21647,DSB,2,1,1,DIRECT,1.0,0.0,45,0.428634569007
2321,706274,-2.6723,-0.801333,-1.80739,DSB+,4,0,0,DIRECT,1.0,0.0,12,0.5777892309
2322,706679,0.83095,2.75023,2.44154,DSB+,3,1,1,DIRECT,1.0,0.0,31,0.27691133833
2323,706759,-2.16721,-0.326514,-2.46827,DSB+,3,0,0,DIRECT,1.0,0.0,15,0.508579297662
2324,707106,-1.99049,3.3697,1.60926,DSB,2,2,1,DIRECT,1.0,0.0,38,0.442757964572
2325,707107,-4.24424,1.46369,0.471803,DSB,2,1,1,DIRECT,1.0,0.0,20,0.407429061705
2326,707696,3.82673,-0.239981,1.49494,DSB+,3,0,0,DIRECT,1.0,0.0,14,0.82382521915
2327,707819,2.76819,1.0809,0.603669,DSB,2,0,0,DIRECT,1.0,0.0,23,0.714456103246
2328,708001,-3.486,0.141593,-1.94036,DSB,2,1,1,DIRECT,1.0,0.0,19,0.020948953353
2329,708343,-1.223,2.87953,-2.92265,DSB+,3,0,0,DIRECT,1.0,0.0,40,0.575375719
2330,708438,-3.47017,1.65775,-2.35936,DSB,2,0,0,DIRECT,1.0,0.0,27,0.257142719015
2331,708758,-1.91649,3.8064,-1.08875,DSB,2,0,0,DIRECT,1.0,0.0,44,0.791882713481
2332,709967,2.89521,1.82693,-0.665685,DSB,2,0,0,DIRECT,1.0,0.0,36,0.174120298447
2333,709967,2.893841,1.825292,-0.66597,DSB,2,0,0,DIRECT,1.0,0.0,36,0.174120478793
2334,711320,1.22736,-2.12948,-3.32606,DSB,2,0,0,DIRECT,1.0,0.0,8,0.971210971577
2335,711867,4.10905,0.173305,0.982191,DSB,2,1,1,DIRECT,1.0,0.0,21,0.446974704746
2336,711896,-2.22904,2.8761,2.53601,DSB,2,0,0,DIRECT,1.0,0.0,28,0.399968267474
2337,712016,-2.62092,2.26932,-0.37766,DSB,2,0,0,DIRECT,1.0,0.0,27,0.475916403303
2338,712724,-0.564035,3.171016,0.981456,DSB+,3,0,0,DIRECT,1.0,0.0,38,0.772220696559
2339,712730,-0.479493,2.06774,2.30978,DSB,2,0,0,DIRECT,1.0,0.0,30,0.042347997787
2340,712978,-0.748875,1.16623,4.16643,DSB+,3,1,1,DIRECT,1.0,0.0,17,0.373640141275
2341,713043,0.591021,-1.09169,3.61712,DSB,2,0,0,DIRECT,1.0,0.0,6,0.583181789667
2342,713193,0.0786805,2.19853,-2.73222,DSB,2,1,1,DIRECT,1.0,0.0,34,0.321574055365
2343,713583,-0.923064,-0.44203,4.06953,DSB,2,2,1,DIRECT,1.0,0.0,7,0.220056899244
2344,713835,-2.036554,0.966199,-2.686431,DSB+,3,2,1,DIRECT,1.0,0.0,22,0.237565060739
2345,714444,2.81904,-0.769603,2.90784,DSB+,3,1,1,DIRECT,1.0,0.0,7,0.891136041711
2346,714457,-3.30582,1.93185,-1.8314,DSB,2,0,0,DIRECT,1.0,0.0,27,0.712061997215
2347,715835,1.68298,-0.308745,0.617672,DSB,2,0,0,DIRECT,1.0,0.0,14,0.382207786612
2348,716502,-3.76554,0.64167,1.30109,DSB+,3,1,1,DIRECT,1.0,0.0,13,0.449047699063
2349,716602,1.43019,-1.72356,-1.19671,DSB,2,0,0,DIRECT,1.0,0.0,9,0.387487861663
2350,716739,-2.64315,2.85921,1.15107,DSB,2,0,0,DIRECT,1.0,0.0,28,0.519629974437
2351,716771,4.30167,0.605365,1.24333,DSB,2,2,1,DIRECT,1.0,0.0,24,0.265752018552
2352,716861,-0.274531,4.32437,-0.228672,DSB,2,1,1,DIRECT,1.0,0.0,46,0.563449274648
2353,716924,0.77484,-0.0942269,1.28941,DSB,2,0,0,DIRECT,1.0,0.0,16,0.536077221561
2354,716937,-0.970037,-0.1116,1.032168,DSB+,3,2,1,DIRECT,1.0,0.0,13,0.408354697462
2355,716948,4.07018,0.776716,-0.436255,DSB+,3,1,1,DIRECT,1.0,0.0,24,0.71500900829
2356,717052,-1.436305,2.341287,-1.217559,DSB,2,0,0,DIRECT,1.0,0.0,28,0.907421110694
2357,718184,2.40443,0.322268,-2.60182,DSB,2,0,0,DIRECT,1.0,0.0,21,0.865657315732
2358,718694,1.80291,-1.14603,-1.17817,DSB,2,0,0,DIRECT,1.0,0.0,10,0.538339648513
2359,718749,-1.42858,1.64084,-2.25052,DSB+,3,0,0,DIRECT,1.0,0.0,27,0.928813916269
2360,718840,1.1621,-1.29261,3.27937,DSB,2,0,0,DIRECT,1.0,0.0,6,0.595298205942
2361,719066,1.17496,-0.241706,-2.23857,DSB,2,1,1,DIRECT,1.0,0.0,18,0.393816937695
2362,719221,1.214921,-1.819309,-2.357629,DSB,2,0,0,DIRECT,1.0,0.0,8,0.864683170362
2363,719425,2.934626,-0.340074,0.39292,DSB,2,0,0,DIRECT,1.0,0.0,14,0.91095719419
2364,719462,0.555748,-0.75952,-4.39788,DSB,2,1,1,DIRECT,1.0,0.0,15,0.980243178336
2365,720022,-0.239205,-0.849585,-1.53067,DSB,2,1,1,DIRECT,1.0,0.0,15,0.086802838766
2366,720156,3.24109,1.09187,3.04647,DSB,2,0,0,DIRECT,1.0,0.0,24,0.39234726182
2367,720667,0.732389,-2.60906,-0.207408,DSB+,3,0,0,DIRECT,1.0,0.0,5,0.443853343606
2368,720857,1.21162,-3.0772,-0.346707,DSB,2,0,0,DIRECT,1.0,0.0,5,0.351570518947
2369,720892,1.6799,0.814819,-2.44625,DSB+,3,0,0,DIRECT,1.0,0.0,22,0.895555671969
2370,721638,-0.271006,0.997503,-0.835913,DSB,2,0,0,DIRECT,1.0,0.0,23,0.444357403721
2371,721852,1.09776,0.636999,-3.26093,DSB,2,0,0,DIRECT,1.0,0.0,22,0.567566683256
2372,721872,0.434037,2.72257,0.591588,DSB,2,0,0,DIRECT,1.0,0.0,38,0.854332310782
2373,722496,-1.9336,1.47783,1.56963,DSB,2,1,1,DIRECT,1.0,0.0,20,0.70770196805
2374,722968,-1.82199,-2.87702,0.678524,DSB+,3,1,1,DIRECT,1.0,0.0,2,0.389150956083
2375,723267,-4.19687,0.123211,-1.20655,DSB,2,1,1,DIRECT,1.0,0.0,12,0.796384170317
2376,723267,-4.174723,0.125138,-1.410379,DSB,2,0,0,DIRECT,1.0,0.0,12,0.794623294334
2377,723571,-3.59134,2.29392,0.620359,DSB+,3,0,0,DIRECT,1.0,0.0,28,0.161187925433
2378,723571,-3.589015,2.292882,0.621776,DSB,2,0,0,DIRECT,1.0,0.0,28,0.161189021246
2379,723610,-3.09918,-1.28591,1.16893,DSB,2,0,0,DIRECT,1.0,0.0,4,0.707830357395
2380,723938,-3.22518,3.3442,-0.0226099,DSB,2,0,0,DIRECT,1.0,0.0,35,0.15602950459
2381,724285,0.39069,-2.559383,-2.270049,DSB,2,1,1,DIRECT,1.0,0.0,5,0.717001164476
2382,724926,2.28484,-1.57668,-2.45514,DSB+,3,0,0,DIRECT,1.0,0.0,9,0.902283245526
2383,725132,2.00496,-0.959931,-2.89313,DSB,2,0,0,DIRECT,1.0,0.0,16,0.972250271902
2384,725487,-1.86529,3.87458,1.46292,DSB,2,0,0,DIRECT,1.0,0.0,40,0.052829671539
2385,725731,-1.250664,1.383134,4.153817,DSB,2,0,0,DIRECT,1.0,0.0,17,0.379963321142
2386,725951,1.39437,2.83831,-0.723704,DSB,2,0,0,DIRECT,1.0,0.0,41,0.666314248998
2387,726139,-1.42607,0.821593,3.31278,DSB,2,0,0,DIRECT,1.0,0.0,17,0.267458083298
2388,726296,-1.12999,2.34125,-1.21146,DSB,2,0,0,DIRECT,1.0,0.0,28,0.855317021378
2389,726522,2.33256,0.934248,-2.99624,DSB,2,1,1,DIRECT,1.0,0.0,32,0.459096958761
2390,726915,-2.685528,-1.067624,-3.427701,DSB,2,0,0,DIRECT,1.0,0.0,15,0.053459292358
2391,726975,0.747391,-1.44735,3.56993,DSB+,3,0,0,DIRECT,1.0,0.0,6,0.520471064035
2392,728040,-2.05174,1.87065,2.27046,DSB,2,0,0,DIRECT,1.0,0.0,20,0.656106283065
2393,728364,1.93946,-3.02098,2.7809,DSB,2,0,0,DIRECT,1.0,0.0,2,0.263223418579
2394,728977,0.991897,0.539576,3.77977,DSB,2,0,0,DIRECT,1.0,0.0,14,0.606697140247
2395,729765,-2.36911,-1.19427,-2.33023,DSB+,3,0,0,DIRECT,1.0,0.0,8,0.771814516748
2396,730209,4.17037,0.389036,-1.35933,DSB,2,0,0,DIRECT,1.0,0.0,21,0.943243745671
2397,731144,3.2316,1.61091,-2.2091,DSB,2,0,0,DIRECT,1.0,0.0,36,0.709454389233
2398,731276,-1.3848,0.085878,-2.944788,DSB,2,0,0,DIRECT,1.0,0.0,19,0.318863953223
2399,731323,0.509806,-2.66548,-1.95838,DSB,2,1,1,DIRECT,1.0,0.0,5,0.756337260991
2400,732190,4.50023,-0.399878,-0.70685,DSB,2,1,1,DIRECT,1.0,0.0,21,0.247053538687
2401,732400,0.357786,0.0212425,4.04292,DSB,2,0,0,DIRECT,1.0,0.0,17,0.033351578607
2402,732587,0.576494,0.81547,3.44847,DSB,2,3,1,DIRECT,1.0,0.0,17,0.492628916526
2403,732634,-2.91962,2.89628,-0.438973,DSB,2,1,1,DIRECT,1.0,0.0,31,0.775424724715
2404,733781,-3.39398,1.09831,-0.152589,DSB,2,0,0,DIRECT,1.0,0.0,19,0.694489020111
2405,733792,3.21096,0.255865,-0.329148,DSB,2,5,1,DIRECT,1.0,0.0,21,0.590081460527
2406,734512,-0.73224,1.62622,-3.83128,DSB,2,0,0,DIRECT,1.0,0.0,33,0.730977663526
2407,734561,0.638393,1.85346,-0.699892,DSB,2,0,0,DIRECT,1.0,0.0,30,0.607045055155
2408,734701,-1.97714,2.40176,2.33927,DSB,2,0,0,DIRECT,1.0,0.0,28,0.061813919952
2409,734836,0.449504,2.684799,-1.799355,DSB,2,0,0,DIRECT,1.0,0.0,35,0.254696361908
2410,735165,0.00385535,-3.20064,-1.19638,DSB+,3,0,0,DIRECT,1.0,0.0,3,0.382698868055
2411,735274,0.811401,-2.74253,-2.8045,DSB,2,0,0,DIRECT,1.0,0.0,5,0.665012737686
2412,735660,-1.51477,-0.410905,0.0868709,DSB+,3,3,1,DIRECT,1.0,0.0,12,0.446395625346
2413,736083,-1.17671,3.72971,1.54085,DSB+,3,0,0,DIRECT,1.0,0.0,40,0.0625938551
2414,736120,1.36591,0.0822377,-2.02967,DSB+,4,1,1,DIRECT,1.0,0.0,18,0.538153851733
2415,736120,1.376602,0.076561,-2.038321,DSB,2,0,0,DIRECT,1.0,0.0,18,0.538152163906
2416,736189,-0.50183,1.34002,2.48118,DSB,2,0,0,DIRECT,1.0,0.0,25,0.535306853542
2417,736837,-1.4018,-2.17478,-1.00863,DSB,2,1,1,DIRECT,1.0,0.0,5,0.908967669116
2418,736837,-1.258695,-2.104855,-0.919476,DSB,2,0,0,DIRECT,1.0,0.0,5,0.912024694153
2419,737233,0.254125,-4.1868,-1.56126,DSB,2,0,0,DIRECT,1.0,0.0,1,0.95304650839
2420,737899,-0.565919,1.31902,1.30883,DSB,2,0,0,DIRECT,1.0,0.0,25,0.671330607346
2421,737952,2.2464,-1.20075,3.63171,DSB,2,1,1,DIRECT,1.0,0.0,7,0.36535891984
2422,737993,0.995378,-2.72244,3.08188,DSB+,3,1,1,DIRECT,1.0,0.0,2,0.735004932301
2423,738698,-2.21235,-1.57789,0.94108,DSB,2,0,0,DIRECT,1.0,0.0,4,0.687502145819
2424,738791,2.31053,2.57211,1.15956,DSB+,3,0,0,DIRECT,1.0,0.0,37,0.539665221624
2425,739547,-3.41973,-1.07448,1.61668,DSB,2,0,0,DIRECT,1.0,0.0,4,0.760195871968
2426,739610,-0.4406,-1.03649,-0.901928,DSB,2,0,0,DIRECT,1.0,0.0,16,0.009746909959
2427,741266,-1.37294,1.90973,-3.94351,DSB,2,0,0,DIRECT,1.0,0.0,33,0.722805056016
2428,741266,-1.38021,1.906172,-3.946757,DSB,2,0,0,DIRECT,1.0,0.0,33,0.722807226301
2429,741303,0.698437,3.01847,1.73207,DSB+,3,2,1,DIRECT,1.0,0.0,38,0.550230043413
2430,741377,-0.379782,-0.392499,1.32929,DSB,2,0,0,DIRECT,1.0,0.0,13,0.326310099305
2431,741468,0.291148,0.258613,-3.598398,DSB+,3,2,1,DIRECT,1.0,0.0,18,0.962065823869
2432,741764,-1.81893,4.0041,-0.134694,DSB,2,1,1,DIRECT,1.0,0.0,45,0.332626153674
2433,742859,0.0902464,-3.97051,2.12216,DSB,2,0,0,DIRECT,1.0,0.0,1,0.119668250382
2434,743270,-1.2237,-1.17877,2.96332,DSB,2,0,0,DIRECT,1.0,0.0,4,0.822164617561
2435,743436,2.1159,-2.39028,2.12957,DSB,2,0,0,DIRECT,1.0,0.0,6,0.247960921426
2436,744482,1.35273,1.15952,1.63508,DSB,2,0,0,DIRECT,1.0,0.0,25,0.833303373194
2437,745626,1.19183,1.89008,0.992582,DSB+,3,0,0,DIRECT,1.0,0.0,29,0.276404043002
2438,745626,1.191331,1.890344,0.990923,DSB,2,0,0,DIRECT,1.0,0.0,29,0.276404130673
2439,745810,-1.02568,-3.82598,-0.0290788,DSB,2,1,1,DIRECT,1.0,0.0,1,0.41413056634
2440,745855,-1.55033,-3.66064,1.72322,DSB+,3,0,0,DIRECT,1.0,0.0,1,0.111954812691
2441,746085,-1.554308,1.829421,1.982047,DSB,2,1,1,DIRECT,1.0,0.0,26,0.382140405469
2442,746085,-1.55559,1.825218,1.985777,DSB,2,0,0,DIRECT,1.0,0.0,26,0.38212446959
2443,746976,2.89514,1.79233,1.66598,DSB,2,0,0,DIRECT,1.0,0.0,29,0.881975892394
2444,747264,0.252903,-0.60323,3.90824,DSB,2,0,0,DIRECT,1.0,0.0,7,0.244537918
2445,748260,-1.48117,3.70375,1.3619,DSB,2,0,0,DIRECT,1.0,0.0,40,0.055703583215
2446,748682,1.60565,-2.20148,-0.0267241,DSB,2,1,1,DIRECT,1.0,0.0,6,0.838148810872
2447,748727,0.52766,1.31399,1.7827,DSB,2,1,1,DIRECT,1.0,0.0,25,0.851973768805
2448,749181,3.08285,1.21679,2.30842,DSB+,3,3,1,DIRECT,1.0,0.0,24,0.492831610747
2449,749181,3.084845,1.213924,2.307983,DSB,2,1,1,DIRECT,1.0,0.0,24,0.492832431026
2450,749482,-1.702737,3.885555,-0.99033,DSB,2,1,1,DIRECT,1.0,0.0,44,0.804541321479
2451,749562,1.02473,3.2667,-0.948259,DSB,2,0,0,DIRECT,1.0,0.0,44,0.530856699115
2452,749803,3.437072,-0.003051,0.114321,DSB+,3,0,0,DIRECT,1.0,0.0,21,0.386432209359
2453,749803,3.441155,-0.000754,0.113416,DSB,2,0,0,DIRECT,1.0,0.0,21,0.386445771561
2454,749897,0.437304,0.431829,0.681747,DSB+,3,0,0,DIRECT,1.0,0.0,17,0.793839025914
2455,749897,0.377497,0.42909,1.996116,DSB,2,0,0,DIRECT,1.0,0.0,17,0.60444381209
2456,750603,0.619042,-0.707831,3.5629,DSB+,4,0,0,DIRECT,1.0,0.0,7,0.310167307403
2457,750814,-0.264148,4.11807,-1.1424,DSB,2,1,1,DIRECT,1.0,0.0,46,0.644074915343
2458,751205,-1.65683,-0.0886609,1.9833,DSB,2,1,1,DIRECT,1.0,0.0,12,0.24813103363
2459,753240,-2.33168,0.0289374,2.36121,DSB,2,2,1,DIRECT,1.0,0.0,11,0.943895070332
2460,753311,-0.993439,-2.41667,-3.28736,DSB,2,0,0,DIRECT,1.0,0.0,8,0.377448697612
2461,754196,-0.789769,3.6908,-0.551116,DSB,2,0,0,DIRECT,1.0,0.0,44,0.828171308127
2462,754312,0.724278,2.40863,-3.07331,DSB,2,0,0,DIRECT,1.0,0.0,40,0.767994263712
2463,754429,2.584059,2.201775,1.690936,DSB,2,0,0,DIRECT,1.0,0.0,37,0.134346929591
2464,754695,1.815618,3.043953,-1.303291,DSB,2,1,1,DIRECT,1.0,0.0,44,0.232989968265
2465,755302,2.68659,-1.90505,-1.39504,DSB+,3,1,1,DIRECT,1.0,0.0,9,0.371049682295
2466,756017,0.972549,1.57645,-1.28837,DSB,2,2,1,DIRECT,1.0,0.0,30,0.46891334588
2467,756364,-0.905762,-2.23168,1.51581,DSB,2,0,0,DIRECT,1.0,0.0,3,0.715918313809
2468,756705,-1.14107,-1.89145,-1.32338,DSB+,3,1,1,DIRECT,1.0,0.0,8,0.165422446335
2469,756820,-0.0355156,-2.58145,2.33772,DSB+,3,0,0,DIRECT,1.0,0.0,2,0.703297015464
2470,756820,-0.031144,-2.589164,2.331392,DSB,2,0,0,DIRECT,1.0,0.0,2,0.703290781859
2471,757057,3.26909,0.440062,1.09385,DSB,2,1,1,DIRECT,1.0,0.0,23,0.192433886246
2472,757285,2.90057,-1.04215,-2.66128,DSB,2,0,0,DIRECT,1.0,0.0,18,0.074699183147
2473,757676,0.0257688,-1.58714,-1.76423,DSB,2,0,0,DIRECT,1.0,0.0,8,0.788920514921
2474,757738,-1.05211,-1.50782,-2.56323,DSB,2,0,0,DIRECT,1.0,0.0,8,0.846060262983
2475,758150,1.50372,-0.81064,-4.26964,DSB+,3,1,1,DIRECT,1.0,0.0,15,0.990477362468
2476,758249,2.50069,2.41151,2.45314,DSB,2,0,0,DIRECT,1.0,0.0,37,0.217984915839
2477,759116,1.36047,2.34092,3.38699,DSB,2,0,0,DIRECT,1.0,0.0,29,0.48087515245
2478,759142,3.077128,0.868781,-2.746097,DSB,2,1,1,DIRECT,1.0,0.0,32,0.449172262687
2479,760298,-0.387469,3.06466,-2.11005,DSB+,3,0,0,DIRECT,1.0,0.0,41,0.129873181376
2480,760782,1.151863,1.001077,3.465657,DSB,2,0,0,DIRECT,1.0,0.0,25,0.150573965968
2481,761520,-0.0112627,-0.0311425,-1.04629,DSB,2,0,0,DIRECT,1.0,0.0,16,0.850928010212
2482,761701,-0.0508358,-1.26851,0.454754,DSB+,4,0,0,DIRECT,1.0,0.0,11,0.411094126923
2483,762658,0.955521,-3.04014,2.15497,DSB,2,0,0,DIRECT,1.0,0.0,2,0.306662252515
2484,762788,-2.52403,-3.76252,0.849549,DSB,2,1,1,DIRECT,1.0,0.0,1,0.144806619804
2485,762788,-2.492575,-3.75971,0.853212,DSB,2,1,1,DIRECT,1.0,0.0,1,0.144819763376
2486,762951,2.90128,-1.26066,0.914121,DSB,2,0,0,DIRECT,1.0,0.0,10,0.363622252789
2487,763251,3.77308,-2.27843,-0.239578,DSB,2,0,0,DIRECT,1.0,0.0,10,0.07315186925
2488,763284,1.89313,-3.67736,-2.01565,DSB+,3,1,1,DIRECT,1.0,0.0,5,0.235089100089
2489,763284,1.897204,-3.677799,-2.014981,DSB,2,0,0,DIRECT,1.0,0.0,5,0.23508920301
2490,763332,-3.49427,1.08351,-1.508,DSB+,3,0,0,DIRECT,1.0,0.0,20,0.99081888535
2491,763864,-3.31651,-1.05129,-2.57436,DSB+,3,0,0,DIRECT,1.0,0.0,8,0.7652619605
2492,763864,-3.312103,-1.050188,-2.179951,DSB,2,0,0,DIRECT,1.0,0.0,12,0.117570269336
2493,763892,-3.40297,-2.63633,-1.23906,DSB,2,0,0,DIRECT,1.0,0.0,3,0.322496943467
2494,764452,-3.46694,1.38419,1.504,DSB,2,1,1,DIRECT,1.0,0.0,20,0.509847225958
2495,764593,-3.34261,-2.0451,1.2911,DSB,2,0,0,DIRECT,1.0,0.0,3,0.237329710627
2496,764593,-3.33479,-1.924923,1.354619,DSB,2,0,0,DIRECT,1.0,0.0,3,0.237409418231
2497,765058,1.3147,-0.894007,3.51652,DSB,2,0,0,DIRECT,1.0,0.0,7,0.304305693197
2498,765158,-3.94955,-0.284874,-1.63311,DSB+,3,0,0,DIRECT,1.0,0.0,12,0.533612676975
2499,765689,1.09308,-4.29729,0.438043,DSB,2,0,0,DIRECT,1.0,0.0,1,0.424831779678
2500,765695,-1.35647,-3.37248,-2.11222,DSB,2,0,0,DIRECT,1.0,0.0,3,0.426420137252
2501,766227,0.243193,2.84955,-0.804363,DSB,2,2,1,DIRECT,1.0,0.0,37,0.827415884446
2502,766243,-3.54618,0.210137,0.0272455,DSB,2,0,0,DIRECT,1.0,0.0,12,0.903148319166
2503,766384,-0.887077,0.875039,-2.00334,DSB,2,0,0,DIRECT,1.0,0.0,23,0.373919278627
2504,766960,-0.505279,-0.799492,3.7612,DSB,2,1,1,DIRECT,1.0,0.0,7,0.141769777691
2505,767377,3.372131,-1.567706,1.549454,DSB,2,0,0,DIRECT,1.0,0.0,10,0.248371105459
2506,767525,0.458271,3.34441,1.59408,DSB,2,1,1,DIRECT,1.0,0.0,39,0.971541018388
2507,767619,-0.968403,1.87773,-2.95486,DSB,2,1,1,DIRECT,1.0,0.0,33,0.59430025769
2508,767813,0.601712,-0.0742304,0.0181449,DSB,2,1,1,DIRECT,1.0,0.0,16,0.704748416806
2509,767973,1.16033,-0.57456,-1.52546,DSB+,3,0,0,DIRECT,1.0,0.0,15,0.636916314399
2510,768355,-1.08992,-2.63107,2.50205,DSB,2,1,1,DIRECT,1.0,0.0,2,0.230433461011
2511,768768,0.306025,-1.97329,-3.22786,DSB,2,0,0,DIRECT,1.0,0.0,8,0.929899092946
2512,769351,3.85125,-1.31183,-1.21462,DSB,2,1,1,DIRECT,1.0,0.0,10,0.900116749716
2513,769351,3.743067,-0.798521,-1.126329,DSB,2,0,0,DIRECT,1.0,0.0,18,0.008194394461
2514,769398,-1.6775,3.56975,0.729908,DSB,2,0,0,DIRECT,1.0,0.0,39,0.811024391011
