dsb_id,event_id,x_um,y_um,z_um,complexity,n_backbone_breaks,n_base_damage,has_base_damage_in_cluster,cause,direct_fraction,indirect_fraction,chromosome,chromosome_position
0,0,-0.052066,0.010288,-0.535246,DSB,2,0,0,DIRECT,1.0,0.0,16,0.766516115897
1,2,-0.0566273,0.0775107,1.32729,DSB,2,0,0,DIRECT,1.0,0.0,13,0.828521037296
2,3,0.029376,-0.032922,1.012155,DSB,2,1,1,DIRECT,1.0,0.0,13,0.903780385871
3,3,-0.264601,0.10174,3.051751,DSB,2,0,0,DIRECT,1.0,0.0,13,0.561458657242
4,5,-0.001856,-0.040281,-2.005127,DSB,2,2,1,DIRECT,1.0,0.0,18,0.424708012855
5,6,0.051298,-0.01363,-3.32358,DSB,2,0,0,DIRECT,1.0,0.0,18,0.699889328747
6,8,-0.105728,0.03052,-0.013315,DSB,2,0,0,DIRECT,1.0,0.0,16,0.679527559899
7,10,-0.023962,-0.00073,-4.043368,DSB,2,0,0,DIRECT,1.0,0.0,18,0.782945586401
8,11,0.165643,0.141224,-2.110431,DSB,2,2,1,DIRECT,1.0,0.0,18,0.50314605425
9,14,-0.0151022,-0.0591087,0.775212,DSB+,3,0,0,DIRECT,1.0,0.0,13,0.918306552774
10,14,-0.030212,-0.061487,-1.679948,DSB,2,1,1,DIRECT,1.0,0.0,15,0.627525442276
11,15,0.020454,-0.027055,-2.15053,DSB,2,1,1,DIRECT,1.0,0.0,18,0.425468560381
12,15,0.011598,-0.02223,-4.336806,DSB,2,0,0,DIRECT,1.0,0.0,18,0.792533449668
13,17,-2.36333e-05,-0.276499,1.08314,DSB+,3,0,0,DIRECT,1.0,0.0,13,0.399913755643
14,18,0.0807944,-0.019843,0.614929,DSB+,3,0,0,DIRECT,1.0,0.0,13,0.993710224622
15,22,0.071357,0.076521,4.111621,DSB+,3,0,0,DIRECT,1.0,0.0,17,0.035587294148
16,25,0.011205,0.076239,-3.506737,DSB,2,1,1,DIRECT,1.0,0.0,18,0.700434692244
17,28,0.044403,-0.0548,-2.004239,DSB+,3,0,0,DIRECT,1.0,0.0,18,0.424756206601
18,30,-0.307974,-0.127224,2.81329,DSB,2,0,0,DIRECT,1.0,0.0,13,0.309357802061
19,30,0.095853,-0.020816,-0.981862,DSB,2,0,0,DIRECT,1.0,0.0,16,0.852018880459
20,39,-0.022438,0.053548,-3.509585,DSB,2,0,0,DIRECT,1.0,0.0,18,0.70040200977
21,42,-0.010021,-0.070487,-2.187735,DSB,2,2,1,DIRECT,1.0,0.0,18,0.425089371152
22,45,-0.0548283,-0.0679929,2.07512,DSB,2,0,0,DIRECT,1.0,0.0,13,0.474421857516
23,45,0.003798,-0.025531,-0.921733,DSB+,3,1,1,DIRECT,1.0,0.0,16,0.796252986906
24,47,0.052416,0.070016,-2.90829,DSB+,4,0,0,DIRECT,1.0,0.0,18,0.607465448362
25,50,0.020236,-0.252263,-0.753569,DSB,2,0,0,DIRECT,1.0,0.0,16,0.385926831522
26,52,0.086071,0.164184,-4.22346,DSB,2,0,0,DIRECT,1.0,0.0,18,0.885635515792
27,53,0.056179,-0.071126,-1.446447,DSB,2,0,0,DIRECT,1.0,0.0,16,0.882907156787
28,55,0.00032323,-0.0768373,3.65414,DSB,2,0,0,DIRECT,1.0,0.0,13,0.196217022859
29,63,-0.042645,-0.062342,-0.891986,DSB+,3,1,1,DIRECT,1.0,0.0,16,0.797489097124
30,64,-0.027972,0.057796,3.403617,DSB,2,0,0,DIRECT,1.0,0.0,13,0.260706296478
31,65,0.043145,0.002381,-0.680524,DSB,2,0,0,DIRECT,1.0,0.0,16,0.79799663002
32,65,0.041327,-0.015034,-2.4961,DSB+,3,1,1,DIRECT,1.0,0.0,18,0.404580421483
33,68,0.042867,-0.092534,3.480643,DSB,2,1,1,DIRECT,1.0,0.0,13,0.258719955733
34,68,0.047076,-0.100991,-3.520418,DSB,2,0,0,DIRECT,1.0,0.0,18,0.698870801704
35,73,0.143319,0.111014,-1.063477,DSB,2,0,0,DIRECT,1.0,0.0,23,0.035877454741
36,74,0.059668,0.073669,-0.321434,DSB+,3,0,0,DIRECT,1.0,0.0,16,0.710731624502
37,76,-0.00319,0.065279,4.034117,DSB,2,0,0,DIRECT,1.0,0.0,17,0.037834531551
38,77,-0.01541,0.00952,-4.043473,DSB,2,0,0,DIRECT,1.0,0.0,18,0.782944163605
39,79,0.017029,-0.027315,-3.079734,DSB+,3,0,0,DIRECT,1.0,0.0,18,0.621449020642
40,82,0.042961,0.037333,0.764523,DSB,2,0,0,DIRECT,1.0,0.0,13,0.918191712122
41,84,0.099783,-0.024656,-0.428636,DSB+,3,1,1,DIRECT,1.0,0.0,16,0.764452137178
42,84,0.082661,-0.000535,3.9573,DSB+,3,0,0,DIRECT,1.0,0.0,17,0.036176827108
43,86,0.433501,0.306512,2.74161,DSB,2,0,0,DIRECT,1.0,0.0,17,0.188435091185
44,86,0.001974,-0.039108,-2.148348,DSB,2,1,1,DIRECT,1.0,0.0,18,0.425458412494
45,87,0.0395719,-0.0194748,0.898215,DSB,2,0,0,DIRECT,1.0,0.0,13,0.917493361794
46,87,0.006225,-0.009777,-1.033112,DSB+,3,0,0,DIRECT,1.0,0.0,16,0.850944451588
47,89,0.0195684,-0.00791933,3.63529,DSB,2,0,0,DIRECT,1.0,0.0,13,0.196282586297
48,90,-0.021652,-0.35198,3.29153,DSB,2,0,0,DIRECT,1.0,0.0,7,0.717124294704
49,97,0.048255,0.087211,-4.064346,DSB,2,2,1,DIRECT,1.0,0.0,18,0.884827339454
50,102,0.015069,0.06911,4.185493,DSB+,3,1,1,DIRECT,1.0,0.0,17,0.037111667211
51,105,-0.0306354,0.112102,3.41042,DSB+,3,0,0,DIRECT,1.0,0.0,13,0.260736523858
52,106,-0.027021,0.073072,-3.09232,DSB+,3,0,0,DIRECT,1.0,0.0,18,0.62137456793
53,111,-0.338216,0.027286,-0.703968,DSB,2,0,0,DIRECT,1.0,0.0,16,0.762032897486
54,112,-0.069205,0.039271,2.765047,DSB+,3,0,0,DIRECT,1.0,0.0,13,0.553716484293
55,112,-0.065115,0.057515,-3.070013,DSB+,3,0,0,DIRECT,1.0,0.0,18,0.622683436137
56,112,-0.070013,0.040149,-4.060238,DSB,2,0,0,DIRECT,1.0,0.0,18,0.783650958714
57,114,-0.036831,0.012438,-0.641306,DSB,2,2,1,DIRECT,1.0,0.0,16,0.764911002261
58,115,0.0906782,-0.0488395,0.456027,DSB+,3,0,0,DIRECT,1.0,0.0,13,0.993902631031
59,115,0.090314,-0.044298,3.392797,DSB,2,0,0,DIRECT,1.0,0.0,13,0.258806440137
60,118,-0.031757,0.005741,-4.084233,DSB,2,0,0,DIRECT,1.0,0.0,18,0.782902177158
61,119,-0.002876,0.014891,-2.073467,DSB,2,0,0,DIRECT,1.0,0.0,18,0.424519910782
62,119,-0.004577,0.012335,-2.070399,DSB,2,0,0,DIRECT,1.0,0.0,18,0.424520057247
63,121,-0.384076,0.051728,-0.40381,DSB+,3,0,0,DIRECT,1.0,0.0,16,0.713696671006
64,122,-0.097132,0.055409,-0.478663,DSB+,3,0,0,DIRECT,1.0,0.0,16,0.76557611788
65,122,-0.105053,-0.2569,-4.032153,DSB+,4,0,0,DIRECT,1.0,0.0,18,0.138637755999
66,124,-0.46549,-0.547667,-4.07154,DSB,2,0,0,DIRECT,1.0,0.0,15,0.917207410473
67,125,-0.0211028,-0.0650959,1.00857,DSB+,3,0,0,DIRECT,1.0,0.0,13,0.903929479296
68,127,0.038883,-0.007424,-3.434622,DSB,2,0,0,DIRECT,1.0,0.0,18,0.700634602133
69,131,-0.044787,0.091492,-2.869582,DSB,2,1,1,DIRECT,1.0,0.0,18,0.608600344819
70,136,-0.000967,-0.00564,-3.209854,DSB,2,0,0,DIRECT,1.0,0.0,18,0.62217405405
71,137,-0.0538835,-0.0302179,3.40939,DSB+,3,2,1,DIRECT,1.0,0.0,13,0.260631038859
72,137,-0.041905,-0.028323,-2.198059,DSB,2,0,0,DIRECT,1.0,0.0,18,0.425205531331
73,138,0.214309,0.109053,1.556827,DSB+,3,0,0,DIRECT,1.0,0.0,13,0.826120671933
74,140,-0.0567483,-0.0615151,0.693014,DSB,2,0,0,DIRECT,1.0,0.0,13,0.917052408896
75,143,0.034416,0.0435,-3.289421,DSB,2,1,1,DIRECT,1.0,0.0,18,0.701073283787
76,146,-0.000665,-0.057408,-2.217276,DSB,2,0,0,DIRECT,1.0,0.0,18,0.423843949906
77,147,-0.0487048,-0.0408964,0.632313,DSB,2,0,0,DIRECT,1.0,0.0,13,0.994653145285
78,148,-0.126965,0.0740387,1.87705,DSB+,3,0,0,DIRECT,1.0,0.0,13,0.430808697804
79,148,-0.096206,0.013938,-1.408091,DSB,2,0,0,DIRECT,1.0,0.0,16,0.886034828929
80,149,-0.222792,-0.114515,-0.251465,DSB,2,0,0,DIRECT,1.0,0.0,16,0.465184444784
81,150,0.00265339,0.0255841,4.46307,DSB,2,0,0,DIRECT,1.0,0.0,7,0.845715748209
82,151,0.099572,0.008002,-0.567071,DSB,2,0,0,DIRECT,1.0,0.0,16,0.765186440519
83,154,-0.010015,-0.044352,0.408316,DSB,2,0,0,DIRECT,1.0,0.0,13,0.992906229265
84,155,-0.008886,0.052529,-3.008967,DSB+,4,0,0,DIRECT,1.0,0.0,18,0.622983283535
85,158,0.068989,-0.045751,-4.536903,DSB+,4,1,1,DIRECT,1.0,0.0,18,0.876309816738
86,159,0.014122,-0.043607,-3.347497,DSB,2,0,0,DIRECT,1.0,0.0,18,0.699506150108
87,159,0.011264,-0.045968,-1.877701,DSB+,3,1,1,DIRECT,1.0,0.0,22,0.004031321122
88,160,0.000215,-0.040157,-3.849173,DSB,2,2,1,DIRECT,1.0,0.0,18,0.710384824619
89,161,-0.029948,-0.049018,-3.717582,DSB+,3,0,0,DIRECT,1.0,0.0,18,0.710354429779
90,162,-0.015739,-0.047184,-1.949553,DSB,2,0,0,DIRECT,1.0,0.0,22,0.003766632616
91,164,-0.030917,0.04102,-1.847221,DSB,2,0,0,DIRECT,1.0,0.0,22,0.005596598681
92,165,-0.073373,-0.017338,-0.685367,DSB,2,2,1,DIRECT,1.0,0.0,16,0.798124243228
93,165,-0.066882,-0.019128,-3.59083,DSB,2,0,0,DIRECT,1.0,0.0,18,0.701687443681
94,166,-0.0617537,0.103171,2.50492,DSB+,3,1,1,DIRECT,1.0,0.0,13,0.481948831959
95,166,-0.062352,0.102894,1.085351,DSB+,3,0,0,DIRECT,1.0,0.0,13,0.905546924144
96,168,-0.002686,0.030595,-3.493169,DSB,2,0,0,DIRECT,1.0,0.0,18,0.700385619712
97,169,-0.0227178,0.0239557,2.10491,DSB,2,0,0,DIRECT,1.0,0.0,13,0.474750234815
98,174,-0.0273872,0.0243259,2.62986,DSB,2,1,1,DIRECT,1.0,0.0,13,0.553916602962
99,174,-0.023611,0.025714,-3.516004,DSB,2,0,0,DIRECT,1.0,0.0,18,0.70037828952
100,178,0.01317,-0.029616,-0.919384,DSB,2,0,0,DIRECT,1.0,0.0,16,0.796254775031
101,178,-0.205364,0.222858,-2.480709,DSB,2,1,1,DIRECT,1.0,0.0,18,0.522094977249
102,180,-0.106945,0.00898218,1.28467,DSB,2,1,1,DIRECT,1.0,0.0,13,0.828190838107
103,180,0.025896,0.058318,1.025833,DSB,2,0,0,DIRECT,1.0,0.0,13,0.904295654668
104,181,0.064349,-0.224923,2.711644,DSB,2,1,1,DIRECT,1.0,0.0,13,0.311349140695
105,181,-0.019618,0.013159,-2.911791,DSB,2,1,1,DIRECT,1.0,0.0,18,0.607073119189
106,183,-0.058653,-0.028642,-1.423937,DSB+,3,1,1,DIRECT,1.0,0.0,16,0.885324856146
107,185,-0.003121,-0.0298,-1.940219,DSB,2,0,0,DIRECT,1.0,0.0,22,0.00378177368
108,187,-0.018393,0.031492,-0.886601,DSB,2,1,1,DIRECT,1.0,0.0,16,0.797576367012
109,189,0.0204707,0.0290024,0.638623,DSB,2,0,0,DIRECT,1.0,0.0,13,0.994542465436
110,190,-0.037489,-0.032821,-0.313555,DSB,2,0,0,DIRECT,1.0,0.0,16,0.710773742553
111,190,-1.716516,1.108574,2.400843,DSB+,4,0,0,DIRECT,1.0,0.0,17,0.52002544295
112,190,-0.03621,-0.031827,-2.755082,DSB,2,0,0,DIRECT,1.0,0.0,18,0.321382170127
113,190,-0.498881,0.53548,-4.404681,DSB,2,0,0,DIRECT,1.0,0.0,22,0.662485528315
114,192,0.063431,-0.060708,-3.53354,DSB+,3,2,1,DIRECT,1.0,0.0,18,0.69890708999
115,192,0.063214,-0.061387,-2.761008,DSB,2,0,0,DIRECT,1.0,0.0,18,0.324791434765
116,193,-0.022808,-0.023401,-0.751042,DSB+,3,0,0,DIRECT,1.0,0.0,16,0.796829292304
117,195,-0.074272,0.121515,-1.792959,DSB+,3,3,1,DIRECT,1.0,0.0,22,0.004615434427
118,196,-0.0231,-0.006463,-3.339174,DSB,2,0,0,DIRECT,1.0,0.0,18,0.6998150225
119,197,2.51022,-2.5671,0.624606,DSB,2,0,0,DIRECT,1.0,0.0,5,0.975666265765
120,198,-0.0618045,0.0280438,3.79716,DSB,2,0,0,DIRECT,1.0,0.0,13,0.19688402559
121,201,-0.022158,0.08953,-3.242105,DSB,2,0,0,DIRECT,1.0,0.0,18,0.622123656364
122,202,0.008143,-0.041034,-1.03567,DSB+,3,0,0,DIRECT,1.0,0.0,16,0.850918955735
123,202,0.056896,-0.047324,-3.601498,DSB+,3,0,0,DIRECT,1.0,0.0,18,0.715833549543
124,203,-0.080359,0.106709,3.69637,DSB,2,0,0,DIRECT,1.0,0.0,13,0.198019168012
125,207,-0.106397,-0.0480441,2.33355,DSB,2,0,0,DIRECT,1.0,0.0,13,0.48120333406
126,211,-0.00772,0.00724,-2.934887,DSB,2,0,0,DIRECT,1.0,0.0,18,0.607079131201
127,211,-0.005361,0.003741,-2.937923,DSB,2,0,0,DIRECT,1.0,0.0,18,0.60708010763
128,212,-0.053492,0.023767,-3.066427,DSB,2,0,0,DIRECT,1.0,0.0,18,0.622574850258
129,214,-0.016572,-0.040018,-1.153233,DSB,2,1,1,DIRECT,1.0,0.0,16,0.851609527024
130,214,-0.009829,-0.070593,-0.785259,DSB,2,0,0,DIRECT,1.0,0.0,16,0.795505878713
131,215,-0.061876,-0.022954,-2.738198,DSB,2,0,0,DIRECT,1.0,0.0,18,0.321399257635
132,220,-0.0630278,-0.033546,0.737431,DSB+,4,1,1,MIXED,1.0,0.0,13,0.918256918568
133,221,0.0853524,0.00803224,1.77477,DSB+,3,0,0,DIRECT,1.0,0.0,13,0.429786174067
134,224,-0.004221,-0.0222,-0.660253,DSB+,3,0,0,DIRECT,1.0,0.0,16,0.798185782864
135,225,-0.059592,-0.026615,-2.754018,DSB,2,0,0,DIRECT,1.0,0.0,18,0.321386856987
136,227,-0.0719278,-0.0678464,1.97623,DSB,2,1,1,DIRECT,1.0,0.0,13,0.47320180638
137,228,-0.00625764,0.0530746,3.51669,DSB,2,0,0,DIRECT,1.0,0.0,13,0.26006149496
138,228,0.002086,0.075033,-3.378482,DSB,2,1,1,DIRECT,1.0,0.0,18,0.699697488346
139,229,-1.02725,-1.72322,-1.16789,DSB+,3,3,1,DIRECT,1.0,0.0,8,0.166241857839
140,230,-0.00821791,0.0134767,1.17373,DSB,2,0,0,DIRECT,1.0,0.0,13,0.903603403981
141,231,-0.047148,-0.013212,-2.309481,DSB+,3,0,0,DIRECT,1.0,0.0,18,0.405233157297
142,235,-0.014756,0.011196,-2.060643,DSB,2,0,0,DIRECT,1.0,0.0,18,0.424509958181
143,235,0.467314,-0.189502,-4.450215,DSB,2,0,0,DIRECT,1.0,0.0,18,0.83430394561
144,236,-1.663609,0.296827,0.901557,DSB,2,1,1,DIRECT,1.0,0.0,13,0.84131181656
145,236,0.086716,0.050315,-0.845621,DSB,2,0,0,DIRECT,1.0,0.0,16,0.797877126998
146,242,-0.148763,0.0387717,2.29565,DSB,2,0,0,DIRECT,1.0,0.0,13,0.481109475923
147,242,-0.145213,0.04446,2.294357,DSB,2,0,0,DIRECT,1.0,0.0,13,0.481120715018
148,243,-0.051278,0.008252,-4.026073,DSB+,3,1,1,DIRECT,1.0,0.0,18,0.782962750628
149,245,0.040038,0.040946,3.849111,DSB,2,0,0,DIRECT,1.0,0.0,17,0.019259573886
150,246,0.024733,0.100371,4.196947,DSB,2,0,0,DIRECT,1.0,0.0,17,0.038318805465
151,247,0.081321,-0.083299,-2.630312,DSB,2,0,0,DIRECT,1.0,0.0,18,0.324035615945
152,248,0.046198,-0.008277,-0.401578,DSB+,3,0,0,DIRECT,1.0,0.0,16,0.765330508497
153,249,-0.044578,-0.064463,-1.473508,DSB,2,0,0,DIRECT,1.0,0.0,16,0.885268674189
154,252,0.365501,0.006047,-0.762564,DSB+,3,0,0,DIRECT,1.0,0.0,16,0.795032936329
155,253,0.048537,-0.017074,-3.320586,DSB,2,0,0,DIRECT,1.0,0.0,18,0.699890081992
156,254,-0.0791732,-0.0721837,4.34072,DSB,2,0,0,DIRECT,1.0,0.0,7,0.845436375835
157,256,0.021051,0.000447,-2.076297,DSB,2,0,0,DIRECT,1.0,0.0,18,0.423175514508
158,257,0.0133479,-0.0878897,4.55764,DSB+,4,1,1,DIRECT,1.0,0.0,7,0.845093374692
159,257,0.566137,-1.295014,1.202409,DSB,2,2,1,DIRECT,1.0,0.0,11,0.345327269377
160,257,0.015809,-0.076702,-4.329182,DSB,2,1,1,DIRECT,1.0,0.0,18,0.791825127145
161,258,-0.001603,0.026484,3.640669,DSB+,3,1,1,DIRECT,1.0,0.0,13,0.196734587483
162,258,1.36185,0.006187,4.432867,DSB,2,0,0,DIRECT,1.0,0.0,17,0.025549590039
163,261,0.102159,-0.0148112,1.84037,DSB+,3,2,1,MIXED,1.0,0.0,13,0.429211410697
164,265,0.0119702,0.0237839,1.95015,DSB+,3,0,0,DIRECT,1.0,0.0,13,0.430584051318
165,265,0.046274,0.037197,-1.445602,DSB,2,0,0,DIRECT,1.0,0.0,23,0.003367216032
166,267,-0.077309,0.040075,-3.561927,DSB+,3,1,1,DIRECT,1.0,0.0,18,0.701513053461
167,268,-0.480319,-0.107792,-0.324342,DSB+,3,0,0,DIRECT,1.0,0.0,16,0.46103210321
168,268,-0.051514,0.067417,-1.306917,DSB+,3,2,1,DIRECT,1.0,0.0,23,0.038270001877
169,269,0.020478,0.015887,-2.333348,DSB,2,0,0,DIRECT,1.0,0.0,18,0.403943761874
170,270,-0.036814,0.037583,-0.893543,DSB+,3,0,0,DIRECT,1.0,0.0,16,0.797580023627
171,273,0.004705,0.029127,-3.509212,DSB,2,0,0,DIRECT,1.0,0.0,18,0.700383171665
172,274,-1.72847,0.217495,2.64015,DSB+,4,0,0,DIRECT,1.0,0.0,13,0.278968299105
173,274,-1.716563,0.230834,2.636611,DSB,2,0,0,DIRECT,1.0,0.0,13,0.278348105419
174,274,-1.756567,0.171328,2.671349,DSB,2,0,0,DIRECT,1.0,0.0,13,0.278916670667
175,274,-1.750349,0.194742,2.664303,DSB,2,0,0,DIRECT,1.0,0.0,13,0.278938718005
176,276,-0.883017,0.573705,-3.503841,DSB+,3,0,0,DIRECT,1.0,0.0,22,0.1103177368
177,277,-0.0397206,0.028818,2.49674,DSB,2,0,0,DIRECT,1.0,0.0,13,0.481460873055
178,280,0.049578,0.082765,0.556137,DSB+,3,0,0,DIRECT,1.0,0.0,13,0.994471036249
179,280,0.051356,0.084202,-0.569,DSB,2,2,1,DIRECT,1.0,0.0,16,0.766117142964
180,280,0.052403,0.083204,-1.593665,DSB,2,0,0,DIRECT,1.0,0.0,23,0.004189468208
181,286,-0.024134,-0.068203,-1.732793,DSB+,3,1,1,DIRECT,1.0,0.0,15,0.627476258787
182,287,0.0273547,0.0966812,2.85671,DSB,2,0,0,DIRECT,1.0,0.0,13,0.55754815392
183,289,-0.026307,0.065946,-4.086656,DSB,2,0,0,DIRECT,1.0,0.0,18,0.884765852325
184,293,0.031145,0.048355,-3.802804,DSB,2,1,1,DIRECT,1.0,0.0,18,0.715329614534
185,294,-0.0274171,0.0998088,3.42123,DSB,2,0,0,DIRECT,1.0,0.0,13,0.260744562334
186,294,-0.016686,0.113051,4.17699,DSB,2,0,0,DIRECT,1.0,0.0,17,0.038267417401
187,294,-0.004078,0.102767,-4.410579,DSB,2,0,0,DIRECT,1.0,0.0,18,0.875810833619
188,296,0.022905,0.041789,-3.299415,DSB+,3,0,0,DIRECT,1.0,0.0,18,0.701062787175
189,298,-0.020782,0.014314,-0.751381,DSB,2,0,0,DIRECT,1.0,0.0,16,0.796854808249
190,300,0.009206,-0.025183,-2.132335,DSB+,3,0,0,DIRECT,1.0,0.0,18,0.425462206618
191,302,0.0373951,0.00147282,3.38391,DSB,2,1,1,DIRECT,1.0,0.0,13,0.259440051801
192,307,0.046087,0.018832,-3.946146,DSB,2,0,0,DIRECT,1.0,0.0,18,0.781062166445
193,308,0.1203,-0.019623,-2.160787,DSB,2,3,1,DIRECT,1.0,0.0,18,0.425018663743
194,308,-0.429021,1.223476,-3.210739,DSB,2,0,0,DIRECT,1.0,0.0,22,0.87298307344
195,308,-0.425056,1.230481,-3.209545,DSB,2,0,0,DIRECT,1.0,0.0,22,0.872995464229
196,309,-0.095408,0.187802,-0.076778,DSB,2,1,1,DIRECT,1.0,0.0,16,0.712787486338
197,309,-0.123646,0.070845,-1.445456,DSB,2,0,0,DIRECT,1.0,0.0,23,0.004501203815
198,310,0.019402,0.185361,-1.45867,DSB,2,2,1,DIRECT,1.0,0.0,23,0.004477777827
199,310,0.008381,0.183997,-1.456471,DSB,2,0,0,DIRECT,1.0,0.0,23,0.004474622339
200,312,0.028718,-0.103853,-0.592733,DSB+,3,1,1,DIRECT,1.0,0.0,16,0.764761268538
201,319,-0.083924,0.050525,-3.817512,DSB,2,0,0,DIRECT,1.0,0.0,18,0.711866478913
202,322,0.00887,0.029746,-3.788508,DSB+,3,2,1,DIRECT,1.0,0.0,18,0.715313489506
203,323,1.45894,-1.89367,3.79043,DSB+,3,2,1,DIRECT,1.0,0.0,6,0.148116768166
204,323,1.905352,-1.835895,3.55054,DSB,2,0,0,DIRECT,1.0,0.0,6,0.50142675806
205,324,-0.035122,-0.030178,1.183143,DSB+,3,0,0,DIRECT,1.0,0.0,13,0.903574290663
206,325,-0.034705,-0.012076,-0.569776,DSB+,4,1,1,DIRECT,1.0,0.0,16,0.766183558088
207,327,-0.070135,-0.009515,-0.465993,DSB,2,1,1,DIRECT,1.0,0.0,16,0.764239377063
208,328,-0.012703,0.040819,-4.378484,DSB,2,0,0,DIRECT,1.0,0.0,18,0.877038260673
209,329,-0.128801,-0.020141,-2.503713,DSB+,3,0,0,DIRECT,1.0,0.0,18,0.407788541745
210,331,0.203302,-1.496253,-3.344181,DSB,2,0,0,DIRECT,1.0,0.0,9,0.67799980211
211,331,0.012992,0.028684,-3.246168,DSB+,3,0,0,DIRECT,1.0,0.0,18,0.622007370644
212,331,-0.116606,0.120019,-2.906799,DSB,2,0,0,DIRECT,1.0,0.0,18,0.608519629013
213,332,0.011147,0.050349,4.301876,DSB,2,1,1,DIRECT,1.0,0.0,17,0.039316171896
214,332,-0.010408,0.00814,-3.610565,DSB+,3,1,1,DIRECT,1.0,0.0,18,0.7158795254
215,333,-0.023177,-0.038056,-3.822165,DSB,2,0,0,DIRECT,1.0,0.0,18,0.71042580674
216,335,0.020312,-0.044028,-3.625952,DSB,2,0,0,DIRECT,1.0,0.0,18,0.71450700797
217,336,0.040045,0.032038,2.171635,DSB,2,0,0,DIRECT,1.0,0.0,13,0.473703823385
218,336,2.317861,-1.392421,2.169555,DSB,2,1,1,DIRECT,1.0,0.0,14,0.012808462681
219,338,-0.044894,-0.019777,-4.118686,DSB,2,0,0,DIRECT,1.0,0.0,18,0.783577803258
220,339,0.0916893,0.0472278,2.58968,DSB,2,1,1,DIRECT,1.0,0.0,13,0.480280706549
221,340,0.0,-0.053694,0.755955,DSB,2,0,0,DIRECT,1.0,0.0,13,0.918313089422
222,342,-0.017611,0.006189,2.329017,DSB,2,0,0,DIRECT,1.0,0.0,13,0.481293419159
223,344,-0.035802,-0.071173,-0.598754,DSB,2,0,0,DIRECT,1.0,0.0,16,0.765033492189
224,345,0.027677,-0.017307,-1.597885,DSB,2,1,1,DIRECT,1.0,0.0,23,0.003800751996
225,347,-0.045466,0.043665,2.348646,DSB,2,0,0,DIRECT,1.0,0.0,13,0.482122588611
226,347,-0.044691,0.042983,-0.009599,DSB,2,0,0,DIRECT,1.0,0.0,16,0.679583259665
227,347,-0.030691,0.034379,-3.108664,DSB,2,0,0,DIRECT,1.0,0.0,18,0.621332169988
228,350,0.523608,0.217451,2.431037,DSB,2,0,0,DIRECT,1.0,0.0,17,0.144073878013
229,351,0.125444,0.287461,-0.874321,DSB,2,1,1,DIRECT,1.0,0.0,23,0.046488001017
230,359,0.074163,0.050256,-1.598573,DSB,2,0,0,DIRECT,1.0,0.0,23,0.003633784561
231,360,-0.045593,-0.017592,-0.666523,DSB,2,0,0,DIRECT,1.0,0.0,16,0.798149899811
232,362,-0.200884,-0.0317978,0.647989,DSB,2,1,1,DIRECT,1.0,0.0,13,0.919477542122
233,362,-0.080026,-0.014739,0.685371,DSB,2,0,0,DIRECT,1.0,0.0,13,0.917150317046
234,362,-0.076877,-0.023094,-3.839176,DSB,2,0,0,DIRECT,1.0,0.0,18,0.712018181108
235,363,-0.013708,-0.062707,-1.748976,DSB+,3,0,0,DIRECT,1.0,0.0,22,0.003232133399
236,364,0.065856,-0.086021,-4.074703,DSB+,3,0,0,DIRECT,1.0,0.0,18,0.780364849672
237,365,-0.00800946,-0.0196756,4.54156,DSB+,3,0,0,DIRECT,1.0,0.0,7,0.845813065502
238,365,-0.001587,-0.016197,-3.079448,DSB,2,1,1,DIRECT,1.0,0.0,18,0.621422336232
239,367,-0.080188,0.026477,-0.729425,DSB,2,1,1,DIRECT,1.0,0.0,16,0.796923071771
240,368,0.024321,0.134227,-1.850577,DSB,2,1,1,DIRECT,1.0,0.0,22,0.005688070791
241,369,-0.0128872,0.0975815,3.70286,DSB,2,0,0,DIRECT,1.0,0.0,13,0.196794525219
242,370,-0.042343,-0.037263,-4.119014,DSB,2,0,0,DIRECT,1.0,0.0,18,0.783564719109
243,372,0.07584,0.160372,-1.245205,DSB,2,0,0,DIRECT,1.0,0.0,23,0.036726576599
244,373,-0.023202,0.026824,3.395595,DSB,2,0,0,DIRECT,1.0,0.0,13,0.260682014863
245,375,-0.118246,0.39727,3.008202,DSB+,3,0,0,DIRECT,1.0,0.0,17,0.201387317303
246,379,-0.0162759,-0.0327006,3.25308,DSB+,3,2,1,DIRECT,1.0,0.0,13,0.263462613699
247,380,0.0057278,-0.0217715,2.20362,DSB,2,0,0,DIRECT,1.0,0.0,13,0.473644858145
248,380,0.001228,-0.018812,-2.481607,DSB+,3,0,0,DIRECT,1.0,0.0,18,0.404640004575
249,380,-0.001849,-0.021291,-2.484407,DSB,2,0,0,DIRECT,1.0,0.0,18,0.404639718621
250,381,0.357766,0.530884,-0.613465,DSB,2,0,0,DIRECT,1.0,0.0,23,0.259218200145
251,383,0.045456,0.049277,2.090992,DSB+,3,0,0,DIRECT,1.0,0.0,13,0.473552680333
252,383,0.045825,0.04815,-1.454285,DSB,2,0,0,DIRECT,1.0,0.0,23,0.003379431539
253,387,-0.0241219,0.0797658,3.70354,DSB+,3,1,1,DIRECT,1.0,0.0,13,0.196797842783
254,387,-0.007361,0.353587,-0.330715,DSB,2,1,1,DIRECT,1.0,0.0,23,0.083727872787
255,388,0.223926,0.210682,3.066994,DSB+,3,1,1,DIRECT,1.0,0.0,17,0.088057673477
256,393,-0.950194,0.917314,-1.835438,DSB+,3,0,0,DIRECT,1.0,0.0,23,0.374652962833
257,394,-0.0316327,0.0217582,2.6191,DSB,2,0,0,DIRECT,1.0,0.0,13,0.55391530425
258,394,-0.031264,0.022898,-3.041127,DSB,2,0,0,DIRECT,1.0,0.0,18,0.622605105608
259,396,0.0200575,0.0257181,2.19049,DSB,2,0,0,DIRECT,1.0,0.0,13,0.473688885114
260,398,0.042578,-0.080662,-3.210363,DSB,2,0,0,DIRECT,1.0,0.0,18,0.621863884402
261,402,0.080279,0.071212,-3.186642,DSB,2,3,1,DIRECT,1.0,0.0,18,0.623233298182
262,404,0.065011,0.025618,0.999733,DSB,2,1,1,DIRECT,1.0,0.0,13,0.903839394197
263,405,-0.0644802,-0.0661484,3.52583,DSB+,3,0,0,DIRECT,1.0,0.0,13,0.25997744795
264,405,-0.077058,-0.066017,0.846262,DSB,2,0,0,DIRECT,1.0,0.0,13,0.916456281398
265,408,-0.076522,0.151302,2.625143,DSB,2,0,0,DIRECT,1.0,0.0,13,0.55445289736
266,413,-0.033956,0.063127,0.933382,DSB,2,0,0,DIRECT,1.0,0.0,13,0.918786639388
267,413,0.024342,0.04902,-3.779308,DSB,2,0,0,DIRECT,1.0,0.0,18,0.7153225145
268,416,0.038961,-0.018514,-3.399011,DSB+,4,0,0,DIRECT,1.0,0.0,18,0.698281331514
269,419,0.0804572,-0.0796976,4.13137,DSB+,4,0,0,DIRECT,1.0,0.0,7,0.808800917588
270,423,0.085364,0.000119,3.69556,DSB,2,0,0,DIRECT,1.0,0.0,17,0.019895445377
271,425,-0.10909,0.038084,-3.691852,DSB,2,0,0,DIRECT,1.0,0.0,18,0.711819687041
272,426,-0.051725,0.068331,-3.228655,DSB+,3,0,0,DIRECT,1.0,0.0,18,0.622091992166
273,427,0.061328,-0.0083,-3.800057,DSB,2,0,0,DIRECT,1.0,0.0,18,0.715216634723
274,428,0.022039,-0.097988,0.878346,DSB+,3,0,0,DIRECT,1.0,0.0,13,0.916620651621
275,430,0.013062,-0.002238,1.184722,DSB,2,0,0,DIRECT,1.0,0.0,13,0.903589339725
276,438,0.00568398,0.0827893,2.41787,DSB,2,1,1,DIRECT,1.0,0.0,13,0.480787333676
277,438,-0.044246,-0.031449,-3.979963,DSB,2,0,0,DIRECT,1.0,0.0,18,0.782839141691
278,443,0.0341582,-0.000659579,0.650582,DSB,2,0,0,DIRECT,1.0,0.0,13,0.994517291341
279,444,0.010917,-0.006539,-2.332636,DSB,2,1,1,DIRECT,1.0,0.0,18,0.403919114016
280,446,-0.0924791,-0.0578154,4.2268,DSB,2,1,1,DIRECT,1.0,0.0,7,0.809103531363
281,448,-0.00772,-0.020958,-0.413343,DSB,2,0,0,DIRECT,1.0,0.0,16,0.765506856489
282,450,-0.020686,0.083384,-4.40073,DSB,2,0,0,DIRECT,1.0,0.0,18,0.875788780273
283,454,0.050955,-0.01287,2.040659,DSB+,3,0,0,DIRECT,1.0,0.0,13,0.473502455244
284,458,0.017782,-0.067682,-1.197415,DSB,2,0,0,DIRECT,1.0,0.0,16,0.851536508562
285,459,-0.009512,-0.077677,3.380916,DSB,2,0,0,DIRECT,1.0,0.0,13,0.260166826082
286,460,0.075561,-0.054434,-0.438097,DSB,2,0,0,DIRECT,1.0,0.0,16,0.764422321696
287,460,-1.062621,0.286615,-1.952813,DSB,2,2,1,DIRECT,1.0,0.0,19,0.414027588561
288,465,-0.006204,-0.048933,-2.450319,DSB,2,0,0,DIRECT,1.0,0.0,18,0.404596616255
289,469,-0.199843,-0.0540681,0.639049,DSB+,3,1,1,DIRECT,1.0,0.0,13,0.919468721956
290,472,-0.013572,0.095863,-0.368799,DSB,2,0,0,DIRECT,1.0,0.0,16,0.766749496378
291,473,-0.110867,0.0475169,1.34101,DSB,2,0,0,DIRECT,1.0,0.0,13,0.828508173272
292,473,-0.108395,0.048333,-0.707449,DSB,2,2,1,DIRECT,1.0,0.0,16,0.798214131681
293,474,0.03608,-0.004641,-0.411407,DSB,2,0,0,DIRECT,1.0,0.0,16,0.765333435129
294,474,0.033309,-0.004501,-3.652503,DSB+,3,1,1,DIRECT,1.0,0.0,18,0.714554071848
295,475,0.04225,-0.118958,-0.580239,DSB,2,0,0,DIRECT,1.0,0.0,16,0.764782672464
296,475,0.055909,-0.125568,-3.305871,DSB,2,0,0,DIRECT,1.0,0.0,18,0.224499412748
297,475,0.04386,-0.120675,-2.24028,DSB,2,0,0,DIRECT,1.0,0.0,18,0.423727957115
298,476,-0.0705681,-0.117714,1.43535,DSB,2,1,1,DIRECT,1.0,0.0,13,0.418084983806
299,477,0.0593141,-0.0277635,4.45246,DSB,2,0,0,DIRECT,1.0,0.0,7,0.845176077261
300,477,0.06075,-0.035846,3.358726,DSB+,3,1,1,DIRECT,1.0,0.0,13,0.259409965987
301,481,-0.15452,-2.309487,-0.98872,DSB+,3,2,1,DIRECT,1.0,0.0,5,0.898833886656
302,481,-0.094078,-0.172384,0.096646,DSB,2,0,0,DIRECT,1.0,0.0,16,0.495252648033
303,482,0.995008,1.173026,0.699222,DSB+,3,0,0,DIRECT,1.0,0.0,23,0.59805137903
304,484,0.0373471,0.0392549,3.12556,DSB,2,0,0,DIRECT,1.0,0.0,13,0.263349465681
305,484,0.039644,0.041512,0.758113,DSB,2,0,0,DIRECT,1.0,0.0,13,0.918192081424
306,487,-0.009792,-0.02356,2.335606,DSB,2,0,0,DIRECT,1.0,0.0,13,0.481261788432
307,488,0.051397,0.046265,4.454006,DSB,2,0,0,DIRECT,1.0,0.0,17,0.03861655354
308,489,-0.0814063,-0.0826025,1.21207,DSB,2,0,0,DIRECT,1.0,0.0,13,0.401146326121
309,489,-0.052482,-0.08638,2.206957,DSB,2,0,0,DIRECT,1.0,0.0,13,0.473767324886
310,489,-0.051566,-0.089295,2.337372,DSB,2,0,0,DIRECT,1.0,0.0,13,0.480948989528
311,489,-0.028618,-0.072572,-1.209862,DSB+,3,2,1,DIRECT,1.0,0.0,16,0.846926581051
312,491,-0.0938026,-0.0152243,1.03343,DSB+,3,0,0,DIRECT,1.0,0.0,13,0.904182605131
313,492,-0.026088,0.012861,-0.282428,DSB,2,0,0,DIRECT,1.0,0.0,16,0.711125427275
314,494,0.005513,0.022738,-4.57374,DSB,2,0,0,DIRECT,1.0,0.0,18,0.876414901423
315,497,-0.064467,0.0837565,2.6337,DSB,2,0,0,DIRECT,1.0,0.0,13,0.554392614942
316,498,0.004502,0.00289,-3.239922,DSB,2,0,0,DIRECT,1.0,0.0,18,0.621970287265
317,503,0.062846,-0.065322,-1.749011,DSB,2,0,0,DIRECT,1.0,0.0,22,0.0033063981
318,505,-0.0345304,-0.0266689,0.677819,DSB,2,1,1,DIRECT,1.0,0.0,13,0.917083073283
319,505,-0.025281,-0.036529,0.669466,DSB,2,0,0,DIRECT,1.0,0.0,13,0.91708088209
320,505,-0.005843,-0.045735,-2.345361,DSB,2,1,1,DIRECT,1.0,0.0,18,0.403874484236
321,510,-0.537782,-0.879504,-3.734819,DSB,2,0,0,DIRECT,1.0,0.0,15,0.307816096342
322,510,-0.06493,-0.022469,0.293673,DSB+,3,0,0,DIRECT,1.0,0.0,16,0.494267766062
323,511,-0.00933,-0.060556,-4.128374,DSB+,3,0,0,DIRECT,1.0,0.0,18,0.783063685489
324,515,-0.264588,0.134412,-0.469337,DSB,2,1,1,DIRECT,1.0,0.0,16,0.763043616862
325,520,-0.018105,-0.071683,-3.988418,DSB,2,0,0,DIRECT,1.0,0.0,18,0.782313397443
326,523,-0.003701,0.019256,3.790638,DSB,2,0,0,DIRECT,1.0,0.0,13,0.196083883286
327,523,-0.125125,0.375175,0.939073,DSB,2,0,0,DIRECT,1.0,0.0,16,0.55318235395
328,523,-0.003214,0.021171,-3.037529,DSB,2,1,1,DIRECT,1.0,0.0,18,0.622631113492
329,523,0.000707,0.021259,-3.038114,DSB,2,0,0,DIRECT,1.0,0.0,18,0.622631225084
330,525,-0.000808,-0.044369,-4.342795,DSB,2,0,0,DIRECT,1.0,0.0,18,0.792525115149
331,528,-0.079827,0.086258,-2.650824,DSB,2,0,0,DIRECT,1.0,0.0,18,0.52126798373
332,529,0.261475,0.122398,0.230904,DSB,2,1,1,DIRECT,1.0,0.0,16,0.682091704706
333,529,0.049464,0.029179,-1.862905,DSB,2,0,0,DIRECT,1.0,0.0,22,0.005085746008
334,532,-0.071183,0.040053,-0.551831,DSB,2,1,1,DIRECT,1.0,0.0,16,0.766487981387
335,532,-0.062227,0.023727,-0.736138,DSB,2,1,1,DIRECT,1.0,0.0,16,0.796918149404
336,532,-0.07724,0.037161,-2.740133,DSB,2,0,0,DIRECT,1.0,0.0,18,0.322117086392
337,534,-0.003279,-0.060533,-2.781665,DSB+,4,1,1,DIRECT,1.0,0.0,18,0.320638047533
338,534,0.009177,-0.065407,-2.157304,DSB,2,0,0,DIRECT,1.0,0.0,18,0.425108634701
339,536,0.00700431,0.201995,3.32495,DSB,2,0,0,DIRECT,1.0,0.0,13,0.633701970719
340,537,-0.0288621,-0.111801,1.8027,DSB+,3,1,1,DIRECT,1.0,0.0,13,0.430312841989
341,537,-0.390374,0.021642,-1.232799,DSB+,3,1,1,DIRECT,1.0,0.0,16,0.844836738138
342,537,-0.040708,-0.070658,-2.419031,DSB,2,0,0,DIRECT,1.0,0.0,18,0.405632188959
343,539,0.0781797,-0.0553189,1.7594,DSB,2,0,0,DIRECT,1.0,0.0,13,0.42994531251
344,539,-0.04431,-0.086748,0.671598,DSB,2,0,0,DIRECT,1.0,0.0,13,0.917035722595
345,543,0.110022,-0.0496061,0.454044,DSB,2,0,0,DIRECT,1.0,0.0,13,0.993906256347
346,544,-0.262439,-0.224005,-1.899143,DSB,2,0,0,DIRECT,1.0,0.0,15,0.623134295572
347,545,0.124502,0.147102,-3.425214,DSB,2,1,1,DIRECT,1.0,0.0,18,0.700782412561
348,548,0.0844591,0.0347629,1.84333,DSB,2,0,0,DIRECT,1.0,0.0,13,0.429843723649
349,550,0.033797,0.075412,3.720305,DSB,2,0,0,DIRECT,1.0,0.0,17,0.020022248632
350,551,-0.000143,0.003932,-3.506151,DSB+,4,0,0,DIRECT,1.0,0.0,18,0.700357338143
351,554,-0.039169,-0.008749,-0.668054,DSB,2,0,0,DIRECT,1.0,0.0,16,0.798150864194
352,556,0.000498,0.031491,-1.589189,DSB+,3,0,0,DIRECT,1.0,0.0,23,0.004139874579
353,557,-0.044897,0.058227,-3.242971,DSB,2,0,0,DIRECT,1.0,0.0,18,0.622082227876
354,561,0.0227683,0.0207908,3.24175,DSB,2,0,0,DIRECT,1.0,0.0,13,0.263511835518
355,565,-0.013747,-0.054582,3.786736,DSB,2,0,0,DIRECT,1.0,0.0,13,0.196014848408
356,566,-0.05888,-0.05048,-2.803628,DSB,2,0,0,DIRECT,1.0,0.0,18,0.322039983373
357,567,0.047148,-0.103202,-4.163877,DSB,2,0,0,DIRECT,1.0,0.0,18,0.781385706195
358,573,-0.027531,0.085542,-3.167245,DSB,2,0,0,DIRECT,1.0,0.0,18,0.623692226788
359,577,0.0391418,0.0708345,0.747668,DSB,2,0,0,DIRECT,1.0,0.0,13,0.918216061442
360,577,0.010233,0.327866,-3.108846,DSB,2,0,0,DIRECT,1.0,0.0,22,0.100100479625
361,581,0.0131047,-0.0413352,1.95235,DSB,2,0,0,DIRECT,1.0,0.0,13,0.430535937406
362,582,0.015495,-0.021007,-0.794626,DSB+,3,1,1,DIRECT,1.0,0.0,16,0.795555772095
363,585,0.115793,0.123149,-1.226771,DSB,2,0,0,DIRECT,1.0,0.0,23,0.036627891853
364,585,0.119539,0.123428,-1.227417,DSB,2,0,0,DIRECT,1.0,0.0,23,0.036640757672
365,587,-0.047972,-0.019081,-0.413302,DSB,2,0,0,DIRECT,1.0,0.0,16,0.765469660805
366,587,-0.226861,0.096329,-1.796519,DSB,2,0,0,DIRECT,1.0,0.0,19,0.418432639714
367,587,-0.260467,0.12511,-1.798491,DSB,2,0,0,DIRECT,1.0,0.0,19,0.418962666644
368,588,-0.010962,-0.042205,0.635432,DSB,2,0,0,DIRECT,1.0,0.0,13,0.994684474415
369,589,0.0246904,0.070723,2.34088,DSB,2,1,1,DIRECT,1.0,0.0,13,0.480710752724
370,594,0.09419,0.116576,-0.822449,DSB+,3,0,0,DIRECT,1.0,0.0,16,0.797895028342
371,594,0.042702,0.060895,-1.446187,DSB,2,0,0,DIRECT,1.0,0.0,23,0.003381944106
372,597,-0.0548398,0.0955855,1.45,DSB,2,2,1,DIRECT,1.0,0.0,13,0.827888681259
373,597,0.025822,0.10063,-3.015293,DSB,2,1,1,DIRECT,1.0,0.0,18,0.623006250541
374,600,-0.049193,-0.060587,-1.46433,DSB+,3,1,1,DIRECT,1.0,0.0,16,0.885280568235
375,600,-0.093616,-0.069005,-2.377104,DSB,2,1,1,DIRECT,1.0,0.0,18,0.406522392307
376,600,-0.100133,-0.07363,-2.382259,DSB,2,0,0,DIRECT,1.0,0.0,18,0.406522036608
377,602,-0.076763,-0.067071,-1.482056,DSB,2,0,0,DIRECT,1.0,0.0,16,0.885937814764
378,603,-0.004078,-0.05844,-2.221159,DSB,2,0,0,DIRECT,1.0,0.0,18,0.423844124269
379,604,0.044823,0.083267,3.839841,DSB+,3,0,0,DIRECT,1.0,0.0,17,0.019296692138
380,607,0.120286,0.052905,-0.041179,DSB,2,0,0,DIRECT,1.0,0.0,16,0.708929040225
381,607,0.121577,0.053576,-1.757568,DSB,2,0,0,DIRECT,1.0,0.0,22,0.003407161483
382,609,-0.022159,0.014027,2.213636,DSB+,3,1,1,DIRECT,1.0,0.0,13,0.4741017095
383,611,0.227477,-0.084161,-3.904,DSB,2,1,1,DIRECT,1.0,0.0,18,0.779860914663
384,616,-0.051682,-0.043576,-1.444456,DSB,2,0,0,DIRECT,1.0,0.0,16,0.885301824825
385,619,-0.030468,0.058179,-4.091603,DSB,2,0,0,DIRECT,1.0,0.0,18,0.884765447804
386,619,-0.027793,0.058759,-1.851231,DSB,2,1,1,DIRECT,1.0,0.0,22,0.00560580992
387,620,0.0239167,-0.0344831,2.06065,DSB,2,2,1,DIRECT,1.0,0.0,13,0.474290644469
388,623,0.067727,-0.010022,-3.803749,DSB+,3,0,0,DIRECT,1.0,0.0,18,0.715214605146
389,625,-0.075908,-0.03554,2.917614,DSB+,3,0,0,DIRECT,1.0,0.0,13,0.313307315998
390,625,-0.083908,-0.025873,2.071591,DSB,2,0,0,DIRECT,1.0,0.0,13,0.474706835659
391,628,0.00883506,0.042475,3.18995,DSB,2,3,1,DIRECT,1.0,0.0,13,0.263412363989
392,628,0.011379,0.049452,1.168029,DSB,2,0,0,DIRECT,1.0,0.0,13,0.903634979313
393,630,0.0428058,-0.0420989,3.09689,DSB,2,1,1,DIRECT,1.0,0.0,13,0.263302958233
394,630,0.053831,-0.052132,-1.865957,DSB,2,0,0,DIRECT,1.0,0.0,22,0.004070749006
395,631,0.069094,0.097009,0.55996,DSB+,3,1,1,DIRECT,1.0,0.0,13,0.99446682005
396,634,0.381268,0.08155,2.626786,DSB+,3,0,0,DIRECT,1.0,0.0,17,0.099197200997
397,635,0.120094,0.120518,3.27972,DSB+,3,0,0,DIRECT,1.0,0.0,13,0.632228775283
398,637,-0.087627,-0.05953,-3.590968,DSB,2,1,1,DIRECT,1.0,0.0,18,0.701647458913
399,637,-0.374238,-0.188954,-3.047268,DSB,2,0,0,DIRECT,1.0,0.0,18,0.309357140067
400,639,-0.027187,-0.005103,-1.878449,DSB,2,1,1,DIRECT,1.0,0.0,22,0.0052392521
401,639,-0.203523,1.67011,-0.992609,DSB,2,2,1,DIRECT,1.0,0.0,27,0.751484255289
402,642,0.065064,0.027463,-1.738568,DSB+,3,0,0,DIRECT,1.0,0.0,22,0.004316687621
403,643,-0.0208206,0.0305581,3.77506,DSB+,3,0,0,DIRECT,1.0,0.0,13,0.196087219315
404,644,-0.039826,-0.014215,-0.895469,DSB+,3,1,1,DIRECT,1.0,0.0,16,0.797535849567
405,645,-0.046245,0.072229,-1.558547,DSB,2,0,0,DIRECT,1.0,0.0,23,0.005364765541
406,649,0.011131,0.072378,4.151043,DSB,2,0,0,DIRECT,1.0,0.0,17,0.036901072398
407,650,0.123501,-0.02081,2.125983,DSB,2,0,0,DIRECT,1.0,0.0,13,0.47715969732
408,650,-0.057254,0.002857,-0.295434,DSB,2,1,1,DIRECT,1.0,0.0,16,0.711103721979
409,651,0.0341447,-0.134172,0.471433,DSB,2,0,0,DIRECT,1.0,0.0,13,0.994012584586
410,655,-0.0172754,-0.0184444,2.3373,DSB,2,0,0,DIRECT,1.0,0.0,13,0.481271568783
411,656,-0.165715,-0.028658,-2.102474,DSB,2,0,0,DIRECT,1.0,0.0,18,0.421286452187
412,657,-0.0574123,-0.0475278,2.35618,DSB,2,1,1,DIRECT,1.0,0.0,13,0.481250352376
413,658,-0.011448,-0.030997,-0.555574,DSB++,7,1,1,DIRECT,1.0,0.0,16,0.766210567485
414,660,-0.0291509,-0.0884441,2.32822,DSB,2,0,0,DIRECT,1.0,0.0,13,0.480962161304
415,661,0.0169304,0.0380138,2.4618,DSB,2,0,0,DIRECT,1.0,0.0,13,0.480676512261
416,664,-1.763121,0.782659,1.437808,DSB+,3,1,1,DIRECT,1.0,0.0,20,0.310593762926
417,669,-0.002402,-0.009607,-1.746839,DSB,2,0,0,DIRECT,1.0,0.0,22,0.004479223055
418,671,-0.0581327,-0.154421,3.07446,DSB+,3,1,1,DIRECT,1.0,0.0,13,0.262880415046
419,671,-0.09189,0.015442,-1.426632,DSB,2,0,0,DIRECT,1.0,0.0,16,0.886022559845
420,672,0.824977,-0.74059,4.07787,DSB,2,0,0,DIRECT,1.0,0.0,7,0.240162183556
421,674,0.260542,-0.693157,-0.209801,DSB,2,1,1,DIRECT,1.0,0.0,16,0.176349029992
422,676,0.697563,-1.122757,1.732193,DSB+,3,0,0,DIRECT,1.0,0.0,11,0.274250210562
423,676,-0.048592,0.06132,-0.261149,DSB,2,0,0,DIRECT,1.0,0.0,16,0.712253513298
424,676,-0.031222,0.056687,-2.336055,DSB,2,0,0,DIRECT,1.0,0.0,18,0.405310239392
425,676,-0.028922,0.058282,-4.411481,DSB,2,0,0,DIRECT,1.0,0.0,18,0.875766929187
426,677,-0.006667,0.053093,-1.845624,DSB+,3,0,0,DIRECT,1.0,0.0,22,0.005619226605
427,678,-0.021841,0.064627,-4.217538,DSB+,3,1,1,DIRECT,1.0,0.0,18,0.885518441954
428,680,-0.0184808,-0.00312683,2.33877,DSB+,3,0,0,DIRECT,1.0,0.0,13,0.481281687661
429,680,-0.270095,0.219003,3.509416,DSB+,3,0,0,DIRECT,1.0,0.0,13,0.63762869256
430,683,0.009774,0.020101,1.943417,DSB,2,0,0,DIRECT,1.0,0.0,13,0.430584986884
431,686,2.50025,-2.61225,1.63361,DSB,2,0,0,DIRECT,1.0,0.0,6,0.291598552638
432,686,1.914437,-2.042026,-0.906633,DSB,2,1,1,DIRECT,1.0,0.0,9,0.139284465308
433,688,0.024055,-0.058984,-1.201085,DSB,2,0,0,DIRECT,1.0,0.0,16,0.851548784343
434,689,0.015641,0.014726,-3.79813,DSB,2,0,0,DIRECT,1.0,0.0,18,0.715303111461
435,690,0.091087,-0.019612,4.021932,DSB+,3,0,0,DIRECT,1.0,0.0,17,0.036372447684
436,694,0.01591,-0.054601,-2.208692,DSB,2,0,0,DIRECT,1.0,0.0,18,0.423850101409
437,695,0.146054,-0.00315889,1.24514,DSB,2,1,1,DIRECT,1.0,0.0,13,0.90713622817
438,697,-0.0705043,-0.0564298,3.29874,DSB+,3,0,0,DIRECT,1.0,0.0,13,0.259132589313
439,699,-0.0341099,0.0146581,2.09496,DSB,2,1,1,DIRECT,1.0,0.0,13,0.474740922246
440,699,-0.034448,0.015124,3.540844,DSB,2,0,0,DIRECT,1.0,0.0,13,0.260021080997
441,699,-0.03156,0.011876,-0.908949,DSB,2,0,0,DIRECT,1.0,0.0,16,0.797560327461
442,701,-0.0273374,-0.139852,1.65185,DSB,2,2,1,DIRECT,1.0,0.0,13,0.422831260933
443,701,-0.025163,-0.142893,3.104553,DSB,2,0,0,DIRECT,1.0,0.0,13,0.263231430566
444,703,-0.063965,-0.457849,-1.589711,DSB,2,0,0,DIRECT,1.0,0.0,15,0.555680097028
445,703,-0.031154,-0.050937,-3.717335,DSB,2,1,1,DIRECT,1.0,0.0,18,0.710354478601
446,704,-0.280443,0.318634,-1.15954,DSB,2,1,1,DIRECT,1.0,0.0,23,0.04067256972
447,705,0.0542744,0.0395361,0.879172,DSB,2,0,0,DIRECT,1.0,0.0,13,0.917547563037
448,707,0.016063,0.095787,-1.713669,DSB,2,0,0,DIRECT,1.0,0.0,22,0.004891014895
449,708,-0.023377,0.02846,-4.416581,DSB+,3,0,0,DIRECT,1.0,0.0,18,0.875744422498
450,708,-0.026302,0.033248,-3.290343,DSB,2,0,0,DIRECT,1.0,0.0,18,0.701019322135
451,708,-0.018422,0.035573,-3.288659,DSB,2,0,0,DIRECT,1.0,0.0,18,0.701032162176
452,709,0.503143,0.211948,0.266045,DSB,2,0,0,DIRECT,1.0,0.0,16,0.686467883395
453,709,-0.083253,0.043827,-1.468325,DSB,2,4,1,DIRECT,1.0,0.0,23,0.003261333523
454,711,0.104363,0.0228028,2.39968,DSB,2,1,1,DIRECT,1.0,0.0,13,0.479689324583
455,721,-1.792524,-0.18227,-1.24921,DSB,2,0,0,DIRECT,1.0,0.0,16,0.367335023681
456,722,0.0338425,0.0145624,2.07385,DSB,2,0,0,DIRECT,1.0,0.0,13,0.474327113054
457,722,0.035765,0.016527,-3.019298,DSB,2,1,1,DIRECT,1.0,0.0,18,0.622668203845
458,723,1.4381,-1.1869,4.04601,DSB,2,0,0,DIRECT,1.0,0.0,6,0.573375192732
459,724,0.118687,-0.029605,3.447596,DSB,2,0,0,DIRECT,1.0,0.0,17,0.017033197191
460,725,0.083627,-0.077598,0.605008,DSB,2,1,1,DIRECT,1.0,0.0,13,0.993226432677
461,725,0.087288,-0.085151,3.080062,DSB,2,0,0,DIRECT,1.0,0.0,13,0.262848341156
462,725,0.118605,-0.107022,-3.498108,DSB,2,0,0,DIRECT,1.0,0.0,18,0.699149899986
463,725,0.112129,-0.106708,-3.497114,DSB,2,0,0,DIRECT,1.0,0.0,18,0.699150137119
464,730,0.033368,-0.049635,3.090043,DSB,2,1,1,DIRECT,1.0,0.0,13,0.263300206932
465,732,0.573999,-0.010143,3.828261,DSB+,3,1,1,DIRECT,1.0,0.0,17,0.021790401145
466,732,0.013499,0.012776,-4.565014,DSB+,3,0,0,DIRECT,1.0,0.0,18,0.876403693412
467,733,0.180947,0.039892,-2.157891,DSB,2,2,1,DIRECT,1.0,0.0,18,0.424151922589
468,736,-0.083383,0.029837,-2.749316,DSB+,3,1,1,DIRECT,1.0,0.0,18,0.32211553108
469,739,0.059971,0.020375,-0.407093,DSB,2,0,0,DIRECT,1.0,0.0,16,0.765353874673
470,740,-0.0285634,-0.00887271,-0.149959,DSB,2,0,0,DIRECT,1.0,0.0,16,0.710417704717
471,740,-0.034762,0.039048,-3.053763,DSB,2,0,0,DIRECT,1.0,0.0,18,0.622596380517
472,751,-0.00247646,0.0469022,-4.48909,DSB,2,0,0,DIRECT,1.0,0.0,18,0.877793298349
473,752,0.0365006,0.0900665,2.97528,DSB,2,1,1,DIRECT,1.0,0.0,13,0.559506156882
474,752,0.040296,0.086305,3.858232,DSB,2,0,0,DIRECT,1.0,0.0,17,0.019293783774
475,759,-0.053952,-0.026592,0.411572,DSB,2,0,0,DIRECT,1.0,0.0,13,0.994090987428
476,760,0.030918,-0.01543,-3.635503,DSB,2,0,0,DIRECT,1.0,0.0,18,0.714530860736
477,761,0.072313,-0.054015,-3.477681,DSB,2,0,0,DIRECT,1.0,0.0,18,0.700299491699
478,763,-0.052647,0.034807,-2.027622,DSB,2,0,0,DIRECT,1.0,0.0,18,0.424591169176
479,765,0.045663,-0.047869,-2.348469,DSB,2,2,1,DIRECT,1.0,0.0,18,0.403813847995
480,766,-1.259494,-0.32825,2.251404,DSB+,3,0,0,DIRECT,1.0,0.0,7,0.635060570823
481,768,-0.023805,0.013882,-2.003976,DSB,2,0,0,DIRECT,1.0,0.0,18,0.425878786103
482,768,-0.083724,1.120689,-0.178792,DSB,2,0,0,DIRECT,1.0,0.0,23,0.503927525758
483,772,-0.0129977,-0.0692832,3.3772,DSB+,3,0,0,DIRECT,1.0,0.0,13,0.26017767741
484,775,0.0337865,-1.13605,-0.0392691,DSB,2,1,1,DIRECT,1.0,0.0,11,0.676929668868
485,775,-0.009521,-0.036224,-0.828158,DSB+,3,0,0,DIRECT,1.0,0.0,16,0.797747477873
486,776,0.00397977,-0.0313808,3.38471,DSB+,3,0,0,DIRECT,1.0,0.0,13,0.260206538371
487,777,-0.0320233,0.0542554,2.49764,DSB,2,0,0,DIRECT,1.0,0.0,13,0.481483960593
488,782,-0.05871,0.028946,-3.820918,DSB,2,1,1,DIRECT,1.0,0.0,18,0.711143272823
489,783,0.0699888,0.0788956,2.7853,DSB,2,1,1,DIRECT,1.0,0.0,13,0.556194249227
490,783,0.060007,0.073032,2.66074,DSB,2,0,0,DIRECT,1.0,0.0,13,0.556823829343
491,783,0.05831,0.072917,-1.872875,DSB,2,0,0,DIRECT,1.0,0.0,22,0.005125217548
492,784,0.0299778,0.00777985,2.05818,DSB+,3,1,1,DIRECT,1.0,0.0,13,0.474324127862
493,787,-0.614153,0.580068,4.482708,DSB,2,0,0,DIRECT,1.0,0.0,13,0.733715714914
494,789,0.01318,6.9e-05,-3.254208,DSB,2,0,0,DIRECT,1.0,0.0,18,0.621980191045
495,791,0.047333,0.041617,-4.227535,DSB,2,0,0,DIRECT,1.0,0.0,18,0.885232982935
496,792,-0.0473427,0.00461746,0.561608,DSB,2,0,0,DIRECT,1.0,0.0,13,0.993467014549
497,795,0.00779015,-0.01947,3.2665,DSB+,3,0,0,DIRECT,1.0,0.0,13,0.263469464253
498,795,-0.004841,-0.026368,-1.611125,DSB,2,1,1,DIRECT,1.0,0.0,23,0.003768443347
499,797,-0.027269,0.047079,-1.855038,DSB,2,0,0,DIRECT,1.0,0.0,22,0.00560797085
500,797,-0.489347,2.03102,-1.042098,DSB,2,1,1,DIRECT,1.0,0.0,31,0.171044483954
501,798,-0.074305,-0.033898,-0.457938,DSB,2,0,0,DIRECT,1.0,0.0,16,0.764215254115
502,800,0.002379,0.143123,-2.472195,DSB+,3,0,0,DIRECT,1.0,0.0,18,0.520928158539
503,800,0.01014,0.096536,-1.327781,DSB,2,0,0,DIRECT,1.0,0.0,23,0.038097004282
504,801,-0.764991,0.560926,-1.754316,DSB,2,0,0,DIRECT,1.0,0.0,19,0.828539820897
505,802,0.056319,-0.026227,-0.814989,DSB,2,0,0,DIRECT,1.0,0.0,16,0.797788510994
506,805,-0.00954304,0.00910034,4.56761,DSB+,3,0,0,DIRECT,1.0,0.0,7,0.845826759775
507,810,0.0494824,0.0498277,2.84671,DSB,2,0,0,DIRECT,1.0,0.0,13,0.557254841859
508,812,0.00156,0.091767,3.882014,DSB,2,0,0,DIRECT,1.0,0.0,17,0.020630270973
509,813,0.177576,1.514128,-1.046333,DSB,2,0,0,DIRECT,1.0,0.0,27,0.781113585131
510,814,0.072301,-0.017127,0.870186,DSB,2,0,0,DIRECT,1.0,0.0,13,0.916701904245
511,815,-0.00985754,0.00675175,0.905964,DSB,2,0,0,DIRECT,1.0,0.0,13,0.917944587446
512,820,0.0659773,0.057292,2.81059,DSB,2,0,0,DIRECT,1.0,0.0,13,0.556168915101
513,821,-0.0244306,0.123719,1.1869,DSB,2,1,1,DIRECT,1.0,0.0,13,0.904496801228
514,829,-0.026197,-0.0684362,1.71632,DSB,2,1,1,DIRECT,1.0,0.0,13,0.428937659338
515,831,-0.062083,0.011689,-2.475354,DSB,2,0,0,DIRECT,1.0,0.0,18,0.406450847959
516,833,-0.055634,0.043157,-4.028235,DSB,2,0,0,DIRECT,1.0,0.0,18,0.78367322827
517,835,0.0374145,0.010365,2.20133,DSB,2,1,1,DIRECT,1.0,0.0,13,0.473684872031
518,837,-0.056782,-0.017676,-3.861213,DSB,2,0,0,DIRECT,1.0,0.0,18,0.711110687992
519,838,0.207521,0.241927,-2.359458,DSB,2,0,0,DIRECT,1.0,0.0,18,0.52539712065
520,841,0.437142,0.226498,-3.041392,DSB,2,0,0,DIRECT,1.0,0.0,22,0.095894908935
521,841,-0.170467,1.212279,-3.907416,DSB,2,0,0,DIRECT,1.0,0.0,32,0.506222642291
522,842,-0.0434318,-0.00513456,0.925663,DSB,2,0,0,DIRECT,1.0,0.0,13,0.917935330273
523,845,0.107988,0.019679,3.558898,DSB,2,0,0,DIRECT,1.0,0.0,17,0.01634844148
524,845,-0.000682,0.059276,-2.899613,DSB,2,0,0,DIRECT,1.0,0.0,18,0.607443973899
525,845,0.621915,1.415101,3.356882,DSB+,3,0,0,DIRECT,1.0,0.0,25,0.440633243324
526,846,0.0343778,0.0595276,3.17016,DSB+,3,1,1,DIRECT,1.0,0.0,13,0.263394686727
527,849,0.677221,-0.534031,3.12411,DSB,2,0,0,DIRECT,1.0,0.0,7,0.679888057755
528,849,-0.055401,-0.055593,-1.492218,DSB+,3,0,0,DIRECT,1.0,0.0,16,0.885262419099
529,850,-0.029158,-0.123179,1.717381,DSB,2,0,0,DIRECT,1.0,0.0,13,0.428890628712
530,850,-0.039716,-0.120329,0.285658,DSB++,5,1,1,DIRECT,1.0,0.0,16,0.492900727573
531,850,-0.029139,-0.122948,-3.884575,DSB,2,0,0,DIRECT,1.0,0.0,18,0.710534560007
532,857,0.161197,-0.0252973,1.96663,DSB+,3,3,1,DIRECT,1.0,0.0,13,0.428143124271
533,857,0.148548,-0.02356,3.524505,DSB++,5,0,0,DIRECT,1.0,0.0,17,0.01625753594
534,859,0.079652,0.050047,3.702083,DSB+,3,0,0,DIRECT,1.0,0.0,17,0.019940695887
535,860,-0.0501835,0.00246254,0.547855,DSB,2,1,1,DIRECT,1.0,0.0,13,0.993468528688
536,861,0.0789177,0.0725194,1.5398,DSB,2,1,1,DIRECT,1.0,0.0,13,0.826195443304
537,863,-0.02635,-0.011852,-3.815873,DSB,2,0,0,DIRECT,1.0,0.0,18,0.710429503221
538,872,0.00809,-0.021686,-4.323974,DSB,2,0,0,DIRECT,1.0,0.0,18,0.792546743051
539,873,0.279102,-0.632748,3.960175,DSB,2,2,1,DIRECT,1.0,0.0,7,0.24468373286
540,875,-0.034456,-0.039848,3.522237,DSB,2,0,0,DIRECT,1.0,0.0,13,0.259981818025
541,876,0.0469651,0.0603372,2.1412,DSB,2,1,1,DIRECT,1.0,0.0,13,0.473598455332
542,876,0.24433,0.60992,2.108604,DSB,2,0,0,DIRECT,1.0,0.0,17,0.605082919746
543,880,-0.049084,0.0479285,2.24827,DSB,2,1,1,DIRECT,1.0,0.0,13,0.474923659095
544,882,-0.03335,-0.007886,-3.77246,DSB,2,0,0,DIRECT,1.0,0.0,18,0.710478415339
545,883,-0.02445,0.04851,-4.547666,DSB+,3,0,0,DIRECT,1.0,0.0,18,0.876496726173
546,884,0.115842,-0.056632,3.881255,DSB+,3,0,0,DIRECT,1.0,0.0,17,0.019043838872
547,888,0.09348,0.0297178,1.08276,DSB,2,0,0,DIRECT,1.0,0.0,13,0.907872493516
548,890,0.01816,0.016635,3.349108,DSB,2,0,0,DIRECT,1.0,0.0,13,0.260256621895
549,890,0.012333,0.001189,-4.365844,DSB,2,0,0,DIRECT,1.0,0.0,18,0.875868763757
550,894,0.0228465,0.048012,3.14151,DSB,2,0,0,DIRECT,1.0,0.0,13,0.263370768259
551,898,0.076459,-0.054777,-3.958169,DSB,2,1,1,DIRECT,1.0,0.0,18,0.779663480718
552,902,0.002668,0.056065,-4.564148,DSB+,3,0,0,DIRECT,1.0,0.0,18,0.876437505754
553,905,0.022079,-0.07448,-3.217224,DSB+,3,1,1,DIRECT,1.0,0.0,18,0.621851706937
554,905,-0.003467,-0.043521,-2.475867,DSB,2,1,1,DIRECT,1.0,0.0,18,0.404614980095
555,905,0.124893,0.087517,-2.138241,DSB,2,0,0,DIRECT,1.0,0.0,18,0.424888212828
556,905,-0.044633,-0.038241,-3.989021,DSB,2,0,0,DIRECT,1.0,0.0,18,0.782836944726
557,906,0.0143157,0.0272747,1.95235,DSB+,3,0,0,DIRECT,1.0,0.0,13,0.430594662599
558,906,0.008335,0.022236,2.341023,DSB,2,2,1,DIRECT,1.0,0.0,13,0.481308148159
559,906,0.069228,-0.009131,0.465909,DSB,2,1,1,DIRECT,1.0,0.0,13,0.994360836494
560,906,0.057572,-0.008025,0.473659,DSB,2,0,0,DIRECT,1.0,0.0,13,0.994358725317
561,906,0.061788,-0.008915,0.472072,DSB,2,0,0,DIRECT,1.0,0.0,13,0.994359771673
562,907,-0.020915,0.077634,-0.262884,DSB,2,1,1,DIRECT,1.0,0.0,16,0.712057777206
563,908,-0.146633,-0.068836,3.473009,DSB,2,0,0,DIRECT,1.0,0.0,13,0.259703210343
564,908,0.006537,-0.056557,-2.066163,DSB,2,0,0,DIRECT,1.0,0.0,18,0.42311367168
565,909,0.001847,-0.046103,-0.760621,DSB,2,1,1,DIRECT,1.0,0.0,16,0.795525119476
566,910,0.043583,-0.097479,-2.433261,DSB+,3,0,0,DIRECT,1.0,0.0,18,0.404727820415
567,913,0.085808,-0.033645,0.731929,DSB,2,0,0,DIRECT,1.0,0.0,13,0.917338593427
568,915,-0.064529,-0.043973,-0.857453,DSB,2,0,0,DIRECT,1.0,0.0,16,0.797691429857
569,916,-0.028102,-0.053984,-3.730671,DSB,2,1,1,DIRECT,1.0,0.0,18,0.710353153447
570,917,-0.026988,-0.048468,-1.902038,DSB,2,0,0,DIRECT,1.0,0.0,22,0.003987826031
571,918,-0.0142644,-0.0938856,0.420142,DSB,2,0,0,DIRECT,1.0,0.0,13,0.992861802219
572,918,-0.510313,0.480074,3.050914,DSB,2,1,1,DIRECT,1.0,0.0,17,0.231330991299
573,924,0.0549525,-0.0180672,3.17437,DSB,2,0,0,DIRECT,1.0,0.0,13,0.262758576119
574,924,0.900938,-0.456195,-0.534456,DSB+,3,0,0,DIRECT,1.0,0.0,16,0.394384074568
575,924,0.055108,-0.017718,-3.673573,DSB,2,0,0,DIRECT,1.0,0.0,18,0.714479828372
576,925,0.071629,0.015073,4.016166,DSB,2,0,0,DIRECT,1.0,0.0,17,0.03755385006
577,926,-0.044597,-0.018156,-0.63092,DSB,2,0,0,DIRECT,1.0,0.0,16,0.764874683897
578,927,0.145027,0.033673,-3.3379,DSB+,3,2,1,DIRECT,1.0,0.0,18,0.699462468859
579,930,-0.0355386,0.062169,3.38684,DSB+,3,2,1,DIRECT,1.0,0.0,13,0.260708672322
580,930,-0.021603,0.10396,2.591449,DSB,2,0,0,DIRECT,1.0,0.0,13,0.553990063311
581,931,-0.031142,-0.001532,3.651575,DSB+,3,1,1,DIRECT,1.0,0.0,13,0.196706686707
582,933,-0.311304,0.163271,2.75977,DSB,2,0,0,DIRECT,1.0,0.0,13,0.554833524755
583,933,0.020576,-0.029681,0.903364,DSB,2,0,0,DIRECT,1.0,0.0,13,0.91748577879
584,939,0.123976,0.01477,3.823126,DSB,2,0,0,DIRECT,1.0,0.0,17,0.017851116895
585,940,0.11046,-0.0667428,1.48465,DSB,2,0,0,DIRECT,1.0,0.0,13,0.422600440947
586,942,-0.0151409,-0.0408139,3.65436,DSB,2,1,1,DIRECT,1.0,0.0,13,0.196678829017
587,942,0.006832,-0.057264,-1.772915,DSB,2,2,1,DIRECT,1.0,0.0,22,0.00324068981
588,944,0.127675,-0.019621,2.252481,DSB,2,0,0,DIRECT,1.0,0.0,13,0.476516957738
589,945,-0.018696,-0.00252,-2.074347,DSB,2,0,0,DIRECT,1.0,0.0,18,0.424505536352
590,956,-0.03667,0.045674,-1.838117,DSB+,3,0,0,DIRECT,1.0,0.0,22,0.005599407163
591,957,-0.120358,-0.23179,2.30332,DSB+,3,0,0,DIRECT,1.0,0.0,7,0.913019669026
592,957,-0.363191,-0.154045,-4.421748,DSB,2,0,0,DIRECT,1.0,0.0,18,0.787053248858
593,959,0.080086,-0.014663,-0.454283,DSB+,4,0,0,DIRECT,1.0,0.0,16,0.764458800791
594,962,-0.0025884,0.0234086,4.50654,DSB+,3,0,0,DIRECT,1.0,0.0,7,0.845742134486
595,962,-0.001221,0.021435,-3.267446,DSB,2,0,0,DIRECT,1.0,0.0,18,0.622002230443
596,965,0.374322,-0.101624,1.97876,DSB+,3,0,0,MIXED,1.0,0.0,13,0.426691059072
597,966,0.0651443,0.0137869,1.84799,DSB+,3,0,0,DIRECT,1.0,0.0,13,0.429850512653
598,970,0.0108314,0.0109364,4.48183,DSB+,3,0,0,DIRECT,1.0,0.0,7,0.845722201597
599,971,-0.057884,-0.066043,-1.493791,DSB,2,1,1,DIRECT,1.0,0.0,16,0.885260342999
600,972,-0.023272,0.040778,-1.02445,DSB,2,0,0,DIRECT,1.0,0.0,16,0.85226177082
601,974,0.125122,0.0573235,2.11751,DSB+,4,0,0,DIRECT,1.0,0.0,13,0.477231329623
602,974,-0.107615,-0.018059,-0.928221,DSB,2,0,0,DIRECT,1.0,0.0,16,0.798622413581
603,975,0.244229,-0.514269,0.571016,DSB,2,0,0,DIRECT,1.0,0.0,13,0.36629790618
604,976,-0.092653,-0.168193,1.111323,DSB,2,0,0,DIRECT,1.0,0.0,13,0.401222790127
605,976,0.809605,0.472936,3.185736,DSB++,5,1,1,DIRECT,1.0,0.0,17,0.193469175531
606,978,0.196031,0.051616,-0.65543,DSB,2,2,1,DIRECT,1.0,0.0,16,0.795418220393
607,978,0.200868,0.053524,-0.651715,DSB,2,1,1,DIRECT,1.0,0.0,16,0.795419425871
608,978,0.095543,0.025979,4.315866,DSB,2,1,1,DIRECT,1.0,0.0,17,0.039401986057
609,982,0.045261,0.048767,-1.858814,DSB,2,0,0,DIRECT,1.0,0.0,22,0.00509802766
610,983,0.011847,0.001934,-4.572335,DSB,2,0,0,DIRECT,1.0,0.0,18,0.876390839422
611,985,-0.098665,-0.095833,-2.514413,DSB+,3,0,0,DIRECT,1.0,0.0,18,0.407235290097
612,997,-0.0186751,0.0974342,1.16163,DSB,2,1,1,DIRECT,1.0,0.0,13,0.904479413253
613,997,-0.017787,0.098874,-0.249571,DSB,2,0,0,DIRECT,1.0,0.0,16,0.712075792401
614,997,-0.018732,0.098967,-3.234887,DSB,2,0,0,DIRECT,1.0,0.0,18,0.622125162854
615,1001,-0.050511,-0.006872,-0.896311,DSB,2,0,0,DIRECT,1.0,0.0,16,0.797534208778
616,1002,1.42026,-0.57162,3.69516,DSB+,3,0,0,DIRECT,1.0,0.0,7,0.728631406215
617,1002,0.051385,-0.023666,4.460843,DSB,2,0,0,DIRECT,1.0,0.0,7,0.845184366438
618,1011,-0.0658187,0.011621,3.82181,DSB,2,0,0,DIRECT,1.0,0.0,13,0.196869050389
619,1011,-0.068176,0.01078,-0.488558,DSB,2,0,0,DIRECT,1.0,0.0,16,0.7642556778
620,1014,-0.000874,-0.000348,-1.72963,DSB,2,0,0,DIRECT,1.0,0.0,22,0.004488470672
621,1017,0.006181,0.020433,-2.337577,DSB,2,0,0,DIRECT,1.0,0.0,18,0.403945896069
622,1017,0.002298,0.021991,-1.934672,DSB,2,0,0,DIRECT,1.0,0.0,22,0.003836262595
623,1022,-0.0974851,-0.0184596,0.633233,DSB,2,0,0,DIRECT,1.0,0.0,13,0.994613285275
624,1024,0.002299,0.021194,-3.241888,DSB,2,0,0,DIRECT,1.0,0.0,18,0.621996134736
625,1025,0.026052,0.030943,-3.804513,DSB+,4,0,0,DIRECT,1.0,0.0,18,0.715316474589
626,1025,0.029516,0.031183,-3.804509,DSB,2,0,0,DIRECT,1.0,0.0,18,0.715317290605
627,1025,-0.353498,0.303136,-1.49463,DSB,2,0,0,DIRECT,1.0,0.0,19,0.423067274957
628,1026,0.017267,0.002668,-4.547374,DSB,2,2,1,DIRECT,1.0,0.0,18,0.876382281719
629,1027,0.0339079,0.052258,0.880778,DSB,2,1,1,DIRECT,1.0,0.0,13,0.917553182584
630,1027,0.033604,0.052864,3.15338,DSB,2,0,0,DIRECT,1.0,0.0,13,0.2633830414
631,1027,0.018433,0.061793,-3.791803,DSB,2,0,0,DIRECT,1.0,0.0,18,0.71533791418
632,1033,-0.024587,-0.048844,-3.025524,DSB,2,1,1,DIRECT,1.0,0.0,18,0.307334432513
633,1034,0.00292936,0.00528177,4.55983,DSB,2,0,0,DIRECT,1.0,0.0,7,0.845825148985
634,1042,0.074178,-0.005462,-3.672947,DSB,2,1,1,DIRECT,1.0,0.0,18,0.714487521237
635,1047,-0.0815,0.099123,-2.876047,DSB,2,0,0,DIRECT,1.0,0.0,18,0.608563658986
636,1049,-0.006159,0.032752,-2.207392,DSB,2,0,0,DIRECT,1.0,0.0,18,0.425272228406
637,1050,1.90316,-1.002524,-0.869055,DSB,2,0,0,DIRECT,1.0,0.0,10,0.54513305672
638,1050,-0.008719,0.000772,-3.516188,DSB+,3,0,0,DIRECT,1.0,0.0,18,0.700356124581
639,1050,-0.014363,0.008672,-1.735043,DSB,2,1,1,DIRECT,1.0,0.0,22,0.004476167193
640,1051,-0.000327,-0.05153,-3.080564,DSB,2,0,0,DIRECT,1.0,0.0,18,0.307275072604
641,1052,-0.010121,0.003396,-1.0478,DSB+,3,0,0,DIRECT,1.0,0.0,16,0.85095074686
642,1055,-0.039848,0.048766,-1.027799,DSB,2,1,1,DIRECT,1.0,0.0,16,0.852270336409
643,1057,0.023025,0.022172,2.070517,DSB,2,1,1,DIRECT,1.0,0.0,13,0.474328017845
644,1057,0.02328,0.018863,0.643171,DSB,2,0,0,DIRECT,1.0,0.0,13,0.994530481582
645,1057,-0.034729,0.028395,-1.607099,DSB+,3,1,1,DIRECT,1.0,0.0,23,0.004101676177
646,1058,-0.033093,-0.095869,-0.441575,DSB,2,0,0,DIRECT,1.0,0.0,16,0.411555535018
647,1063,0.153001,0.373212,-2.214803,DSB,2,3,1,DIRECT,1.0,0.0,18,0.505477431936
648,1065,-0.178143,0.032441,-0.921366,DSB,2,1,1,DIRECT,1.0,0.0,16,0.800191979019
649,1066,0.029373,0.009451,-2.214141,DSB,2,2,1,DIRECT,1.0,0.0,18,0.423913729708
650,1066,0.003233,-0.027418,-4.308506,DSB,2,0,0,DIRECT,1.0,0.0,18,0.792560517675
651,1067,-0.0072007,-0.00774139,3.26504,DSB,2,0,0,DIRECT,1.0,0.0,13,0.263482629874
652,1067,-0.006707,0.005522,2.330641,DSB,2,0,0,DIRECT,1.0,0.0,13,0.48129444705
653,1068,0.002061,-0.036257,-1.883325,DSB,2,0,0,DIRECT,1.0,0.0,22,0.004020414608
654,1073,-0.0732173,-0.0293565,0.743951,DSB,2,0,0,DIRECT,1.0,0.0,13,0.918255570615
655,1073,-0.063019,0.007511,-0.624035,DSB+,4,1,1,DIRECT,1.0,0.0,16,0.764955973276
656,1073,-0.001719,0.311469,-2.227542,DSB,2,0,0,DIRECT,1.0,0.0,18,0.505186644404
657,1075,0.117128,0.0346879,2.73754,DSB,2,0,0,DIRECT,1.0,0.0,13,0.557971091029
658,1076,0.012804,0.014521,1.951774,DSB,2,0,0,DIRECT,1.0,0.0,13,0.430583737411
659,1077,-0.049216,0.03203,-3.230234,DSB+,3,1,1,DIRECT,1.0,0.0,18,0.62205618512
660,1078,0.036954,-0.038013,1.783841,DSB,2,1,1,DIRECT,1.0,0.0,13,0.430389829173
661,1078,0.03866,-0.037663,-3.484747,DSB,2,0,0,DIRECT,1.0,0.0,18,0.700272828213
662,1079,0.008563,-0.078981,0.620173,DSB+,4,0,0,DIRECT,1.0,0.0,13,0.99364399644
663,1080,-0.01144,0.011231,3.645422,DSB+,3,1,1,DIRECT,1.0,0.0,13,0.196723212978
664,1081,-0.0789047,0.0110173,0.788531,DSB,2,0,0,DIRECT,1.0,0.0,13,0.918566344512
665,1082,0.017288,-0.051121,-0.808947,DSB,2,0,0,DIRECT,1.0,0.0,16,0.797769196563
666,1092,0.0389,-0.046614,-2.608208,DSB,2,0,0,DIRECT,1.0,0.0,18,0.325397504247
667,1094,-0.022624,-0.049637,-3.055559,DSB,2,0,0,DIRECT,1.0,0.0,18,0.307309945069
668,1096,-0.098343,-0.138401,-3.723375,DSB+,3,0,0,DIRECT,1.0,0.0,18,0.710254903766
669,1096,0.270989,-0.151982,-2.486835,DSB,2,0,0,DIRECT,1.0,0.0,18,0.402875234692
670,1096,-0.039971,-0.002063,-1.867345,DSB,2,0,0,DIRECT,1.0,0.0,22,0.005228592965
671,1097,-0.033825,-0.060976,1.023974,DSB,2,0,0,DIRECT,1.0,0.0,13,0.903926395624
672,1098,0.00570426,-0.131927,0.464915,DSB,2,0,0,DIRECT,1.0,0.0,13,0.993990346442
673,1098,-0.112616,-0.248922,-3.255177,DSB,2,0,0,DIRECT,1.0,0.0,18,0.224657419884
674,1099,-0.016593,-0.067711,-1.038059,DSB,2,1,1,DIRECT,1.0,0.0,16,0.850892046794
675,1107,0.111391,0.038246,-3.061397,DSB,2,1,1,DIRECT,1.0,0.0,18,0.62156429506
676,1109,-0.035811,0.137826,2.646258,DSB,2,0,0,DIRECT,1.0,0.0,13,0.553826794839
677,1112,-0.074988,0.09416,-4.34711,DSB,2,1,1,DIRECT,1.0,0.0,18,0.877333002742
678,1115,-0.008011,-0.025187,-0.660862,DSB,2,1,1,DIRECT,1.0,0.0,16,0.798185086366
679,1117,-0.116088,0.0213987,1.30343,DSB,2,0,0,DIRECT,1.0,0.0,13,0.828186689613
680,1127,0.024594,0.057441,-0.286652,DSB,2,1,1,DIRECT,1.0,0.0,16,0.711181321257
681,1127,0.353868,0.549299,-1.937169,DSB+,3,0,0,DIRECT,1.0,0.0,22,0.282979035337
682,1129,-0.324288,-0.128486,-1.710419,DSB+,4,1,1,DIRECT,1.0,0.0,15,0.623841013566
683,1132,0.748174,-1.26727,-1.4026,DSB,2,0,0,DIRECT,1.0,0.0,9,0.45721922864
684,1134,0.076836,-0.023767,3.99563,DSB+,3,0,0,DIRECT,1.0,0.0,17,0.036352668023
685,1136,2.040349,1.462476,2.38073,DSB+,3,1,1,DIRECT,1.0,0.0,24,0.474309265902
686,1137,0.105104,0.016038,3.971826,DSB,2,1,1,DIRECT,1.0,0.0,17,0.036196641642
687,1137,0.380266,0.220889,4.424574,DSB,2,0,0,DIRECT,1.0,0.0,17,0.043948790483
688,1137,0.006317,-0.016817,-1.728801,DSB+,4,1,1,DIRECT,1.0,0.0,22,0.004495084429
689,1138,0.011517,-0.033339,-3.627014,DSB,2,0,0,DIRECT,1.0,0.0,18,0.714507865833
690,1139,0.029428,0.083555,-4.588382,DSB,2,0,0,DIRECT,1.0,0.0,18,0.876478536696
691,1141,-0.227777,0.407416,3.32031,DSB,2,0,0,DIRECT,1.0,0.0,13,0.630902328204
692,1142,-0.0647345,-0.048592,3.17982,DSB,2,0,0,DIRECT,1.0,0.0,13,0.262394622715
693,1142,-0.034495,-0.060904,1.965921,DSB,2,0,0,DIRECT,1.0,0.0,13,0.430709767918
694,1142,0.096237,-0.136179,-2.582142,DSB,2,0,0,DIRECT,1.0,0.0,18,0.325285598509
695,1143,-0.002721,-0.024681,-0.557257,DSB+,3,1,1,DIRECT,1.0,0.0,16,0.766220492585
696,1144,0.0219551,-0.0201038,3.50451,DSB,2,0,0,DIRECT,1.0,0.0,13,0.259573105203
697,1146,0.0625223,0.021318,1.87952,DSB,2,0,0,DIRECT,1.0,0.0,13,0.429872252238
698,1146,0.063856,0.006908,4.156895,DSB,2,0,0,DIRECT,1.0,0.0,17,0.03680229963
699,1146,-0.455342,0.908975,0.260504,DSB,2,0,0,DIRECT,1.0,0.0,23,0.155324845292
700,1148,0.666238,-0.60723,-1.259306,DSB,2,1,1,DIRECT,1.0,0.0,16,0.310413847188
701,1149,0.022458,0.145894,-2.867091,DSB,2,0,0,DIRECT,1.0,0.0,18,0.608432943041
702,1149,0.136876,0.023623,-3.459881,DSB,2,0,0,DIRECT,1.0,0.0,18,0.700189001783
703,1150,-0.0030925,0.0854108,3.45965,DSB+,3,2,1,DIRECT,1.0,0.0,13,0.260140987243
704,1152,-0.000529134,0.0165041,1.16375,DSB,2,0,0,DIRECT,1.0,0.0,13,0.903604807329
705,1153,0.045683,-0.065567,-3.678081,DSB+,4,1,1,MIXED,1.0,0.0,18,0.714432485514
706,1156,-0.006892,-0.040605,3.267227,DSB,2,0,0,DIRECT,1.0,0.0,13,0.263448247846
707,1157,-0.143436,-0.005633,3.584477,DSB,2,0,0,DIRECT,1.0,0.0,13,0.196450089433
708,1159,0.0412672,0.012071,0.633057,DSB,2,0,0,DIRECT,1.0,0.0,13,0.994527040917
709,1160,0.030369,0.069594,2.404373,DSB+,3,0,0,DIRECT,1.0,0.0,13,0.480761076294
710,1160,0.031772,0.075539,2.408272,DSB,2,1,1,DIRECT,1.0,0.0,13,0.480771139777
711,1160,0.030393,0.069513,-4.556471,DSB,2,0,0,DIRECT,1.0,0.0,18,0.876458589646
712,1161,-0.066488,-0.079927,-2.673147,DSB,2,0,0,DIRECT,1.0,0.0,18,0.321273688865
713,1162,-0.0642883,-0.0345538,0.410463,DSB+,4,0,0,DIRECT,1.0,0.0,13,0.994079225155
714,1165,-0.10229,0.026667,-3.579818,DSB+,3,0,0,DIRECT,1.0,0.0,18,0.702215329098
715,1165,-0.107845,0.02806,-3.576685,DSB,2,0,0,DIRECT,1.0,0.0,18,0.702214492159
716,1167,0.0102588,-0.082965,4.40665,DSB,2,1,1,DIRECT,1.0,0.0,7,0.845638532555
717,1168,-0.178193,-0.135091,2.71837,DSB,2,0,0,DIRECT,1.0,0.0,13,0.30982832375
718,1170,0.002783,-0.427953,-3.257563,DSB+,3,0,0,DIRECT,1.0,0.0,15,0.834877081458
719,1171,-0.001355,-0.061008,-2.074994,DSB,2,0,0,DIRECT,1.0,0.0,18,0.423115157247
720,1174,0.022353,-0.025298,-3.516253,DSB,2,0,0,DIRECT,1.0,0.0,18,0.699000966665
721,1177,-1.04138,-0.737071,3.43006,DSB,2,0,0,DIRECT,1.0,0.0,7,0.117983832781
722,1177,-0.072884,0.009115,-0.873697,DSB+,4,0,0,DIRECT,1.0,0.0,16,0.797614935601
723,1181,-0.015564,0.006927,2.085353,DSB+,3,0,0,DIRECT,1.0,0.0,13,0.474746117096
724,1181,-0.007802,0.001194,-4.525886,DSB,2,0,0,DIRECT,1.0,0.0,18,0.876591167781
725,1182,0.021625,0.040027,-0.287178,DSB,2,0,0,DIRECT,1.0,0.0,16,0.711157586741
726,1182,-0.029095,0.014998,-2.333148,DSB+,3,0,0,DIRECT,1.0,0.0,18,0.405261899182
727,1186,-0.514814,0.477303,2.211357,DSB,2,0,0,DIRECT,1.0,0.0,17,0.154267657324
728,1187,0.038517,-0.049097,1.005516,DSB+,3,0,0,DIRECT,1.0,0.0,13,0.903771319504
729,1187,0.039374,-0.049726,-4.543177,DSB,2,0,0,DIRECT,1.0,0.0,18,0.876286605626
730,1190,0.046244,0.067188,-1.450492,DSB,2,0,0,DIRECT,1.0,0.0,23,0.003394130053
731,1191,0.376457,0.308528,3.70941,DSB,2,0,0,DIRECT,1.0,0.0,17,0.074350186498
732,1195,-0.014128,0.185552,1.935276,DSB,2,0,0,DIRECT,1.0,0.0,13,0.742095949617
733,1195,0.018425,-0.007378,-2.356657,DSB,2,0,0,DIRECT,1.0,0.0,18,0.403927030066
734,1197,0.00968596,0.0352311,4.49745,DSB,2,0,0,DIRECT,1.0,0.0,7,0.845735430531
735,1197,0.010775,0.025679,-3.040207,DSB+,3,0,0,DIRECT,1.0,0.0,18,0.622645655309
736,1200,0.037773,-0.068541,-3.798381,DSB,2,0,0,DIRECT,1.0,0.0,18,0.715158000162
737,1203,-0.043556,-0.022995,-2.79892,DSB,2,0,0,MIXED,1.0,0.0,18,0.321338774833
738,1204,-0.38024,0.260953,2.32571,DSB,2,2,1,DIRECT,1.0,0.0,13,0.4852904869
739,1204,-0.377242,0.26489,2.32518,DSB,2,0,0,DIRECT,1.0,0.0,13,0.485291323985
740,1208,-0.045867,0.029248,-0.52532,DSB+,4,0,0,DIRECT,1.0,0.0,16,0.766519745725
741,1208,-0.039107,0.018203,-0.535824,DSB+,3,0,0,DIRECT,1.0,0.0,16,0.76652686474
742,1210,-0.01567,-0.05127,-2.279573,DSB+,3,0,0,DIRECT,1.0,0.0,18,0.4051251503
743,1217,0.055734,0.054114,-1.848706,DSB,2,0,0,DIRECT,1.0,0.0,22,0.005109174277
744,1219,0.016106,0.014561,-3.258489,DSB,2,1,1,DIRECT,1.0,0.0,18,0.621992598668
745,1220,-0.115808,-0.305991,-0.504354,DSB+,3,3,1,DIRECT,1.0,0.0,16,0.411057471819
746,1222,0.039125,-0.062431,-0.566972,DSB+,3,0,0,DIRECT,1.0,0.0,16,0.765113984613
747,1225,-0.00252421,0.0520085,2.34584,DSB,2,1,1,DIRECT,1.0,0.0,13,0.481321707702
748,1225,-0.262311,0.71087,3.726261,DSB,2,0,0,DIRECT,1.0,0.0,17,0.287987510078
749,1227,-0.004602,-0.070268,-0.566572,DSB,2,0,0,DIRECT,1.0,0.0,16,0.765074311003
750,1227,0.279665,0.117262,3.351224,DSB+,3,1,1,DIRECT,1.0,0.0,17,0.083713540838
751,1227,0.278769,0.122792,3.352768,DSB,2,0,0,DIRECT,1.0,0.0,17,0.083712578358
752,1227,0.351736,0.116425,3.381269,DSB,2,0,0,DIRECT,1.0,0.0,17,0.083786152284
753,1230,-0.0336037,-0.0784702,1.46785,DSB,2,0,0,DIRECT,1.0,0.0,13,0.422376354569
754,1230,-0.029759,-0.077447,-1.416936,DSB,2,0,0,DIRECT,1.0,0.0,16,0.884638517423
755,1230,-0.058084,-0.030971,-2.692289,DSB,2,0,0,DIRECT,1.0,0.0,18,0.32132271955
756,1230,-0.029239,-0.083226,-4.012888,DSB,2,0,0,DIRECT,1.0,0.0,18,0.782305048975
757,1232,0.0189326,0.0846086,0.767466,DSB,2,0,0,DIRECT,1.0,0.0,13,0.918655715628
758,1236,-0.0421972,0.0660658,3.80457,DSB,2,0,0,DIRECT,1.0,0.0,13,0.196922494562
759,1236,-0.030392,0.084308,-3.023986,DSB,2,0,0,DIRECT,1.0,0.0,18,0.62295062896
760,1242,0.017551,0.000534,-3.63254,DSB,2,0,0,DIRECT,1.0,0.0,18,0.71454552112
761,1243,0.014984,-0.382556,-3.134381,DSB+,4,1,1,DIRECT,1.0,0.0,18,0.30533344353
762,1247,0.026189,0.026843,-3.800708,DSB,2,0,0,DIRECT,1.0,0.0,18,0.715316614079
763,1248,0.289075,0.397189,-2.866905,DSB,2,1,1,DIRECT,1.0,0.0,22,0.159929606056
764,1250,0.0579568,0.0613276,0.780968,DSB,2,1,1,DIRECT,1.0,0.0,13,0.917415814502
765,1253,0.054832,0.020167,-1.606448,DSB,2,0,0,DIRECT,1.0,0.0,23,0.003610964545
766,1260,-0.035075,0.018452,-1.011068,DSB,2,3,1,DIRECT,1.0,0.0,16,0.852239456088
767,1262,-0.0496341,-0.010927,0.7769,DSB+,3,1,1,DIRECT,1.0,0.0,13,0.918583646317
768,1265,-0.117385,-0.0499978,1.46264,DSB,2,0,0,DIRECT,1.0,0.0,13,0.418757581465
769,1265,-0.080541,0.02793,-2.785679,DSB,2,0,0,DIRECT,1.0,0.0,18,0.322078587191
770,1266,-0.0415841,0.0383319,3.39495,DSB,2,1,1,DIRECT,1.0,0.0,13,0.260685923311
771,1267,-0.042498,-0.015025,0.292959,DSB,2,0,0,DIRECT,1.0,0.0,16,0.494283403787
772,1270,-3.13275,-2.59852,-0.600685,DSB+,3,1,1,DIRECT,1.0,0.0,3,0.302849526711
773,1276,-0.011368,0.030547,-2.203465,DSB+,4,1,1,DIRECT,1.0,0.0,18,0.425260085814
774,1276,-0.01058,0.032231,-3.192563,DSB,2,1,1,DIRECT,1.0,0.0,18,0.623363379449
775,1277,-1.88611,-0.23538,1.835,DSB,2,0,0,DIRECT,1.0,0.0,7,0.626108617369
776,1279,0.00470719,-0.170916,2.48934,DSB,2,0,0,DIRECT,1.0,0.0,7,0.869359825973
777,1280,0.094037,-0.114102,3.330731,DSB,2,1,1,DIRECT,1.0,0.0,13,0.25891972972
778,1280,-0.004721,-0.023269,-1.158832,DSB+,3,2,1,DIRECT,1.0,0.0,16,0.851631453324
779,1284,-0.077407,0.044314,-2.955662,DSB,2,0,0,DIRECT,1.0,0.0,18,0.607145877098
780,1294,-0.023291,0.007518,-0.881421,DSB,2,0,0,DIRECT,1.0,0.0,16,0.797552324429
781,1295,-0.0237334,0.104707,3.68681,DSB,2,0,0,DIRECT,1.0,0.0,13,0.196791490787
782,1296,-0.0530338,-0.025608,0.668887,DSB+,3,0,0,DIRECT,1.0,0.0,13,0.917087474133
783,1296,-0.144736,0.040481,-0.902004,DSB,2,1,1,DIRECT,1.0,0.0,16,0.799344849664
784,1297,0.090685,0.016266,4.020197,DSB,2,1,1,DIRECT,1.0,0.0,17,0.037565204534
785,1298,-0.119266,0.488007,-0.1134,DSB+,3,0,0,DIRECT,1.0,0.0,17,0.687211060709
786,1299,0.119665,0.0169444,0.760137,DSB+,3,0,0,DIRECT,1.0,0.0,13,0.916756677906
787,1301,-0.014419,-0.027366,-1.169675,DSB+,3,0,0,DIRECT,1.0,0.0,16,0.851625512998
788,1302,-0.011102,-0.00754278,4.54667,DSB+,3,0,0,DIRECT,1.0,0.0,7,0.845821855814
789,1302,-0.015123,-0.004114,-3.318324,DSB+,3,0,0,DIRECT,1.0,0.0,18,0.699832709814
790,1302,0.103423,-0.068446,-3.335928,DSB,2,1,1,DIRECT,1.0,0.0,18,0.699597913511
791,1304,0.041744,0.027069,-3.522306,DSB,2,0,0,DIRECT,1.0,0.0,18,0.699062119018
792,1306,0.05051,0.102862,3.852702,DSB,2,0,0,DIRECT,1.0,0.0,17,0.019318389785
793,1307,-0.063269,0.000823,-2.478059,DSB,2,0,0,DIRECT,1.0,0.0,18,0.406440630327
794,1308,-0.022144,0.004332,-2.934203,DSB,2,0,0,DIRECT,1.0,0.0,18,0.607068599717
795,1310,0.023793,0.051175,-0.287144,DSB,2,1,1,DIRECT,1.0,0.0,16,0.711169527667
796,1312,-0.803509,0.214829,-0.167819,DSB,2,0,0,DIRECT,1.0,0.0,16,0.674006672989
797,1313,0.500382,-0.043252,-3.825555,DSB,2,0,0,DIRECT,1.0,0.0,18,0.777891959526
798,1319,0.0865304,0.000269102,2.5652,DSB+,3,0,0,DIRECT,1.0,0.0,13,0.479211373767
799,1319,-0.168446,0.29855,-3.6248,DSB,2,0,0,DIRECT,1.0,0.0,22,0.082410223165
800,1323,-1.793443,1.617024,3.810989,DSB+,3,0,0,DIRECT,1.0,0.0,26,0.030255454117
801,1324,0.0301097,0.0713523,3.11099,DSB+,3,1,1,DIRECT,1.0,0.0,13,0.558843788892
802,1327,-0.139773,-0.019756,-1.053486,DSB+,3,0,0,DIRECT,1.0,0.0,16,0.848271606178
803,1328,0.020834,0.092762,-0.293517,DSB,2,0,0,DIRECT,1.0,0.0,16,0.711215282243
804,1331,0.095694,-0.223766,-1.28943,DSB+,3,0,0,DIRECT,1.0,0.0,16,0.882234875273
805,1333,0.047762,0.071965,2.423599,DSB,2,2,1,DIRECT,1.0,0.0,13,0.479776295235
806,1334,0.0471365,0.0454942,3.15514,DSB,2,0,0,DIRECT,1.0,0.0,13,0.263373630351
807,1335,-0.042859,-0.074684,-1.679212,DSB,2,0,0,DIRECT,1.0,0.0,15,0.627530130245
808,1337,-0.348196,0.288677,3.31973,DSB+,3,0,0,DIRECT,1.0,0.0,13,0.629297267287
809,1337,-0.001243,-0.071816,0.478146,DSB,2,0,0,DIRECT,1.0,0.0,13,0.994287610037
810,1338,0.0562773,-0.0258341,1.79332,DSB,2,1,1,DIRECT,1.0,0.0,13,0.430394845527
811,1340,-0.00087,0.042429,-4.496532,DSB,2,0,0,DIRECT,1.0,0.0,18,0.877791415236
812,1341,-0.0684151,-0.0502266,2.21824,DSB,2,1,1,DIRECT,1.0,0.0,13,0.474066921239
813,1351,-0.00828323,0.0211347,2.22622,DSB,2,1,1,DIRECT,1.0,0.0,13,0.474106491962
814,1351,-0.115243,-0.156405,0.067862,DSB,2,1,1,DIRECT,1.0,0.0,16,0.495269906455
815,1353,0.0749952,-0.0519564,0.74527,DSB,2,1,1,DIRECT,1.0,0.0,13,0.917317789407
816,1357,0.039573,0.046672,3.877632,DSB,2,0,0,DIRECT,1.0,0.0,17,0.019255075338
817,1358,0.020134,-0.021109,-0.917005,DSB+,3,0,0,DIRECT,1.0,0.0,16,0.796256094359
818,1358,0.161166,0.02639,-2.150871,DSB,2,0,0,DIRECT,1.0,0.0,18,0.424159385296
819,1360,0.243543,-0.223962,-2.489902,DSB,2,0,0,DIRECT,1.0,0.0,18,0.4028046319
820,1361,-1.09289,-0.130594,2.60227,DSB,2,0,0,DIRECT,1.0,0.0,13,0.300411568759
821,1366,0.0410615,0.0374583,3.10581,DSB,2,1,1,DIRECT,1.0,0.0,13,0.263338177346
822,1366,0.040342,0.034508,-3.178099,DSB,2,0,0,DIRECT,1.0,0.0,18,0.623412138128
823,1371,0.92454,1.307899,-4.253711,DSB,2,0,0,DIRECT,1.0,0.0,32,0.692232922224
824,1373,-0.040327,-0.023565,-0.746532,DSB,2,1,1,DIRECT,1.0,0.0,16,0.796820512408
825,1374,-0.00466,-0.039692,-1.047614,DSB,2,0,0,DIRECT,1.0,0.0,16,0.850916859543
826,1374,0.206711,0.158676,4.383368,DSB,2,0,0,DIRECT,1.0,0.0,17,0.043654717965
827,1374,-0.007229,-0.042936,-2.996075,DSB,2,0,0,DIRECT,1.0,0.0,18,0.307365113308
828,1375,-0.010221,-0.01644,-3.510812,DSB,2,0,0,DIRECT,1.0,0.0,18,0.700343898295
829,1383,0.0182914,0.0211326,0.620695,DSB,2,0,0,DIRECT,1.0,0.0,13,0.99453446389
830,1384,-0.001987,0.033425,-0.391216,DSB+,3,1,1,DIRECT,1.0,0.0,16,0.765828712336
831,1385,0.124227,-0.044528,3.700621,DSB,2,0,0,DIRECT,1.0,0.0,17,0.01852524348
832,1389,0.078003,-0.107941,-2.637123,DSB,2,0,0,DIRECT,1.0,0.0,18,0.324020683556
833,1389,0.079092,-0.105471,-3.686892,DSB,2,0,0,DIRECT,1.0,0.0,18,0.713069578936
834,1391,0.0320685,0.0803455,1.87569,DSB,2,2,1,DIRECT,1.0,0.0,13,0.430516216672
835,1392,0.0983035,0.0391219,0.963303,DSB,2,0,0,DIRECT,1.0,0.0,13,0.916359555016
836,1393,0.00968634,0.0248798,1.01907,DSB,2,1,1,DIRECT,1.0,0.0,13,0.90426038016
837,1404,0.0785237,0.0661038,2.78991,DSB,2,0,0,DIRECT,1.0,0.0,13,0.556184284225
838,1404,0.090521,-0.001695,2.646698,DSB,2,0,0,DIRECT,1.0,0.0,13,0.556708545528
839,1404,0.127112,0.131389,0.945718,DSB,2,0,0,DIRECT,1.0,0.0,13,0.916438887268
840,1404,0.085316,0.062409,-2.909251,DSB,2,0,0,DIRECT,1.0,0.0,18,0.6069680903
841,1408,-0.005966,-0.003258,-3.459778,DSB+,3,2,1,DIRECT,1.0,0.0,18,0.700581686656
842,1409,-0.009928,0.0135,-2.059807,DSB+,3,0,0,DIRECT,1.0,0.0,18,0.424509239808
843,1411,0.153242,-0.012638,3.887761,DSB,2,0,0,DIRECT,1.0,0.0,17,0.019427505726
844,1412,0.00618,0.019133,-0.147167,DSB,2,0,0,DIRECT,1.0,0.0,16,0.710432585669
845,1414,-0.0692383,0.061744,2.62952,DSB,2,0,0,DIRECT,1.0,0.0,13,0.554380304871
846,1415,-0.00645531,-0.0191774,2.34833,DSB,2,0,0,DIRECT,1.0,0.0,13,0.481263468756
847,1415,-0.007177,-0.019242,-3.357714,DSB+,3,0,0,DIRECT,1.0,0.0,18,0.699607622005
848,1418,0.066638,0.012394,-0.839874,DSB,2,0,0,DIRECT,1.0,0.0,16,0.797838859779
849,1419,0.451495,0.196886,2.0312,DSB+,3,1,1,DIRECT,1.0,0.0,13,0.739364880352
850,1420,-0.017547,-0.032199,-2.138338,DSB,2,3,1,DIRECT,1.0,0.0,18,0.425435264152
851,1423,-0.007667,0.168537,-2.729482,DSB+,3,0,0,DIRECT,1.0,0.0,18,0.608206153456
852,1424,0.0303821,0.0550476,3.17416,DSB,2,0,0,DIRECT,1.0,0.0,13,0.263394471301
853,1426,-0.0824553,0.203255,3.70767,DSB+,3,0,0,DIRECT,1.0,0.0,13,0.198076342136
854,1428,-0.14704,-0.044482,3.391696,DSB++,6,0,0,DIRECT,1.0,0.0,13,0.260567365017
855,1431,0.05794,-0.12759,0.099727,DSB,2,1,1,DIRECT,1.0,0.0,16,0.492277730005
856,1431,-0.628017,0.019799,-0.78963,DSB,2,0,0,DIRECT,1.0,0.0,16,0.759147881306
857,1431,0.058532,-0.129672,-4.3522,DSB,2,2,1,DIRECT,1.0,0.0,18,0.791084959088
858,1432,-1.002344,1.6027,0.562783,DSB,2,2,1,DIRECT,1.0,0.0,26,0.24682520252
859,1433,-0.037672,-0.01534,1.038695,DSB,2,0,0,DIRECT,1.0,0.0,13,0.904229438796
860,1434,-0.03886,0.000848,0.291746,DSB,2,0,0,DIRECT,1.0,0.0,16,0.494296121576
861,1437,0.072198,-0.466193,-1.442169,DSB+,4,0,0,DIRECT,1.0,0.0,16,0.304787748864
862,1439,-0.669074,0.503431,-2.112363,DSB+,3,0,0,DIRECT,1.0,0.0,19,0.842820813194
863,1440,-3.00228,-1.34166,2.83407,DSB+,3,1,1,DIRECT,1.0,0.0,4,0.167285980246
864,1447,0.571574,-0.314394,-2.68615,DSB+,3,1,1,DIRECT,1.0,0.0,18,0.326398581109
865,1448,-0.038139,0.008584,-4.07801,DSB+,3,2,1,DIRECT,1.0,0.0,18,0.782914054719
866,1448,-0.042102,0.009899,-3.060413,DSB,2,0,0,DIRECT,1.0,0.0,18,0.622589092172
867,1451,0.0629674,-0.0675656,0.86882,DSB,2,2,1,DIRECT,1.0,0.0,13,0.91666026543
868,1451,0.062505,-0.069541,-2.16988,DSB+,3,0,0,DIRECT,1.0,0.0,18,0.425163272878
869,1451,0.59011,-0.299265,-3.863393,DSB,2,1,1,DIRECT,1.0,0.0,18,0.775363071176
870,1452,-0.149702,-0.081673,-0.926321,DSB,2,0,0,DIRECT,1.0,0.0,16,0.799217578008
871,1453,0.0363673,-0.000953536,2.20058,DSB+,3,1,1,DIRECT,1.0,0.0,13,0.473673085138
872,1453,0.031448,-0.002909,0.885793,DSB+,3,0,0,DIRECT,1.0,0.0,13,0.917510620514
873,1456,0.0676162,-0.0677709,4.16586,DSB+,4,3,1,DIRECT,1.0,0.0,7,0.808829139654
874,1456,0.071432,-0.054652,4.17696,DSB,2,0,0,DIRECT,1.0,0.0,7,0.808839765755
875,1461,-0.0171357,-0.0095872,3.64773,DSB+,3,0,0,DIRECT,1.0,0.0,13,0.196700476277
876,1462,-0.102928,-0.171093,-0.030608,DSB,2,1,1,DIRECT,1.0,0.0,16,0.464699882935
877,1463,0.043134,-0.146745,-3.31594,DSB,2,0,0,DIRECT,1.0,0.0,18,0.22449044355
878,1463,-0.045972,-0.00572,-1.775844,DSB,2,1,1,DIRECT,1.0,0.0,22,0.003095434543
879,1463,-0.0526,0.001937,-1.771821,DSB,2,0,0,DIRECT,1.0,0.0,22,0.003110240918
880,1467,-0.011484,0.0228506,2.48326,DSB,2,0,0,DIRECT,1.0,0.0,13,0.480659130441
881,1468,-0.0637181,-0.0754016,1.99686,DSB,2,0,0,DIRECT,1.0,0.0,13,0.473198494971
882,1469,-0.16289,0.001854,-1.958869,DSB,2,0,0,DIRECT,1.0,0.0,19,0.417653395927
883,1472,2.15569,-2.043,-0.366796,DSB,2,1,1,DIRECT,1.0,0.0,6,0.897176232919
884,1476,-0.004916,-0.014125,-3.234111,DSB,2,1,1,DIRECT,1.0,0.0,18,0.621958598015
885,1477,-0.107775,0.0679274,0.0120337,DSB,2,1,1,DIRECT,1.0,0.0,16,0.679868522567
886,1478,-0.0747269,-0.075756,0.42736,DSB+,3,0,0,DIRECT,1.0,0.0,13,0.994044824662
887,1478,-0.055686,-0.078984,0.432565,DSB,2,1,1,DIRECT,1.0,0.0,13,0.99403852806
888,1480,0.047487,-0.004294,-3.457146,DSB,2,0,0,DIRECT,1.0,0.0,18,0.700628973717
889,1483,0.026557,-0.065418,-0.811662,DSB,2,0,0,DIRECT,1.0,0.0,16,0.797779202027
890,1483,0.020214,-0.064487,-0.813346,DSB,2,0,0,DIRECT,1.0,0.0,16,0.797779416334
891,1485,0.0237647,0.0499569,3.70532,DSB,2,0,0,DIRECT,1.0,0.0,13,0.196164458855
892,1485,0.025409,0.052428,2.368459,DSB,2,0,0,DIRECT,1.0,0.0,13,0.48072993797
893,1485,0.026286,0.052941,4.247662,DSB,2,0,0,DIRECT,1.0,0.0,17,0.039112544602
894,1485,0.032649,0.06814,-1.703171,DSB+,3,0,0,DIRECT,1.0,0.0,22,0.004858957457
895,1487,0.750099,-0.084188,3.446044,DSB,2,0,0,DIRECT,1.0,0.0,14,0.127930160043
896,1490,-0.686768,0.091466,-1.067495,DSB,2,1,1,DIRECT,1.0,0.0,16,0.804312877716
897,1490,-0.986956,0.87805,-0.053561,DSB,2,0,0,DIRECT,1.0,0.0,23,0.148267016357
898,1492,-0.0812106,-0.149685,4.09208,DSB+,3,2,1,DIRECT,1.0,0.0,7,0.808595068834
899,1492,-0.013977,-0.087773,-0.766069,DSB,2,0,0,DIRECT,1.0,0.0,16,0.795491379495
900,1496,0.048304,-0.044967,-2.01037,DSB,2,0,0,DIRECT,1.0,0.0,18,0.424754811703
901,1498,0.027673,-0.012337,-3.516573,DSB,2,0,0,DIRECT,1.0,0.0,18,0.699012676838
902,1499,0.103163,-0.047417,-0.973018,DSB,2,0,0,DIRECT,1.0,0.0,16,0.85199644518
903,1499,0.02258,-0.009473,-2.080276,DSB,2,0,0,DIRECT,1.0,0.0,18,0.423162688416
904,1501,0.063847,0.038293,-1.985537,DSB,2,1,1,DIRECT,1.0,0.0,18,0.425725103153
905,1503,-0.006817,-0.082691,0.00764,DSB,2,0,0,DIRECT,1.0,0.0,16,0.468721343116
906,1503,-0.006891,-0.078893,-0.455268,DSB,2,0,0,DIRECT,1.0,0.0,16,0.764346302934
907,1511,0.057332,0.125209,3.155996,DSB+,4,1,1,DIRECT,1.0,0.0,13,0.559932565431
908,1514,0.0216742,-0.0130521,3.51241,DSB,2,3,1,DIRECT,1.0,0.0,13,0.259585636855
909,1521,-0.0973883,0.126008,1.59202,DSB,2,0,0,DIRECT,1.0,0.0,13,0.815018963664
910,1521,0.067792,0.115053,-0.241932,DSB+,3,0,0,DIRECT,1.0,0.0,16,0.710575950452
911,1525,-0.075064,0.124647,-1.422647,DSB+,3,0,0,DIRECT,1.0,0.0,23,0.004923241093
912,1528,-0.006145,-0.050347,3.245992,DSB,2,0,0,DIRECT,1.0,0.0,13,0.263442905275
913,1529,-0.015485,-0.047128,-2.47349,DSB,2,0,0,DIRECT,1.0,0.0,18,0.404600800951
914,1531,0.175557,-0.199498,4.57748,DSB,2,0,0,DIRECT,1.0,0.0,7,0.847003741124
915,1531,-0.047024,0.002003,-1.615777,DSB,2,0,0,DIRECT,1.0,0.0,23,0.003721798288
916,1532,0.0576912,-0.0180588,0.739937,DSB,2,0,0,DIRECT,1.0,0.0,13,0.917344059098
917,1535,0.0131731,0.0320344,0.633818,DSB,2,0,0,DIRECT,1.0,0.0,13,0.994543813389
918,1538,0.0701312,0.00688488,0.464978,DSB+,4,2,1,DIRECT,1.0,0.0,13,0.994371749372
919,1538,0.053026,0.00238,-3.819982,DSB,2,0,0,DIRECT,1.0,0.0,18,0.715233924491
920,1539,0.059226,-0.0218651,-3.93536,DSB+,3,1,1,DIRECT,1.0,0.0,18,0.781027956557
921,1540,-0.011517,0.043675,-3.377465,DSB+,3,0,0,DIRECT,1.0,0.0,18,0.699662127667
922,1541,-0.027841,0.068008,-3.14952,DSB+,3,0,0,DIRECT,1.0,0.0,18,0.623697583199
923,1542,0.0807231,0.00820618,2.09014,DSB,2,1,1,DIRECT,1.0,0.0,13,0.472923020202
924,1542,0.08073,0.007793,-0.83776,DSB,2,0,0,DIRECT,1.0,0.0,16,0.797829282928
925,1546,-0.009081,0.059928,-2.324874,DSB,2,0,0,DIRECT,1.0,0.0,18,0.405315414466
926,1548,-0.100849,0.000202,-3.975114,DSB,2,0,0,DIRECT,1.0,0.0,18,0.783772907722
927,1552,-0.009044,0.006771,2.209789,DSB+,3,0,0,DIRECT,1.0,0.0,13,0.474104060723
928,1552,-0.003471,0.014158,-1.993732,DSB+,4,0,0,DIRECT,1.0,0.0,18,0.425903545553
929,1552,-0.009465,0.004368,-3.327336,DSB,2,0,0,DIRECT,1.0,0.0,18,0.699835708846
930,1554,0.738415,-0.230869,0.328285,DSB,2,1,1,DIRECT,1.0,0.0,16,0.487658172067
931,1554,0.108537,-0.005123,-0.448068,DSB,2,0,0,DIRECT,1.0,0.0,16,0.764474123752
932,1555,0.140258,-0.413514,4.61491,DSB,2,0,0,DIRECT,1.0,0.0,7,0.187633662344
933,1555,-0.013003,-0.03809,3.262211,DSB,2,0,0,DIRECT,1.0,0.0,13,0.263450088202
934,1555,-0.013292,-0.032554,-3.796931,DSB,2,2,1,DIRECT,1.0,0.0,18,0.710448738872
935,1556,0.027965,-0.001947,0.775477,DSB+,3,0,0,DIRECT,1.0,0.0,13,0.918148208331
936,1557,-0.042938,-0.032003,-2.016703,DSB,2,0,0,DIRECT,1.0,0.0,18,0.424671138712
937,1558,-0.030543,-0.009866,-0.888965,DSB,2,0,0,DIRECT,1.0,0.0,16,0.797538756108
938,1558,-0.033256,-0.001512,-1.875031,DSB+,3,0,0,DIRECT,1.0,0.0,22,0.005226650311
939,1560,0.128441,-0.074532,2.88721,DSB+,3,1,1,DIRECT,1.0,0.0,13,0.31237305547
940,1560,0.070085,0.025785,2.091468,DSB,2,1,1,DIRECT,1.0,0.0,13,0.473548051747
941,1565,-0.012322,0.04688,-2.065596,DSB,2,0,0,DIRECT,1.0,0.0,18,0.424548603846
942,1566,-0.028809,0.003805,-4.030105,DSB,2,0,0,DIRECT,1.0,0.0,18,0.782958196285
943,1568,0.0134406,0.0583652,3.41971,DSB,2,1,1,DIRECT,1.0,0.0,13,0.260101225714
944,1570,0.0140793,0.142849,1.66736,DSB,2,0,0,DIRECT,1.0,0.0,13,0.817895076341
945,1571,0.013139,-0.029162,2.195271,DSB,2,0,0,DIRECT,1.0,0.0,13,0.473646304578
946,1575,-0.131518,-0.000189037,0.876129,DSB+,4,2,1,DIRECT,1.0,0.0,13,0.917851923387
947,1576,0.06,0.049127,-1.974925,DSB,2,0,0,DIRECT,1.0,0.0,18,0.425740244777
948,1578,-0.018372,-0.000267,-2.314206,DSB,2,1,1,DIRECT,1.0,0.0,18,0.405252678903
949,1578,-0.016398,0.038569,-4.373878,DSB,2,1,1,DIRECT,1.0,0.0,18,0.877038595449
950,1578,-0.015855,0.037657,-3.190349,DSB,2,0,0,DIRECT,1.0,0.0,18,0.623350162785
951,1579,0.443814,-0.787345,0.736807,DSB+,3,1,1,DIRECT,1.0,0.0,13,0.362097039059
952,1580,0.000647,0.055617,2.082834,DSB,2,0,0,DIRECT,1.0,0.0,13,0.474791812079
953,1581,-0.040769,-0.053749,-3.859189,DSB,2,0,0,DIRECT,1.0,0.0,18,0.711080000223
954,1582,0.063791,-0.097889,-1.195556,DSB+,3,0,0,DIRECT,1.0,0.0,16,0.850236909852
955,1582,0.06079,-0.147954,-3.349491,DSB,2,0,0,DIRECT,1.0,0.0,18,0.224451400339
956,1587,-0.032272,0.029378,-3.201901,DSB,2,0,0,DIRECT,1.0,0.0,18,0.623339177958
957,1588,-0.098648,0.005275,-0.338209,DSB,2,0,0,DIRECT,1.0,0.0,16,0.710852902255
958,1590,0.0923347,-0.00630953,2.04193,DSB,2,1,1,DIRECT,1.0,0.0,13,0.472878937838
959,1593,0.0882833,0.0362073,2.26707,DSB,2,1,1,DIRECT,1.0,0.0,13,0.477739249307
960,1594,0.052461,0.61684,1.041756,DSB,2,0,0,DIRECT,1.0,0.0,17,0.865277096602
961,1598,0.112707,0.197322,2.90135,DSB,2,0,0,DIRECT,1.0,0.0,13,0.558511152309
962,1599,0.103102,-0.141352,2.948591,DSB,2,0,0,DIRECT,1.0,0.0,13,0.312249277707
963,1600,0.0517116,-0.325931,2.45581,DSB,2,0,0,DIRECT,1.0,0.0,7,0.868230805262
964,1600,0.010492,-0.153494,2.598108,DSB,2,0,0,DIRECT,1.0,0.0,7,0.868838558941
965,1603,0.0129719,0.0783615,3.41267,DSB,2,0,0,DIRECT,1.0,0.0,13,0.260097754274
966,1604,0.049493,0.09224,0.554869,DSB,2,1,1,DIRECT,1.0,0.0,13,0.994472094916
967,1607,0.046869,0.032666,3.11731,DSB+,4,0,0,DIRECT,1.0,0.0,13,0.263340245438
968,1608,-0.0609536,-0.0253454,0.548585,DSB+,3,1,1,DIRECT,1.0,0.0,13,0.99344720149
969,1608,-0.016239,-0.007759,2.481855,DSB,2,0,0,DIRECT,1.0,0.0,13,0.480626496443
970,1610,0.177876,0.444894,-2.186008,DSB+,3,0,0,DIRECT,1.0,0.0,22,0.256317010669
971,1613,-0.091578,-0.035825,0.131041,DSB,2,0,0,DIRECT,1.0,0.0,16,0.495386529724
972,1615,0.014735,0.004752,-4.392871,DSB+,3,1,1,DIRECT,1.0,0.0,18,0.875861056943
973,1618,-0.0272842,-0.0645452,-1.69279,DSB+,3,0,0,DIRECT,1.0,0.0,15,0.627513441076
974,1624,-0.01149,0.014075,2.088984,DSB+,3,1,1,DIRECT,1.0,0.0,13,0.474747120367
975,1624,0.126166,-0.001923,0.205735,DSB,2,0,0,DIRECT,1.0,0.0,16,0.493925256365
976,1624,-0.017085,-0.117665,-3.995082,DSB,2,0,0,DIRECT,1.0,0.0,18,0.78227217819
977,1628,0.003354,-0.078358,0.010735,DSB,2,0,0,DIRECT,1.0,0.0,16,0.468719621962
978,1629,-0.143117,-0.00276701,0.452636,DSB,2,1,1,DIRECT,1.0,0.0,13,0.989926151884
979,1630,-0.00577288,0.0388401,2.21157,DSB+,3,0,0,DIRECT,1.0,0.0,13,0.474126655858
980,1631,-0.038935,-0.100754,1.83446,DSB+,4,1,1,DIRECT,1.0,0.0,13,0.428267098996
981,1631,-0.039781,-0.098881,1.833089,DSB+,3,0,0,DIRECT,1.0,0.0,13,0.428267049756
982,1632,0.0815238,0.0714505,1.24399,DSB,2,1,1,DIRECT,1.0,0.0,13,0.907317056957
983,1635,-0.0403538,0.0248359,3.39436,DSB,2,0,0,DIRECT,1.0,0.0,13,0.260675484371
984,1637,-0.306608,0.349344,0.634588,DSB+,3,0,0,DIRECT,1.0,0.0,16,0.596055168017
985,1647,0.074766,0.023605,4.04767,DSB,2,0,0,DIRECT,1.0,0.0,17,0.037559053031
986,1648,-0.077986,-0.077428,-1.107233,DSB+,4,1,1,DIRECT,1.0,0.0,16,0.846890148836
987,1651,0.945608,-1.47319,2.12679,DSB,2,0,0,DIRECT,1.0,0.0,6,0.668389390914
988,1651,0.945087,-1.458907,2.149395,DSB,2,0,0,DIRECT,1.0,0.0,6,0.668394208592
989,1651,0.107855,0.039177,0.797096,DSB,2,1,1,DIRECT,1.0,0.0,13,0.916800064751
990,1654,0.00725048,-0.109811,1.69912,DSB,2,0,0,DIRECT,1.0,0.0,13,0.428845487682
991,1657,-0.00932235,-0.0136552,3.64609,DSB,2,0,0,DIRECT,1.0,0.0,13,0.196700833269
992,1657,-0.000465,-0.059481,-2.17958,DSB,2,1,1,DIRECT,1.0,0.0,18,0.425099895662
993,1658,-0.006177,-0.037158,-4.356363,DSB,2,1,1,DIRECT,1.0,0.0,18,0.79251457669
994,1661,-0.519849,-0.3399,4.05132,DSB,2,2,1,DIRECT,1.0,0.0,7,0.222590830667
995,1662,-0.030071,-0.035843,-1.949067,DSB,2,0,0,DIRECT,1.0,0.0,22,0.003777640992
996,1663,0.030762,-0.058826,-1.178514,DSB,2,0,0,DIRECT,1.0,0.0,16,0.851543192266
997,1663,0.026514,-0.055262,-3.35497,DSB,2,0,0,DIRECT,1.0,0.0,18,0.699509734997
998,1665,0.0299008,0.0168548,4.41733,DSB,2,0,0,DIRECT,1.0,0.0,7,0.845680653439
999,1667,0.054834,-0.067034,-3.201252,DSB,2,2,1,DIRECT,1.0,0.0,18,0.621878551761
1000,1669,0.040315,0.0205982,3.12076,DSB,2,1,1,DIRECT,1.0,0.0,13,0.263343858444
1001,1674,-0.000618,-0.05185,-3.050675,DSB,2,2,1,DIRECT,1.0,0.0,18,0.307301261825
1002,1675,-0.060972,0.030762,-4.071375,DSB+,3,1,1,DIRECT,1.0,0.0,18,0.78363718409
1003,1676,-0.028789,0.063596,1.193517,DSB,2,1,1,DIRECT,1.0,0.0,13,0.904440378018
1004,1677,0.0587562,0.0100303,4.27641,DSB,2,0,0,DIRECT,1.0,0.0,17,0.039004649197
1005,1677,0.058049,0.011301,-3.944543,DSB,2,1,1,DIRECT,1.0,0.0,18,0.78105150942
1006,1678,-0.126306,-0.058127,3.533306,DSB+,3,1,1,DIRECT,1.0,0.0,13,0.259925862597
1007,1684,-0.060808,0.01941,-2.047562,DSB,2,0,0,DIRECT,1.0,0.0,18,0.424573935204
1008,1685,-0.053724,-0.015836,-2.739304,DSB,2,1,1,DIRECT,1.0,0.0,18,0.321400213141
1009,1687,0.047161,0.018653,-3.388666,DSB,2,0,0,DIRECT,1.0,0.0,18,0.698322341533
1010,1688,-0.27679,0.181941,1.57593,DSB,2,0,0,DIRECT,1.0,0.0,13,0.815278755403
1011,1688,-0.224461,0.153245,1.602608,DSB,2,0,0,DIRECT,1.0,0.0,13,0.81540233005
1012,1689,-0.973293,0.188328,-4.036193,DSB,2,0,0,DIRECT,1.0,0.0,19,0.983482086815
1013,1691,-0.058822,-0.030691,-0.308144,DSB,2,0,0,DIRECT,1.0,0.0,16,0.710759544704
1014,1692,0.133964,-0.073924,3.885767,DSB,2,0,0,DIRECT,1.0,0.0,17,0.019066931418
1015,1693,0.0323806,0.0629447,1.83998,DSB,2,0,0,DIRECT,1.0,0.0,13,0.43048203776
1016,1694,-0.0405668,-0.0503975,1.93803,DSB,2,0,0,DIRECT,1.0,0.0,13,0.430702584992
1017,1698,-0.03905,0.002353,-1.617208,DSB,2,0,0,DIRECT,1.0,0.0,23,0.003722470769
1018,1699,0.128664,-0.015401,4.29709,DSB,2,0,0,DIRECT,1.0,0.0,17,0.039084611758
1019,1700,0.036212,0.014497,-4.521432,DSB,2,0,0,DIRECT,1.0,0.0,18,0.876625831011
1020,1703,0.050045,0.091823,-3.027716,DSB,2,0,0,DIRECT,1.0,0.0,18,0.623010825808
1021,1704,0.481792,-0.685335,-1.320687,DSB+,3,0,0,DIRECT,1.0,0.0,16,0.307398746571
1022,1707,-0.023553,0.0902371,2.5974,DSB+,4,1,1,DIRECT,1.0,0.0,13,0.553979673611
1023,1707,-0.025069,0.087599,-2.626073,DSB,2,2,1,DIRECT,1.0,0.0,18,0.521328222425
1024,1708,-0.062396,0.134072,-3.099368,DSB+,4,0,0,DIRECT,1.0,0.0,18,0.622754875868
1025,1709,0.079084,0.035267,-0.709077,DSB,2,0,0,DIRECT,1.0,0.0,16,0.79715227996
1026,1712,-0.028007,-0.0287,-2.792364,DSB,2,0,0,DIRECT,1.0,0.0,18,0.321341836635
1027,1713,0.146559,-0.696358,0.675421,DSB,2,1,1,DIRECT,1.0,0.0,13,0.359800386044
1028,1713,-0.03089,0.090011,4.312005,DSB,2,0,0,DIRECT,1.0,0.0,17,0.040476964645
1029,1714,-0.038594,-0.021236,-2.319454,DSB+,3,0,0,DIRECT,1.0,0.0,18,0.405224146252
1030,1723,0.166648,0.0315083,0.667744,DSB+,3,0,0,DIRECT,1.0,0.0,13,0.997362739631
1031,1724,0.092324,0.358571,0.569961,DSB,2,0,0,DIRECT,1.0,0.0,16,0.624778459989
1032,1724,0.000948,-0.016933,-1.051764,DSB,2,0,0,DIRECT,1.0,0.0,16,0.850940949006
1033,1726,-0.070097,0.024266,-0.859247,DSB,2,0,0,DIRECT,1.0,0.0,16,0.797617554166
1034,1728,0.0184046,0.0508516,3.71721,DSB,2,0,0,DIRECT,1.0,0.0,13,0.196175679485
1035,1728,0.003926,0.043542,0.785741,DSB,2,0,0,DIRECT,1.0,0.0,13,0.918612513433
1036,1729,-0.087301,-0.070554,0.093322,DSB,2,2,1,DIRECT,1.0,0.0,16,0.495342603457
1037,1730,-0.023482,0.054828,-3.627962,DSB,2,1,1,DIRECT,1.0,0.0,18,0.71592098876
1038,1732,-0.00579464,0.0947765,3.68355,DSB,2,0,0,DIRECT,1.0,0.0,13,0.196783212264
1039,1733,-0.0286234,0.0638609,1.30731,DSB,2,1,1,DIRECT,1.0,0.0,13,0.828083205001
1040,1733,0.042148,0.147026,0.469425,DSB,2,0,0,DIRECT,1.0,0.0,16,0.622164609318
1041,1733,-0.02924,0.063414,-3.249449,DSB,2,0,0,DIRECT,1.0,0.0,18,0.62209702775
1042,1733,-0.029446,0.063709,-1.846724,DSB,2,1,1,DIRECT,1.0,0.0,22,0.005604703989
1043,1734,0.005582,0.01985,-0.136827,DSB,2,1,1,DIRECT,1.0,0.0,16,0.710431340009
1044,1737,0.028495,-0.086998,3.254116,DSB,2,0,0,DIRECT,1.0,0.0,13,0.262609150322
1045,1739,-0.178342,0.013851,-1.032997,DSB+,4,0,0,DIRECT,1.0,0.0,16,0.849172051134
1046,1742,-0.139744,-0.00193218,2.15822,DSB,2,0,0,DIRECT,1.0,0.0,13,0.473832205115
1047,1742,0.213451,0.547105,1.618646,DSB+,3,1,1,DIRECT,1.0,0.0,17,0.641047282877
1048,1743,0.00568,-0.036614,-4.400915,DSB,2,0,0,DIRECT,1.0,0.0,18,0.792479669353
1049,1745,-0.019542,0.048594,-2.905037,DSB,2,0,0,DIRECT,1.0,0.0,18,0.607423196884
1050,1746,-0.115189,-0.0707298,3.78773,DSB,2,1,1,DIRECT,1.0,0.0,13,0.195958948375
1051,1746,-0.134371,-0.069162,3.188071,DSB,2,0,0,DIRECT,1.0,0.0,13,0.262427225938
1052,1747,0.0394041,0.111704,2.73943,DSB,2,0,0,DIRECT,1.0,0.0,13,0.55820967867
1053,1748,0.003912,-0.062055,3.379003,DSB,2,2,1,DIRECT,1.0,0.0,13,0.260180816478
1054,1750,-0.050093,0.096446,-3.48752,DSB,2,1,1,DIRECT,1.0,0.0,18,0.700506369107
1055,1757,-0.103786,0.0991166,2.79233,DSB,2,0,0,DIRECT,1.0,0.0,13,0.5545569667
1056,1758,-0.021388,-0.039619,-2.299488,DSB,2,0,0,DIRECT,1.0,0.0,18,0.405115846327
1057,1760,-0.0119407,0.0302059,3.64889,DSB+,3,0,0,DIRECT,1.0,0.0,13,0.196736163172
1058,1761,-0.00797862,-0.0431351,0.625629,DSB,2,0,0,DIRECT,1.0,0.0,13,0.994684043563
1059,1762,0.064806,-0.043343,0.880088,DSB,2,0,0,DIRECT,1.0,0.0,13,0.916679543001
1060,1763,0.040711,-0.079212,-2.248525,DSB,2,0,0,DIRECT,1.0,0.0,18,0.423777113341
1061,1765,-0.036373,-0.008023,-0.151613,DSB,2,1,1,DIRECT,1.0,0.0,16,0.710405803973
1062,1765,-0.042479,-0.013928,-2.138514,DSB,2,0,0,DIRECT,1.0,0.0,18,0.425412464535
1063,1766,-0.048585,-0.112831,-4.257184,DSB,2,0,0,DIRECT,1.0,0.0,18,0.792610141192
1064,1767,0.0930519,0.0621012,1.50118,DSB+,3,0,0,DIRECT,1.0,0.0,13,0.825083702328
1065,1768,0.010919,-0.020687,-2.482862,DSB,2,1,1,DIRECT,1.0,0.0,18,0.404641748198
1066,1773,-0.0644522,-0.0215731,1.17907,DSB+,3,0,0,DIRECT,1.0,0.0,13,0.903553154271
1067,1776,0.663719,0.582718,0.954022,DSB,2,0,0,DIRECT,1.0,0.0,17,0.798512382515
1068,1777,0.0271713,0.0238077,4.48937,DSB,2,1,1,DIRECT,1.0,0.0,7,0.845728532258
1069,1777,0.027291,0.028659,-0.261021,DSB+,4,1,1,DIRECT,1.0,0.0,16,0.711149007758
1070,1778,-0.055925,-0.018705,-3.974098,DSB,2,0,0,DIRECT,1.0,0.0,18,0.782842412728
1071,1779,-0.000275387,-0.0405034,0.409175,DSB+,3,1,1,DIRECT,1.0,0.0,13,0.992905663002
1072,1779,-0.042839,-0.030627,0.420004,DSB,2,0,0,DIRECT,1.0,0.0,13,0.9940827643
1073,1783,0.168876,-0.024402,-2.425934,DSB,2,0,0,DIRECT,1.0,0.0,18,0.404868747018
1074,1783,0.032729,0.020008,-3.781833,DSB,2,0,0,DIRECT,1.0,0.0,18,0.715307365901
1075,1783,0.034218,0.023354,-4.351862,DSB,2,0,0,DIRECT,1.0,0.0,18,0.877090318288
1076,1784,0.052561,0.052454,-4.492585,DSB,2,2,1,DIRECT,1.0,0.0,18,0.877851144793
1077,1788,-0.026771,0.019325,-2.079718,DSB,2,1,1,DIRECT,1.0,0.0,18,0.424516416561
1078,1789,-0.041561,-0.076584,0.616519,DSB+,3,0,0,DIRECT,1.0,0.0,13,0.993598079875
1079,1789,-0.035838,-0.070246,1.43878,DSB,2,1,1,DIRECT,1.0,0.0,13,0.422394222637
1080,1792,0.045707,0.077497,1.892206,DSB,2,0,0,DIRECT,1.0,0.0,13,0.43052016205
1081,1792,0.070607,0.048027,-1.98465,DSB+,4,0,0,DIRECT,1.0,0.0,18,0.425738598796
1082,1793,-0.094905,-0.100568,3.384409,DSB+,3,0,0,DIRECT,1.0,0.0,13,0.260298943919
1083,1793,-0.214912,-0.153593,-2.70803,DSB,2,0,0,DIRECT,1.0,0.0,18,0.320900692986
1084,1796,-0.103543,0.0100626,2.48309,DSB,2,0,0,DIRECT,1.0,0.0,13,0.481605307118
1085,1796,-0.197778,-0.179377,-0.363452,DSB+,3,1,1,DIRECT,1.0,0.0,16,0.4105700704
1086,1798,-0.016788,-0.014413,-3.379402,DSB,2,1,1,DIRECT,1.0,0.0,18,0.699614882452
1087,1801,0.802905,-0.493573,-2.648711,DSB,2,0,0,DIRECT,1.0,0.0,15,0.812288157387
1088,1803,0.043438,0.053625,-1.988227,DSB,2,1,1,DIRECT,1.0,0.0,18,0.425745454723
1089,1804,-0.032899,-0.020712,-2.751351,DSB++,5,1,1,DIRECT,1.0,0.0,18,0.321380335836
1090,1811,-0.024604,-0.063082,-4.017173,DSB,2,0,0,DIRECT,1.0,0.0,18,0.782330212945
1091,1812,-0.071281,0.02021,-2.467881,DSB,2,2,1,DIRECT,1.0,0.0,18,0.406462062943
1092,1813,-0.007907,-0.066839,-0.889985,DSB+,3,1,1,DIRECT,1.0,0.0,16,0.796211491685
1093,1814,0.0431708,0.0981203,1.81785,DSB+,3,0,0,DIRECT,1.0,0.0,13,0.817335522064
1094,1814,0.000137,-0.007429,-1.742394,DSB,2,0,0,DIRECT,1.0,0.0,22,0.00449170843
1095,1817,0.039171,0.005077,-4.385355,DSB,2,0,0,DIRECT,1.0,0.0,18,0.875885293305
1096,1818,-0.012768,0.078725,1.290201,DSB+,3,0,0,DIRECT,1.0,0.0,13,0.828098124807
1097,1818,-0.01661,0.080313,-3.240035,DSB,2,0,0,DIRECT,1.0,0.0,18,0.622111548644
1098,1819,-0.048779,0.033894,-3.056414,DSB,2,0,0,DIRECT,1.0,0.0,18,0.622583135955
1099,1822,-0.088521,0.078317,-3.161588,DSB,2,0,0,DIRECT,1.0,0.0,18,0.623635914733
1100,1823,-0.034824,-0.038294,-0.616954,DSB,2,1,1,DIRECT,1.0,0.0,16,0.764860057434
1101,1825,0.00090067,0.013223,3.23307,DSB,2,0,0,DIRECT,1.0,0.0,13,0.263508548729
1102,1829,0.108828,-0.112878,-3.684108,DSB,2,0,0,DIRECT,1.0,0.0,18,0.713062953168
1103,1830,0.0175312,0.00276947,0.625516,DSB,2,0,0,DIRECT,1.0,0.0,13,0.994523747973
1104,1830,0.011873,-0.017155,-4.326667,DSB,2,0,0,DIRECT,1.0,0.0,18,0.792546038628
1105,1833,0.048393,-0.014892,-3.911312,DSB+,3,0,0,DIRECT,1.0,0.0,18,0.78102035436
1106,1833,0.056936,-0.007293,-3.325331,DSB,2,1,1,DIRECT,1.0,0.0,18,0.699901136563
1107,1834,0.0397793,-0.0603216,3.11504,DSB,2,0,0,DIRECT,1.0,0.0,13,0.263282966678
1108,1835,0.041275,-0.09563,-4.060341,DSB,2,0,0,DIRECT,1.0,0.0,18,0.781479073732
1109,1835,0.030645,-0.04411,-1.761169,DSB,2,1,1,DIRECT,1.0,0.0,22,0.003264612837
1110,1836,-0.0396796,0.12831,3.97734,DSB,2,1,1,DIRECT,1.0,0.0,13,0.193530109818
1111,1836,-0.046356,0.123037,2.335113,DSB,2,1,1,DIRECT,1.0,0.0,13,0.482186871802
1112,1837,-0.065505,0.047304,-0.866171,DSB,2,0,0,DIRECT,1.0,0.0,16,0.797641536475
1113,1839,0.031786,-0.130968,-4.426209,DSB,2,0,0,DIRECT,1.0,0.0,18,0.791943526136
1114,1841,0.007383,0.00363,-1.983168,DSB,2,0,0,DIRECT,1.0,0.0,18,0.42591898708
1115,1842,-2.646892,-0.570628,-1.5581,DSB,2,1,1,DIRECT,1.0,0.0,12,0.547044367925
1116,1842,0.105773,0.003756,2.400059,DSB,2,0,0,DIRECT,1.0,0.0,13,0.479677802357
1117,1844,-0.030221,-0.010889,-0.56579,DSB,2,0,0,DIRECT,1.0,0.0,16,0.766195036914
1118,1846,-0.32663,-0.0563102,2.53393,DSB,2,0,0,DIRECT,1.0,0.0,7,0.867676708793
1119,1846,0.005626,-0.061556,3.260345,DSB+,3,0,0,DIRECT,1.0,0.0,13,0.263434479032
1120,1846,0.002795,-0.061871,-2.069148,DSB,2,0,0,DIRECT,1.0,0.0,18,0.423114187792
1121,1846,-0.061733,-0.077282,-3.963,DSB,2,0,0,DIRECT,1.0,0.0,18,0.782791087435
1122,1847,-0.002532,-0.071454,-0.912302,DSB+,3,0,0,DIRECT,1.0,0.0,16,0.796205866122
1123,1853,-0.033938,-0.022437,-0.875855,DSB,2,0,0,DIRECT,1.0,0.0,16,0.797528536336
1124,1858,-0.082554,0.008947,-1.411694,DSB+,3,0,0,DIRECT,1.0,0.0,16,0.886025077954
1125,1859,-0.0614,0.024746,-0.631725,DSB,2,3,1,DIRECT,1.0,0.0,16,0.764979433211
1126,1861,0.020863,-0.024504,-2.234206,DSB,2,0,0,DIRECT,1.0,0.0,18,0.423884583302
1127,1864,-0.0509378,0.128139,3.69679,DSB+,3,1,1,DIRECT,1.0,0.0,13,0.197427866062
1128,1865,-0.047884,-0.049285,2.486645,DSB+,4,2,1,DIRECT,1.0,0.0,13,0.480599518922
1129,1865,0.132719,0.026034,2.851056,DSB,2,0,0,DIRECT,1.0,0.0,13,0.557325747868
1130,1866,0.0362943,0.0507505,3.15151,DSB+,3,0,0,DIRECT,1.0,0.0,13,0.263372430119
1131,1866,0.040753,0.05272,3.116756,DSB,2,1,1,DIRECT,1.0,0.0,13,0.558857003753
1132,1870,-0.000353777,-0.0976269,4.41986,DSB+,3,0,0,DIRECT,1.0,0.0,7,0.845627676341
1133,1872,0.0127483,-0.0934779,1.44193,DSB+,3,2,1,DIRECT,1.0,0.0,13,0.422315530509
1134,1873,-0.725982,-0.702213,4.2536,DSB,2,0,0,DIRECT,1.0,0.0,7,0.156095986729
1135,1873,0.034852,0.044971,-4.475373,DSB,2,0,0,DIRECT,1.0,0.0,18,0.877831727805
1136,1883,0.015811,-0.109722,0.358641,DSB+,3,2,1,DIRECT,1.0,0.0,16,0.494185853853
1137,1885,0.06116,-0.056853,-3.320651,DSB,2,0,0,DIRECT,1.0,0.0,18,0.69955377892
1138,1890,0.0322372,-0.025122,0.772045,DSB,2,0,0,DIRECT,1.0,0.0,13,0.918135658213
1139,1893,-0.0543628,-0.0745577,1.01279,DSB,2,1,1,DIRECT,1.0,0.0,13,0.903901227683
1140,1895,0.042602,-0.093931,-1.469894,DSB+,3,0,0,DIRECT,1.0,0.0,16,0.882887078886
1141,1898,0.0061809,0.0458229,3.39948,DSB+,3,1,1,DIRECT,1.0,0.0,13,0.260081147988
1142,1898,-0.03575,0.008839,-0.263491,DSB,2,0,0,DIRECT,1.0,0.0,16,0.711122226062
1143,1898,0.006169,0.047018,-2.905853,DSB,2,0,0,DIRECT,1.0,0.0,18,0.60744711242
1144,1899,0.131676,-0.088995,3.581536,DSB,2,0,0,DIRECT,1.0,0.0,17,0.016382191051
1145,1900,0.046224,-0.497981,-2.566563,DSB,2,0,0,DIRECT,1.0,0.0,15,0.745645024324
1146,1902,0.255662,0.457435,-0.849925,DSB,2,0,0,DIRECT,1.0,0.0,23,0.276099107448
1147,1904,-0.04947,-0.0136624,-4.11117,DSB,2,0,0,DIRECT,1.0,0.0,18,0.783579867708
1148,1909,0.002368,-0.023555,-4.045691,DSB,2,0,0,DIRECT,1.0,0.0,18,0.782226599879
1149,1910,0.0531945,-0.0726821,1.92648,DSB,2,0,0,DIRECT,1.0,0.0,13,0.429707223427
1150,1911,-0.035204,-0.037166,-0.293856,DSB,2,2,1,DIRECT,1.0,0.0,16,0.710781705403
1151,1911,-0.036288,-0.037455,-3.868548,DSB,2,2,1,DIRECT,1.0,0.0,18,0.711103922734
1152,1912,-0.100794,-0.0134065,3.54029,DSB+,3,0,0,DIRECT,1.0,0.0,13,0.261002532182
1153,1913,0.025385,-0.067005,3.120775,DSB,2,1,1,DIRECT,1.0,0.0,13,0.263273013985
1154,1914,0.008708,-0.076704,3.645737,DSB,2,0,0,DIRECT,1.0,0.0,13,0.196215810317
1155,1916,0.00758295,-0.00997706,1.95584,DSB,2,0,0,DIRECT,1.0,0.0,13,0.430561677764
1156,1917,0.971458,0.613822,4.422853,DSB,2,1,1,DIRECT,1.0,0.0,17,0.310046185092
1157,1918,0.001429,0.114228,4.190467,DSB,2,0,0,DIRECT,1.0,0.0,17,0.038291932744
1158,1921,-0.021348,0.015159,-2.051059,DSB,2,0,0,DIRECT,1.0,0.0,18,0.424511562314
1159,1926,-0.163339,0.203564,-3.919204,DSB,2,0,0,DIRECT,1.0,0.0,18,0.957636393183
1160,1927,-0.10474,0.03787,-3.694973,DSB,2,1,1,DIRECT,1.0,0.0,18,0.711818975642
1161,1928,-0.0469462,0.0665048,3.90883,DSB,2,1,1,DIRECT,1.0,0.0,13,0.193664566569
1162,1930,0.156389,-1.65477,3.82988,DSB,2,0,0,DIRECT,1.0,0.0,6,0.134470241648
1163,1931,-0.0243808,0.0449015,2.08901,DSB,2,1,1,DIRECT,1.0,0.0,13,0.47477379629
1164,1933,-0.016989,0.060437,3.380489,DSB+,3,0,0,DIRECT,1.0,0.0,13,0.260713313219
1165,1934,0.0162,-0.010682,2.192059,DSB,2,0,0,DIRECT,1.0,0.0,13,0.473656811224
1166,1935,-0.038118,-0.021674,1.047351,DSB,2,0,0,DIRECT,1.0,0.0,13,0.904226976782
1167,1936,0.00746225,0.00197041,4.44002,DSB,2,0,0,DIRECT,1.0,0.0,7,0.845695917593
1168,1940,0.041036,0.032321,3.881444,DSB,2,0,0,DIRECT,1.0,0.0,17,0.019241754057
1169,1944,0.0918404,0.0166641,2.44643,DSB,2,1,1,DIRECT,1.0,0.0,13,0.479877508639
1170,1950,0.0455695,0.0410536,0.987042,DSB,2,0,0,DIRECT,1.0,0.0,13,0.903858868729
1171,1950,0.044273,0.041105,0.891731,DSB,2,0,0,DIRECT,1.0,0.0,13,0.917550252787
1172,1955,0.017464,0.010238,-4.500703,DSB,2,0,0,DIRECT,1.0,0.0,18,0.876621088356
1173,1957,0.006033,-0.073896,-2.791577,DSB+,3,1,1,DIRECT,1.0,0.0,18,0.320626992961
1174,1960,0.406209,0.379504,2.893479,DSB+,3,2,1,DIRECT,1.0,0.0,17,0.189205702903
1175,1960,-0.066564,0.049614,-3.572174,DSB,2,2,1,DIRECT,1.0,0.0,18,0.701505514034
1176,1961,-0.007239,0.017931,-3.054847,DSB,2,0,0,DIRECT,1.0,0.0,18,0.622624836448
1177,1965,-0.00564006,-0.0114031,4.56328,DSB,2,0,0,DIRECT,1.0,0.0,7,0.845816435378
1178,1965,-0.00322,-0.01061,-4.103861,DSB+,3,0,0,DIRECT,1.0,0.0,18,0.782881783741
1179,1968,0.197067,0.279964,0.399115,DSB,2,0,0,DIRECT,1.0,0.0,16,0.623188696102
1180,1968,0.015931,0.001106,-1.842498,DSB,2,1,1,DIRECT,1.0,0.0,22,0.005283532983
1181,1969,-0.043743,-0.01776,-0.14293,DSB+,4,0,0,DIRECT,1.0,0.0,16,0.710408529692
1182,1970,0.149117,0.305002,-2.051825,DSB+,3,0,0,DIRECT,1.0,0.0,18,0.504672617304
1183,1973,0.010169,0.016366,-2.221927,DSB+,4,1,1,DIRECT,1.0,0.0,18,0.423917014694
1184,1974,0.0308535,0.111083,1.41197,DSB,2,0,0,DIRECT,1.0,0.0,13,0.827122773262
1185,1975,0.00761074,0.0649592,3.46866,DSB,2,0,0,DIRECT,1.0,0.0,13,0.26014568969
1186,1976,0.112422,0.083906,1.202336,DSB,2,0,0,DIRECT,1.0,0.0,13,0.907275584328
1187,1976,0.107683,0.096168,-2.075344,DSB,2,0,0,DIRECT,1.0,0.0,18,0.424962477228
1188,1978,0.061483,0.015897,4.031441,DSB,2,1,1,DIRECT,1.0,0.0,17,0.037544050897
1189,1988,0.039979,0.023679,4.005858,DSB+,3,0,0,DIRECT,1.0,0.0,17,0.037515225318
1190,1989,0.051345,0.080247,4.471778,DSB,2,1,1,DIRECT,1.0,0.0,17,0.039813885657
1191,1990,-0.011952,0.101003,-0.119537,DSB,2,0,0,DIRECT,1.0,0.0,16,0.711377559631
1192,1993,0.044629,0.462122,0.814049,DSB,2,0,0,DIRECT,1.0,0.0,16,0.599121293826
1193,1994,0.0191756,0.0519911,1.94554,DSB,2,0,0,DIRECT,1.0,0.0,13,0.430616789952
1194,1997,0.0411039,-0.165901,4.51977,DSB,2,1,1,DIRECT,1.0,0.0,7,0.844690835678
1195,1999,-0.008666,-0.043897,0.138762,DSB+,4,1,1,DIRECT,1.0,0.0,16,0.493686638753
1196,2001,0.0263408,-0.0121867,2.18975,DSB+,4,0,0,DIRECT,1.0,0.0,13,0.473659359409
1197,2002,0.033942,0.027775,-3.651597,DSB,2,0,0,DIRECT,1.0,0.0,18,0.714580553998
1198,2004,-0.0352959,-0.0251535,1.17495,DSB,2,1,1,DIRECT,1.0,0.0,13,0.903575940212
1199,2006,0.015964,-0.0752,-3.394143,DSB,2,0,0,DIRECT,1.0,0.0,18,0.698228736864
1200,2008,0.012812,-0.031955,-2.075943,DSB+,4,0,0,DIRECT,1.0,0.0,18,0.423138528773
1201,2009,-0.003168,0.004701,-2.910542,DSB,2,0,0,DIRECT,1.0,0.0,18,0.607097439245
1202,2012,-0.038925,-0.060797,-1.694331,DSB,2,1,1,DIRECT,1.0,0.0,15,0.627523131777
1203,2012,-0.028891,0.025169,-3.199101,DSB,2,0,0,DIRECT,1.0,0.0,18,0.623339889357
1204,2012,-0.018209,0.032638,-1.712395,DSB+,3,3,1,DIRECT,1.0,0.0,22,0.004837908394
1205,2015,-0.00412601,0.0769904,3.66469,DSB,2,0,0,DIRECT,1.0,0.0,13,0.196762980662
1206,2016,0.023444,-0.024975,3.092242,DSB,2,1,1,DIRECT,1.0,0.0,13,0.263320155402
1207,2016,0.20692,-0.13901,3.257961,DSB,2,1,1,DIRECT,1.0,0.0,17,0.00734094669
1208,2018,-0.022782,0.036612,-2.779822,DSB,2,0,0,DIRECT,1.0,0.0,18,0.606683056725
1209,2018,-0.030066,0.028749,-1.467034,DSB,2,1,1,DIRECT,1.0,0.0,23,0.003316476968
1210,2021,-0.30322,-0.494867,1.74128,DSB,2,1,1,DIRECT,1.0,0.0,7,0.93751619739
1211,2021,0.008272,-0.052632,-2.326911,DSB,2,0,0,DIRECT,1.0,0.0,18,0.403867237738
1212,2024,-0.009578,-0.057291,-2.451929,DSB,2,0,0,DIRECT,1.0,0.0,18,0.404597020776
1213,2027,-0.0881292,0.0388498,1.04162,DSB,2,1,1,DIRECT,1.0,0.0,13,0.905235134666
1214,2028,-0.000353,-0.017261,-1.60125,DSB,2,0,0,DIRECT,1.0,0.0,23,0.003772914237
1215,2030,0.0700538,-0.0435165,0.632202,DSB,2,0,0,DIRECT,1.0,0.0,13,0.993678618515
1216,2031,0.0226832,-0.0198768,2.20808,DSB,2,0,0,DIRECT,1.0,0.0,13,0.473652958172
1217,2033,-0.045262,-0.04478,-4.113993,DSB+,3,1,1,DIRECT,1.0,0.0,18,0.783552939191
1218,2039,0.042903,-0.06071,-1.187177,DSB,2,0,0,DIRECT,1.0,0.0,16,0.851540285725
1219,2040,0.060723,0.502641,3.928887,DSB,2,0,0,DIRECT,1.0,0.0,17,0.073330159939
1220,2044,0.016157,-0.001776,-3.441682,DSB,2,1,1,DIRECT,1.0,0.0,18,0.700609731091
1221,2053,-0.073786,-0.077551,-1.498718,DSB,2,0,0,DIRECT,1.0,0.0,16,0.885935082348
1222,2054,0.017967,-0.13061,-4.16732,DSB+,3,1,1,DIRECT,1.0,0.0,18,0.782095960653
1223,2054,-1.739255,0.378337,-1.925397,DSB+,3,2,1,DIRECT,1.0,0.0,19,0.435882245324
1224,2058,0.00787676,0.000332881,3.50127,DSB,2,0,0,DIRECT,1.0,0.0,13,0.259589606853
1225,2059,-0.0293878,0.0393095,-2.77222,DSB,2,0,0,DIRECT,1.0,0.0,18,0.606671883587
1226,2061,-0.0477005,0.0501842,2.37168,DSB,2,0,0,DIRECT,1.0,0.0,13,0.482116667467
1227,2062,0.044984,-0.002199,-3.455212,DSB,2,0,0,DIRECT,1.0,0.0,18,0.700628855151
1228,2066,0.000725,-0.038999,-0.827721,DSB,2,0,0,DIRECT,1.0,0.0,16,0.797747879699
1229,2066,0.432992,0.29502,-0.832028,DSB+,3,0,0,DIRECT,1.0,0.0,23,0.049678916167
1230,2069,-0.131247,-0.0905203,4.37789,DSB,2,0,0,DIRECT,1.0,0.0,7,0.845459315532
1231,2069,-0.0243,-0.040826,0.623729,DSB,2,0,0,DIRECT,1.0,0.0,13,0.99467311222
1232,2070,-0.0381788,0.0322092,1.31503,DSB,2,0,0,DIRECT,1.0,0.0,13,0.828050214011
1233,2071,-0.056939,-0.033545,1.60552,DSB+,3,1,1,DIRECT,1.0,0.0,13,0.422945135245
1234,2072,-0.092227,0.014144,-1.387237,DSB,2,0,0,DIRECT,1.0,0.0,16,0.886048973201
1235,2073,-0.130169,-0.0108003,2.50238,DSB,2,1,1,DIRECT,1.0,0.0,13,0.481589451746
1236,2075,0.0705226,-0.0396688,4.40327,DSB,2,0,0,DIRECT,1.0,0.0,7,0.845139284768
1237,2079,-0.038423,0.016162,-2.946143,DSB,2,0,0,DIRECT,1.0,0.0,18,0.607053646404
1238,2080,-0.032898,-0.010306,0.552079,DSB+,3,0,0,DIRECT,1.0,0.0,13,0.993463820086
1239,2080,0.172806,0.021067,-1.375868,DSB,2,0,0,DIRECT,1.0,0.0,23,0.00763476594
1240,2084,-0.0780242,-0.035474,2.20331,DSB,2,0,0,DIRECT,1.0,0.0,13,0.47405403875
1241,2086,0.102782,0.0689392,1.07518,DSB,2,0,0,DIRECT,1.0,0.0,13,0.907905533746
1242,2086,-0.004055,-0.12897,0.135376,DSB,2,1,1,DIRECT,1.0,0.0,16,0.493543414609
1243,2091,0.416675,-0.168014,-4.010093,DSB,2,0,0,DIRECT,1.0,0.0,18,0.777308075905
1244,2092,-0.002447,-0.034503,-3.061417,DSB,2,0,0,DIRECT,1.0,0.0,18,0.62142951996
1245,2094,-0.162172,0.24773,0.208409,DSB,2,1,1,DIRECT,1.0,0.0,16,0.681514836752
1246,2097,0.102284,0.131926,0.173936,DSB,2,0,0,DIRECT,1.0,0.0,16,0.681880337587
1247,2097,0.047396,0.08001,-3.024662,DSB,2,0,0,DIRECT,1.0,0.0,18,0.622998334491
1248,2103,0.00572934,0.0546681,3.41614,DSB+,3,0,0,DIRECT,1.0,0.0,13,0.260102893728
1249,2104,0.069521,0.023632,-0.840867,DSB,2,0,0,DIRECT,1.0,0.0,16,0.797850901162
1250,2106,-0.0710517,-0.0428737,1.59634,DSB,2,0,0,DIRECT,1.0,0.0,13,0.422942784021
1251,2109,-0.559161,-0.0974798,1.14632,DSB,2,0,0,DIRECT,1.0,0.0,13,0.403433223404
1252,2111,0.045266,-0.033419,-4.529969,DSB,2,1,1,DIRECT,1.0,0.0,18,0.876292931491
1253,2113,0.091255,0.088815,3.563489,DSB,2,0,0,DIRECT,1.0,0.0,17,0.017751039897
1254,2114,-0.233048,-0.389562,2.652722,DSB+,3,0,0,DIRECT,1.0,0.0,7,0.641914958462
1255,2114,-0.008931,-0.135408,-1.779164,DSB,2,0,0,DIRECT,1.0,0.0,15,0.627426271645
1256,2114,0.299343,-0.733684,0.524833,DSB,2,1,1,DIRECT,1.0,0.0,16,0.098265217147
1257,2115,-0.012262,0.023348,-2.08654,DSB,2,0,0,DIRECT,1.0,0.0,18,0.424530386471
1258,2116,-0.789706,-0.660889,-1.52056,DSB,2,0,0,DIRECT,1.0,0.0,12,0.707902911477
1259,2116,-0.019491,0.040794,-2.761863,DSB,2,0,0,DIRECT,1.0,0.0,18,0.606686383558
1260,2118,2.061206,-0.419082,-2.575988,DSB+,3,0,0,DIRECT,1.0,0.0,18,0.286543762153
1261,2119,-0.277545,-0.483593,0.414028,DSB,2,1,1,DIRECT,1.0,0.0,13,0.371273926162
1262,2120,0.126505,0.048017,-0.800761,DSB,2,2,1,DIRECT,1.0,0.0,16,0.797212667695
1263,2120,0.126755,0.048849,-2.286783,DSB,2,2,1,DIRECT,1.0,0.0,18,0.405108599829
1264,2121,0.085156,-3.24691,1.00909,DSB,2,0,0,DIRECT,1.0,0.0,2,0.378704106269
1265,2121,0.010734,-2.844939,1.04032,DSB,2,0,0,DIRECT,1.0,0.0,2,0.566289925133
1266,2121,-0.176397,-0.112875,-3.901863,DSB,2,1,1,DIRECT,1.0,0.0,18,0.710729559854
1267,2122,-0.004664,-0.012288,-2.154234,DSB,2,0,0,DIRECT,1.0,0.0,18,0.425441520272
1268,2123,-0.05995,0.00183951,2.62506,DSB+,4,1,1,DIRECT,1.0,0.0,13,0.553899221142
1269,2124,-0.0110588,0.00933909,4.56153,DSB,2,0,0,DIRECT,1.0,0.0,7,0.845827245569
1270,2124,-0.007411,0.00589,-0.644947,DSB,2,0,0,DIRECT,1.0,0.0,16,0.76490384976
1271,2128,0.074158,0.011003,4.271175,DSB,2,0,0,DIRECT,1.0,0.0,17,0.039018263407
1272,2129,0.000688,-0.046849,-0.922095,DSB,2,0,0,DIRECT,1.0,0.0,16,0.796229198813
1273,2129,-0.001846,-0.037177,-4.080128,DSB,2,0,0,DIRECT,1.0,0.0,18,0.782187633387
1274,2135,0.060174,-0.066305,-2.634319,DSB,2,0,0,DIRECT,1.0,0.0,18,0.324052654631
1275,2137,-0.449733,0.787668,-3.032419,DSB+,4,0,0,DIRECT,1.0,0.0,22,0.491959585509
1276,2139,0.253046,-0.143881,1.99129,DSB,2,0,0,DIRECT,1.0,0.0,13,0.427032995914
1277,2140,-0.008967,-0.115849,-0.770751,DSB,2,0,0,DIRECT,1.0,0.0,16,0.795458771324
1278,2145,-0.394596,-0.809119,2.52523,DSB+,3,0,0,DIRECT,1.0,0.0,7,0.392024180261
1279,2151,-0.566896,1.05826,-1.459031,DSB,2,1,1,DIRECT,1.0,0.0,23,0.382085851442
1280,2152,0.051144,0.050497,-1.860897,DSB+,3,0,0,DIRECT,1.0,0.0,22,0.005097845763
1281,2153,0.014065,-0.012956,-4.559947,DSB+,3,0,0,DIRECT,1.0,0.0,18,0.876379666284
1282,2153,0.013434,-0.014313,-4.561998,DSB,2,0,0,DIRECT,1.0,0.0,18,0.876379554693
1283,2156,0.000111,-0.016014,-1.168518,DSB,2,0,0,DIRECT,1.0,0.0,16,0.851641452092
1284,2161,0.00726291,-0.0513172,2.20421,DSB,2,0,0,DIRECT,1.0,0.0,13,0.473623530947
1285,2161,0.006813,-0.051325,-1.738108,DSB,2,0,0,DIRECT,1.0,0.0,22,0.00324720898
1286,2162,-0.083078,-0.049701,-1.491187,DSB,2,1,1,DIRECT,1.0,0.0,16,0.885950646404
1287,2164,-0.101625,0.00659363,2.48721,DSB,2,2,1,DIRECT,1.0,0.0,13,0.481605165552
1288,2168,0.041225,-0.028677,-0.292586,DSB,2,0,0,DIRECT,1.0,0.0,16,0.710635105921
1289,2172,0.0461932,-0.0771833,4.25229,DSB,2,0,0,DIRECT,1.0,0.0,7,0.808953681857
1290,2172,0.044376,-0.076323,-4.384182,DSB,2,1,1,DIRECT,1.0,0.0,18,0.791767392293
1291,2172,0.045035,-0.077176,-2.219012,DSB,2,0,0,DIRECT,1.0,0.0,18,0.42377197314
1292,2173,-0.083613,-0.123581,0.932306,DSB,2,0,0,DIRECT,1.0,0.0,13,0.388738617801
1293,2173,-0.082482,-0.11952,0.209919,DSB+,3,3,1,DIRECT,1.0,0.0,16,0.494602259333
1294,2175,0.472649,-0.006679,-2.082949,DSB,2,0,0,DIRECT,1.0,0.0,18,0.427109665531
1295,2179,-0.020567,0.039389,-4.368716,DSB,2,0,0,DIRECT,1.0,0.0,18,0.877026641168
1296,2181,-0.229869,-0.605906,1.111457,DSB,2,1,1,DIRECT,1.0,0.0,13,0.324336671825
1297,2181,-0.248264,-0.597642,1.114947,DSB,2,0,0,DIRECT,1.0,0.0,13,0.32434200824
1298,2181,-0.185924,0.268852,-3.888747,DSB+,3,0,0,DIRECT,1.0,0.0,18,0.957969836713
1299,2182,-0.180723,-0.221673,1.277774,DSB+,3,1,1,DIRECT,1.0,0.0,13,0.40095291644
1300,2184,-0.00393868,-0.0494035,3.25038,DSB,2,2,1,DIRECT,1.0,0.0,13,0.263443533089
1301,2186,0.0224936,0.0615543,2.40322,DSB,2,0,0,DIRECT,1.0,0.0,13,0.480762356542
1302,2190,-0.055361,-0.05413,0.30517,DSB+,3,0,0,DIRECT,1.0,0.0,16,0.494235854389
1303,2191,-0.161264,-0.0445302,3.48345,DSB,2,0,0,DIRECT,1.0,0.0,13,0.259719841249
1304,2193,-0.08144,-0.222595,-3.039701,DSB,2,0,0,DIRECT,1.0,0.0,18,0.304803584331
1305,2194,0.479565,1.00971,2.967266,DSB,2,0,0,DIRECT,1.0,0.0,25,0.120078444987
1306,2196,1.125089,-0.45052,1.41886,DSB+,3,1,1,DIRECT,1.0,0.0,16,0.120254007544
1307,2197,-0.162247,-0.713017,1.76606,DSB,2,0,0,DIRECT,1.0,0.0,7,0.539995632969
1308,2201,0.097969,0.029888,4.317399,DSB,2,3,1,DIRECT,1.0,0.0,17,0.03940186749
1309,2203,-0.144378,-0.469238,3.5943,DSB,2,0,0,DIRECT,1.0,0.0,7,0.281727881806
1310,2203,0.215713,-1.596817,-3.356959,DSB+,3,0,0,DIRECT,1.0,0.0,9,0.678114286363
1311,2205,-0.105766,-0.028924,-0.161172,DSB+,3,0,0,DIRECT,1.0,0.0,16,0.465518174585
1312,2207,0.034498,-0.086459,-2.495445,DSB+,3,0,0,MIXED,1.0,0.0,18,0.404509574584
1313,2208,-0.048146,-0.118289,1.854926,DSB+,3,1,1,DIRECT,1.0,0.0,13,0.428243082048
1314,2208,-0.050504,-0.120482,2.053997,DSB+,3,1,1,DIRECT,1.0,0.0,13,0.473372953297
1315,2209,-0.0704895,-0.0556906,1.8563,DSB,2,0,0,DIRECT,1.0,0.0,13,0.429468685026
1316,2210,-0.012594,-0.159419,2.746591,DSB,2,1,1,DIRECT,1.0,0.0,13,0.312619866239
1317,2211,-0.01538,-0.015206,-1.727877,DSB,2,1,1,DIRECT,1.0,0.0,22,0.004470390161
1318,2214,-0.090686,-0.052157,-3.576898,DSB,2,0,0,DIRECT,1.0,0.0,18,0.701644669116
1319,2217,-0.011941,-0.058135,-4.124113,DSB+,3,1,1,DIRECT,1.0,0.0,18,0.783064647969
1320,2217,-0.024217,-0.061015,-3.004217,DSB,2,0,0,DIRECT,1.0,0.0,18,0.307355823283
1321,2219,0.447476,0.025704,-1.175724,DSB,2,2,1,DIRECT,1.0,0.0,23,0.032261790218
1322,2220,-0.034942,0.03773,-3.323381,DSB,2,1,1,DIRECT,1.0,0.0,18,0.701002653097
1323,2223,0.0178144,0.0584237,1.93605,DSB+,3,0,0,DIRECT,1.0,0.0,13,0.43061814406
1324,2223,0.014004,0.061471,1.935527,DSB+,3,0,0,DIRECT,1.0,0.0,13,0.430618273316
1325,2225,-0.049632,-0.027131,-2.730656,DSB,2,0,0,DIRECT,1.0,0.0,18,0.321409252083
1326,2225,-0.042066,-0.050288,-3.716508,DSB,2,0,0,DIRECT,1.0,0.0,18,0.710355866525
1327,2226,-0.050745,0.019267,-0.533579,DSB,2,0,0,DIRECT,1.0,0.0,16,0.766515734163
1328,2227,-0.00217673,0.0401898,1.02629,DSB,2,0,0,DIRECT,1.0,0.0,13,0.904268670992
1329,2228,-0.074079,0.09333,2.760629,DSB,2,2,1,DIRECT,1.0,0.0,13,0.553757409124
1330,2228,-0.020388,0.015103,2.331973,DSB,2,1,1,DIRECT,1.0,0.0,13,0.481292329718
1331,2228,-0.016215,0.001718,2.336598,DSB,2,0,0,DIRECT,1.0,0.0,13,0.481281853847
1332,2229,0.0570052,0.0421186,2.69048,DSB+,3,0,0,DIRECT,1.0,0.0,13,0.556799147651
1333,2229,0.116278,0.090729,0.352957,DSB,2,3,1,DIRECT,1.0,0.0,16,0.622691644164
1334,2232,-0.041866,0.048127,-4.070033,DSB+,4,0,0,DIRECT,1.0,0.0,18,0.78363361315
1335,2232,-0.042601,0.048589,-3.487931,DSB,2,1,1,DIRECT,1.0,0.0,18,0.700462471649
1336,2236,-0.106279,-0.018979,-3.437096,DSB+,3,0,0,DIRECT,1.0,0.0,18,0.701438210178
1337,2238,-0.002747,-0.089436,-4.422228,DSB+,3,1,1,DIRECT,1.0,0.0,18,0.79246122182
1338,2241,0.0843746,-0.0590011,1.90104,DSB+,3,2,1,DIRECT,1.0,0.0,13,0.429302246711
1339,2242,0.0302285,-0.0050048,3.63135,DSB,2,0,0,DIRECT,1.0,0.0,13,0.196281146018
1340,2242,-0.002937,-0.094769,-0.902174,DSB,2,1,1,DIRECT,1.0,0.0,16,0.796182968743
1341,2243,0.057456,-0.008847,-4.491898,DSB+,3,0,0,DIRECT,1.0,0.0,18,0.876657111611
1342,2251,0.110824,-0.023221,0.575346,DSB,2,0,0,DIRECT,1.0,0.0,13,0.993284862429
1343,2252,-3.07267,-2.64726,0.634237,DSB,2,0,0,DIRECT,1.0,0.0,3,0.202566697695
1344,2256,0.0129,-0.053763,-3.531225,DSB,2,0,0,DIRECT,1.0,0.0,18,0.698980768533
1345,2261,0.066213,-0.01129,-3.685847,DSB,2,0,0,DIRECT,1.0,0.0,18,0.714483371414
1346,2261,0.151751,0.147238,-4.47666,DSB,2,0,0,DIRECT,1.0,0.0,18,0.876817783004
1347,2263,-0.009732,0.007482,-0.644914,DSB,2,1,1,DIRECT,1.0,0.0,16,0.764903756001
1348,2264,-0.040048,0.092086,-3.156013,DSB+,3,1,1,DIRECT,1.0,0.0,18,0.623689632277
1349,2269,0.033874,0.007564,-3.387116,DSB,2,0,0,DIRECT,1.0,0.0,18,0.698311084701
1350,2271,-0.0835642,0.0206712,0.559754,DSB,2,0,0,DIRECT,1.0,0.0,13,0.993531734748
1351,2272,0.032741,0.041662,-0.67343,DSB+,3,1,1,DIRECT,1.0,0.0,16,0.798027932258
1352,2273,-0.010249,0.054463,-4.543421,DSB,2,0,0,DIRECT,1.0,0.0,18,0.876498588363
1353,2276,0.019932,0.006411,-2.361355,DSB,2,1,1,DIRECT,1.0,0.0,18,0.403939416765
1354,2278,0.053338,-0.042037,0.499401,DSB,2,0,0,DIRECT,1.0,0.0,13,0.994321296546
1355,2278,0.016464,0.410393,-2.944468,DSB,2,0,0,DIRECT,1.0,0.0,22,0.15650752906
1356,2279,-0.0478121,-0.0429075,0.763698,DSB,2,0,0,DIRECT,1.0,0.0,13,0.918275149783
1357,2283,0.023958,0.065601,-0.133338,DSB,2,2,1,DIRECT,1.0,0.0,16,0.710476699456
1358,2284,-0.097098,-0.00068,-3.948053,DSB,2,0,0,DIRECT,1.0,0.0,18,0.783767886087
1359,2285,-0.002342,0.009274,-1.858058,DSB+,3,1,1,DIRECT,1.0,0.0,22,0.005259289818
1360,2286,0.16588,-0.103577,3.270185,DSB++,5,1,1,DIRECT,1.0,0.0,17,0.0074360439
1361,2286,0.095235,0.026247,4.037275,DSB,2,1,1,DIRECT,1.0,0.0,17,0.037574166757
1362,2286,0.092291,0.024784,-3.430654,DSB,2,0,0,DIRECT,1.0,0.0,18,0.700667256709
1363,2287,-0.057033,0.047826,-4.027518,DSB,2,1,1,DIRECT,1.0,0.0,18,0.78367226579
1364,2287,-0.034466,0.054307,-1.826253,DSB,2,1,1,DIRECT,1.0,0.0,22,0.005601226128
1365,2290,0.00150947,0.016753,3.35618,DSB,2,0,0,DIRECT,1.0,0.0,13,0.260254861555
1366,2290,0.002446,0.019499,-3.455388,DSB,2,0,0,DIRECT,1.0,0.0,18,0.700588417041
1367,2291,0.880324,-0.837392,-3.719015,DSB,2,0,0,DIRECT,1.0,0.0,15,0.90264466402
1368,2292,-0.00718683,-0.0608535,0.385898,DSB,2,1,1,DIRECT,1.0,0.0,13,0.992890884762
1369,2293,0.0223266,0.0193079,4.47897,DSB,2,0,0,DIRECT,1.0,0.0,7,0.845719184562
1370,2295,-0.049086,-0.051931,-3.993392,DSB,2,0,0,DIRECT,1.0,0.0,18,0.782824055863
1371,2296,0.03515,0.003861,-3.63908,DSB,2,0,0,DIRECT,1.0,0.0,18,0.714556024706
1372,2299,0.068193,0.043985,4.44743,DSB,2,0,0,DIRECT,1.0,0.0,17,0.038629895745
1373,2300,-0.126667,-0.0251332,3.60328,DSB+,3,2,1,DIRECT,1.0,0.0,13,0.196434006325
1374,2300,-0.004632,-0.026966,-3.868031,DSB,2,0,0,DIRECT,1.0,0.0,18,0.710381156036
1375,2302,-0.010889,-0.066706,-0.711623,DSB,2,1,1,DIRECT,1.0,0.0,16,0.797030138282
1376,2304,-0.013298,0.091926,-0.378922,DSB,2,0,0,DIRECT,1.0,0.0,16,0.766748244021
1377,2305,-0.027603,-0.015756,-4.114502,DSB+,3,3,1,DIRECT,1.0,0.0,18,0.782874690681
1378,2308,-0.023825,0.0386,-1.696497,DSB,2,0,0,DIRECT,1.0,0.0,22,0.004841917393
1379,2309,0.037351,-0.066444,-2.16523,DSB+,4,1,1,DIRECT,1.0,0.0,18,0.425136748882
1380,2310,-0.033074,-0.072062,-0.443847,DSB+,3,3,1,DIRECT,1.0,0.0,16,0.764328937358
1381,2311,-0.016318,-0.033023,-3.016124,DSB+,3,2,1,DIRECT,1.0,0.0,18,0.307349511367
1382,2313,0.019614,0.0424248,1.15724,DSB,2,0,0,DIRECT,1.0,0.0,13,0.903630609238
1383,2315,-0.035278,-0.0876545,2.34116,DSB,2,0,0,DIRECT,1.0,0.0,13,0.480960739491
1384,2315,-0.034502,-0.087139,-1.710035,DSB,2,0,0,DIRECT,1.0,0.0,15,0.627493456935
1385,2318,-0.189523,-0.773153,3.20128,DSB,2,0,0,DIRECT,1.0,0.0,7,0.316011110872
1386,2321,-0.022167,-0.055532,0.532286,DSB+,3,0,0,DIRECT,1.0,0.0,13,0.99224549236
1387,2322,0.0108319,0.0744468,2.41917,DSB,2,1,1,DIRECT,1.0,0.0,13,0.480785690281
1388,2324,0.017118,-0.056621,-1.29103,DSB+,3,0,0,DIRECT,1.0,0.0,16,0.883491960803
1389,2324,0.018119,-0.055682,-4.136032,DSB+,3,1,1,DIRECT,1.0,0.0,18,0.782126083487
1390,2325,-0.0572883,0.0850364,3.77969,DSB,2,0,0,DIRECT,1.0,0.0,13,0.196938928507
1391,2325,-0.034307,0.120605,-4.187252,DSB,2,0,0,DIRECT,1.0,0.0,18,0.886706407327
1392,2326,-0.852777,-0.660881,-2.423457,DSB,2,2,1,DIRECT,1.0,0.0,15,0.46892420492
1393,2326,-0.017024,0.02269,-4.246929,DSB,2,0,0,DIRECT,1.0,0.0,18,0.885162896256
1394,2326,-0.033033,0.017737,-1.46475,DSB+,3,3,1,DIRECT,1.0,0.0,23,0.00331855353
1395,2326,-0.025697,0.017944,-1.468508,DSB,2,0,0,DIRECT,1.0,0.0,23,0.003331500638
1396,2331,0.155471,-0.12714,-3.738995,DSB,2,0,0,DIRECT,1.0,0.0,18,0.715124822499
1397,2332,0.0048847,0.00199658,2.33804,DSB,2,1,1,DIRECT,1.0,0.0,13,0.481285017536
1398,2334,-0.0451,0.053885,1.061792,DSB,2,1,1,DIRECT,1.0,0.0,13,0.905072918706
1399,2335,0.038138,0.017318,4.034627,DSB+,3,0,0,DIRECT,1.0,0.0,17,0.037520163259
1400,2336,-0.256492,-1.40443,2.69602,DSB,2,4,1,DIRECT,1.0,0.0,4,0.781398038339
1401,2338,-0.024813,0.089031,4.41682,DSB,2,0,0,DIRECT,1.0,0.0,17,0.038474678406
1402,2341,-0.0533863,-0.0219431,3.40951,DSB+,3,0,0,DIRECT,1.0,0.0,13,0.260630688022
1403,2342,0.025224,-0.053898,-2.61144,DSB,2,2,1,DIRECT,1.0,0.0,18,0.325389120907
1404,2347,0.013,0.03722,3.691149,DSB,2,1,1,DIRECT,1.0,0.0,13,0.196144744277
1405,2351,0.008091,0.018837,-3.246195,DSB,2,0,0,DIRECT,1.0,0.0,18,0.621994983945
1406,2352,-0.015229,-0.00242709,2.09883,DSB+,3,0,0,DIRECT,1.0,0.0,13,0.474736816837
1407,2352,-0.061723,0.00199,-4.135471,DSB,2,2,1,DIRECT,1.0,0.0,18,0.783598838328
1408,2358,0.103756,0.085791,0.362441,DSB+,3,1,1,DIRECT,1.0,0.0,16,0.622689976587
1409,2361,-0.155575,0.100336,-2.40414,DSB,2,0,0,DIRECT,1.0,0.0,18,0.407960748949
1410,2363,-0.0862,-0.075175,1.777635,DSB+,3,0,0,DIRECT,1.0,0.0,13,0.430262376853
1411,2364,-0.242142,-0.284878,3.82632,DSB,2,1,1,DIRECT,1.0,0.0,7,0.783116561889
1412,2364,-0.464245,-0.20774,3.816298,DSB,2,0,0,DIRECT,1.0,0.0,7,0.782152271316
1413,2364,0.028402,-0.042936,1.011248,DSB+,4,1,1,DIRECT,1.0,0.0,13,0.903780822879
1414,2364,-0.036577,-0.0184,-0.550092,DSB,2,0,0,DIRECT,1.0,0.0,16,0.766191293236
1415,2365,-0.031252,0.107118,-3.506199,DSB,2,0,0,DIRECT,1.0,0.0,18,0.700524774794
1416,2365,-0.221749,2.119237,-1.322875,DSB,2,0,0,DIRECT,1.0,0.0,34,0.098096098726
1417,2366,0.0406156,-0.0325682,4.50339,DSB,2,0,0,DIRECT,1.0,0.0,7,0.845206891932
1418,2369,-0.0390304,-0.00716099,0.412953,DSB,2,0,0,DIRECT,1.0,0.0,13,0.994104109963
1419,2370,-0.079392,0.092691,-1.68751,DSB+,3,0,0,DIRECT,1.0,0.0,22,0.006028581033
1420,2370,-0.076239,0.095783,-1.687351,DSB,2,0,0,DIRECT,1.0,0.0,22,0.006029541446
1421,2372,-0.261475,0.183596,2.94445,DSB,2,3,1,DIRECT,1.0,0.0,13,0.56317402255
1422,2373,0.017195,-0.040085,-0.828862,DSB,2,0,0,DIRECT,1.0,0.0,16,0.797772551809
1423,2375,-0.054575,-0.029378,-0.304052,DSB,2,0,0,DIRECT,1.0,0.0,16,0.710758868298
1424,2375,-0.052943,-0.027798,-2.743461,DSB,2,3,1,DIRECT,1.0,0.0,18,0.321397932481
1425,2376,0.013898,-0.006361,-2.355771,DSB,2,1,1,DIRECT,1.0,0.0,18,0.403926116407
1426,2377,0.0030367,0.0460327,2.47354,DSB,2,0,0,DIRECT,1.0,0.0,13,0.480679755965
1427,2377,0.021408,0.058938,4.275215,DSB+,3,1,1,DIRECT,1.0,0.0,17,0.039119051804
1428,2378,0.030897,0.015584,-4.509552,DSB,2,0,0,DIRECT,1.0,0.0,18,0.876623606148
1429,2379,0.048551,-0.615015,-0.935424,DSB,2,1,1,DIRECT,1.0,0.0,16,0.220534046708
1430,2381,-0.029762,0.101712,-2.737011,DSB+,3,0,0,DIRECT,1.0,0.0,18,0.607876776055
1431,2384,-0.007298,0.025135,-3.621957,DSB,2,0,0,DIRECT,1.0,0.0,18,0.715903838482
1432,2385,0.015922,-0.032266,-3.611087,DSB,2,0,0,DIRECT,1.0,0.0,18,0.715781854601
1433,2388,0.034808,-0.050474,-3.35015,DSB+,3,0,0,DIRECT,1.0,0.0,18,0.699520936033
1434,2389,-0.363618,-0.101002,2.14143,DSB,2,0,0,DIRECT,1.0,0.0,7,0.915132954107
1435,2389,-0.598085,-0.149289,2.057011,DSB,2,0,0,DIRECT,1.0,0.0,7,0.916244828852
1436,2389,0.048186,0.01044,0.750834,DSB,2,1,1,DIRECT,1.0,0.0,13,0.918166611887
1437,2392,-0.863646,-0.877334,2.95672,DSB++,5,0,0,DIRECT,1.0,0.0,7,0.08239225348
1438,2392,-0.007846,-0.004504,-3.377855,DSB,2,0,0,DIRECT,1.0,0.0,18,0.699616291299
1439,2394,-0.020768,-0.264348,3.21909,DSB,2,0,0,DIRECT,1.0,0.0,7,0.717728693849
1440,2394,0.321379,0.382257,3.47269,DSB+,3,0,0,DIRECT,1.0,0.0,17,0.085443033737
1441,2394,0.34707,0.405306,3.440859,DSB,2,1,1,DIRECT,1.0,0.0,17,0.239787605768
1442,2394,0.004573,0.447739,4.234336,DSB,2,0,0,DIRECT,1.0,0.0,17,0.052421843833
1443,2396,0.0354325,0.155179,1.25233,DSB,2,0,0,DIRECT,1.0,0.0,13,0.908557949044
1444,2397,-0.0225706,-0.0378829,0.631342,DSB,2,0,0,DIRECT,1.0,0.0,13,0.994672687522
1445,2400,-0.035866,0.015479,-3.463137,DSB,2,0,0,DIRECT,1.0,0.0,18,0.700549555167
1446,2401,-0.020137,-0.090862,0.272148,DSB+,3,2,1,DIRECT,1.0,0.0,16,0.492939289465
1447,2403,0.266785,-0.759644,-3.726026,DSB,2,1,1,DIRECT,1.0,0.0,15,0.9076777142
1448,2404,-0.119478,-0.294755,-1.566291,DSB,2,1,1,DIRECT,1.0,0.0,16,0.884032423332
1449,2405,-0.033386,-0.062358,-0.575482,DSB,2,1,1,DIRECT,1.0,0.0,16,0.76503925839
1450,2407,1.458366,-1.126581,-1.731707,DSB,2,0,0,DIRECT,1.0,0.0,16,0.254538536443
1451,2407,-0.046171,-0.118212,-0.449053,DSB,2,0,0,DIRECT,1.0,0.0,16,0.411538223019
1452,2408,0.027867,-0.098167,-0.436469,DSB,2,0,0,DIRECT,1.0,0.0,16,0.764385280046
1453,2408,0.026694,-0.10244,-2.767038,DSB+,3,0,0,DIRECT,1.0,0.0,18,0.319936036926
1454,2408,0.027996,-0.081725,-2.59816,DSB,2,0,0,DIRECT,1.0,0.0,18,0.325361139242
1455,2410,-0.00502671,-0.440853,0.319087,DSB++,5,1,1,DIRECT,1.0,0.0,16,0.136445501693
1456,2410,0.009523,-0.088533,-0.85757,DSB,2,0,0,DIRECT,1.0,0.0,16,0.797420451867
1457,2411,-0.03001,0.025148,-3.230372,DSB,2,1,1,DIRECT,1.0,0.0,18,0.622060892902
1458,2414,-0.019362,-0.008187,-1.869022,DSB+,3,0,0,DIRECT,1.0,0.0,22,0.005240743651
1459,2417,-0.0494623,0.0993966,3.52293,DSB,2,1,1,DIRECT,1.0,0.0,13,0.260898942934
1460,2421,-0.023756,0.024607,-1.020789,DSB,2,1,1,DIRECT,1.0,0.0,16,0.85224988347
1461,2427,-0.063647,0.006515,-1.922111,DSB,2,0,0,DIRECT,1.0,0.0,22,0.003874322617
1462,2428,3.193375,1.342046,-0.706854,DSB,2,1,1,DIRECT,1.0,0.0,30,0.440494893645
1463,2429,-0.027721,0.038945,-4.254965,DSB,2,1,1,DIRECT,1.0,0.0,18,0.885148082433
1464,2430,0.081052,0.040437,4.456399,DSB+,3,1,1,DIRECT,1.0,0.0,17,0.038641319965
1465,2431,0.017067,-0.004471,3.494253,DSB,2,0,0,DIRECT,1.0,0.0,13,0.259593158309
1466,2432,0.055141,-0.038041,-2.485451,DSB+,3,0,0,DIRECT,1.0,0.0,18,0.404564170914
1467,2432,0.050019,-0.037744,-2.483021,DSB,2,1,1,DIRECT,1.0,0.0,18,0.404565279859
1468,2438,-0.247864,-0.064939,4.2024,DSB,2,1,1,DIRECT,1.0,0.0,7,0.811091875379
1469,2438,-0.019418,0.057406,1.31959,DSB+,3,0,0,DIRECT,1.0,0.0,13,0.828080305979
1470,2441,-0.370792,-0.130511,2.83518,DSB,2,0,0,DIRECT,1.0,0.0,13,0.309401342783
1471,2441,-0.027346,0.00366,-3.764427,DSB+,3,0,0,DIRECT,1.0,0.0,18,0.710480772718
1472,2442,-0.071876,0.030522,0.008285,DSB,2,0,0,DIRECT,1.0,0.0,16,0.679566449949
1473,2443,-0.09353,0.004315,-2.653068,DSB,2,0,0,DIRECT,1.0,0.0,18,0.322264115676
1474,2445,-1.38133,-0.772138,-1.85492,DSB,2,0,0,DIRECT,1.0,0.0,12,0.66030886237
1475,2446,0.003939,0.052362,3.690451,DSB,2,0,0,DIRECT,1.0,0.0,13,0.196148449608
1476,2446,-0.003238,0.042602,-2.75578,DSB,2,0,0,DIRECT,1.0,0.0,18,0.606700200028
1477,2447,0.07151,-0.040894,2.18689,DSB,2,0,0,DIRECT,1.0,0.0,13,0.472835003194
1478,2447,0.075749,-0.0404,4.13545,DSB,2,0,0,DIRECT,1.0,0.0,17,0.035615847722
1479,2449,0.046547,0.026425,3.148657,DSB,2,0,0,DIRECT,1.0,0.0,13,0.263364428573
1480,2451,0.0231361,-0.0317697,2.18807,DSB,2,2,1,DIRECT,1.0,0.0,13,0.473648003368
1481,2451,0.023088,-0.031435,2.192216,DSB,2,0,0,DIRECT,1.0,0.0,13,0.473648120314
1482,2452,-0.0431595,-0.0498452,1.44698,DSB,2,0,0,DIRECT,1.0,0.0,13,0.422403079734
1483,2458,0.577144,0.966123,-3.169871,DSB,2,1,1,DIRECT,1.0,0.0,22,0.825387563227
1484,2461,-0.014545,0.110267,-4.055221,DSB,2,1,1,DIRECT,1.0,0.0,18,0.885978200525
1485,2466,-0.089064,0.074775,0.003586,DSB,2,1,1,DIRECT,1.0,0.0,16,0.679878307027
1486,2466,-0.084088,-0.13398,-1.342377,DSB,2,1,1,DIRECT,1.0,0.0,16,0.885166483166
1487,2468,0.0311186,0.0848816,1.05206,DSB,2,0,0,DIRECT,1.0,0.0,13,0.903707608732
1488,2468,0.035041,0.085344,4.447777,DSB,2,0,0,DIRECT,1.0,0.0,17,0.03979693764
1489,2468,0.227909,0.375827,3.081236,DSB,2,0,0,DIRECT,1.0,0.0,17,0.198444402133
1490,2470,-0.0770293,-0.0595309,1.93286,DSB,2,1,1,DIRECT,1.0,0.0,13,0.430671563613
1491,2471,0.011449,0.1352,-0.410573,DSB,2,0,0,DIRECT,1.0,0.0,16,0.7659245746
1492,2473,-0.380865,0.185488,3.6137,DSB+,3,0,0,DIRECT,1.0,0.0,13,0.200664497632
1493,2480,-0.153243,-0.016145,0.36679,DSB,2,1,1,DIRECT,1.0,0.0,13,0.99048207469
1494,2482,-0.042068,-0.138146,1.182908,DSB,2,0,0,DIRECT,1.0,0.0,13,0.400483293387
1495,2483,-0.035539,0.028211,-2.929681,DSB,2,0,0,DIRECT,1.0,0.0,18,0.607050989123
1496,2484,-0.049939,0.124114,3.47576,DSB+,3,0,0,DIRECT,1.0,0.0,13,0.260790897441
1497,2484,-0.014338,0.107997,4.163994,DSB,2,0,0,DIRECT,1.0,0.0,17,0.036991629214
1498,2487,-0.026728,0.002365,-0.265619,DSB,2,0,0,DIRECT,1.0,0.0,16,0.711133209303
1499,2487,-0.042529,-0.004613,-0.902031,DSB,2,0,0,DIRECT,1.0,0.0,16,0.797547542701
1500,2489,-0.035856,0.030444,-4.253323,DSB,2,0,0,DIRECT,1.0,0.0,18,0.885149860929
1501,2490,0.015229,0.335037,1.110555,DSB+,3,1,1,DIRECT,1.0,0.0,16,0.552255790311
1502,2490,-0.079921,0.043343,-1.754779,DSB,2,1,1,DIRECT,1.0,0.0,22,0.004528524281
1503,2491,0.3858,0.226195,-3.589084,DSB+,3,0,0,DIRECT,1.0,0.0,18,0.952489789342
1504,2492,0.043454,0.029102,3.99799,DSB,2,1,1,DIRECT,1.0,0.0,17,0.036267195612
1505,2494,0.034591,-0.088778,-4.09672,DSB,2,2,1,DIRECT,1.0,0.0,18,0.781447897748
1506,2496,-0.0375961,0.00265745,3.52093,DSB,2,1,1,DIRECT,1.0,0.0,13,0.260013584163
1507,2499,-0.002493,-0.066558,-0.011217,DSB,2,0,0,DIRECT,1.0,0.0,16,0.468735165927
1508,2500,0.611855,0.477504,0.998017,DSB,2,1,1,DIRECT,1.0,0.0,17,0.858629770204
1509,2501,-0.026861,-0.073108,-0.597175,DSB+,3,0,0,DIRECT,1.0,0.0,16,0.765045660816
1510,2504,0.055713,0.085258,-0.447103,DSB,2,1,1,DIRECT,1.0,0.0,16,0.765419968336
1511,2505,0.015884,0.284673,-4.176047,DSB,2,0,0,DIRECT,1.0,0.0,18,0.887142292209
1512,2506,0.090568,-0.012866,3.878006,DSB,2,0,0,DIRECT,1.0,0.0,17,0.019365711719
1513,2507,-0.766648,0.395311,1.89658,DSB+,3,1,1,DIRECT,1.0,0.0,13,0.749609739974
1514,2507,0.072767,0.344217,-2.834201,DSB,2,0,0,DIRECT,1.0,0.0,22,0.154538681381
1515,2512,-0.014932,-0.109842,1.848864,DSB+,3,1,1,DIRECT,1.0,0.0,13,0.428260691604
1516,2512,-0.015877,-0.110045,1.800073,DSB,2,0,0,DIRECT,1.0,0.0,13,0.430323693317
1517,2512,-0.012667,-0.093192,-1.488535,DSB+,4,1,1,DIRECT,1.0,0.0,16,0.884566523617
1518,2513,0.095572,0.000456753,1.80139,DSB,2,0,0,DIRECT,1.0,0.0,13,0.429802841903
1519,2515,0.085345,0.009352,-4.501952,DSB+,3,0,0,DIRECT,1.0,0.0,18,0.87668691362
1520,2515,0.430686,2.179192,2.50016,DSB+,3,2,1,DIRECT,1.0,0.0,29,0.422529399044
1521,2515,0.43015,2.18065,2.500135,DSB+,3,0,0,DIRECT,1.0,0.0,29,0.422529476974
1522,2517,0.095723,0.027087,2.646997,DSB+,4,0,0,DIRECT,1.0,0.0,13,0.556741056426
1523,2518,0.00796331,0.135082,1.08882,DSB+,3,0,0,DIRECT,1.0,0.0,13,0.904369318133
1524,2525,0.0282833,0.0239252,4.44299,DSB,2,0,0,DIRECT,1.0,0.0,7,0.845699655649
1525,2526,-0.0112,-0.065549,-0.70116,DSB+,4,1,1,DIRECT,1.0,0.0,16,0.797031390639
1526,2529,0.021861,0.068637,4.183674,DSB,2,1,1,DIRECT,1.0,0.0,17,0.037111876445
1527,2531,0.0986511,0.0603139,2.72738,DSB,2,0,0,DIRECT,1.0,0.0,13,0.55795208428
1528,2531,0.100451,0.072342,2.748413,DSB,2,0,0,DIRECT,1.0,0.0,13,0.558271253645
1529,2532,0.132675,0.078645,-3.192899,DSB+,4,1,1,DIRECT,1.0,0.0,18,0.622337347851
1530,2533,0.036392,0.104478,3.137976,DSB+,3,0,0,DIRECT,1.0,0.0,13,0.559915183611
1531,2534,-0.060114,0.04266,-3.794333,DSB,2,0,0,DIRECT,1.0,0.0,18,0.711182197467
1532,2536,0.0130658,0.03591,3.17041,DSB,2,0,0,DIRECT,1.0,0.0,13,0.263390205861
1533,2538,0.006284,-0.061436,-3.357726,DSB,2,1,1,DIRECT,1.0,0.0,18,0.69949896638
1534,2539,-0.083351,0.052173,-3.820006,DSB,2,0,0,DIRECT,1.0,0.0,18,0.711866569582
1535,2541,-0.0163215,0.0331278,2.32643,DSB,2,0,0,DIRECT,1.0,0.0,13,0.481314610946
1536,2541,0.597407,0.928155,1.210947,DSB,2,0,0,DIRECT,1.0,0.0,25,0.695418336119
1537,2542,0.039416,0.0307,-0.55682,DSB+,3,2,1,DIRECT,1.0,0.0,16,0.766068910462
1538,2542,0.042027,0.023439,-4.346712,DSB,2,0,0,DIRECT,1.0,0.0,18,0.877103130431
1539,2544,0.0703649,-0.0355105,4.43634,DSB,2,1,1,DIRECT,1.0,0.0,7,0.845158685841
1540,2544,0.051141,-0.035784,3.219762,DSB,2,2,1,DIRECT,1.0,0.0,13,0.262671211545
1541,2549,-0.010523,-0.0132588,2.2307,DSB+,4,0,0,DIRECT,1.0,0.0,13,0.474083970687
1542,2549,-0.00351,-0.037786,3.392101,DSB,2,0,0,DIRECT,1.0,0.0,13,0.260196517973
1543,2550,0.0566777,0.0682798,1.80768,DSB,2,0,0,DIRECT,1.0,0.0,13,0.43045173652
1544,2550,0.055578,0.069558,0.818629,DSB,2,0,0,DIRECT,1.0,0.0,13,0.917448103818
1545,2550,0.259869,-0.139721,-2.865744,DSB,2,0,0,DIRECT,1.0,0.0,18,0.304487688625
1546,2551,-1.19063,-0.0770124,2.46031,DSB+,4,1,1,DIRECT,1.0,0.0,13,0.302037661431
1547,2553,0.000698,-0.110324,0.348332,DSB,2,2,1,DIRECT,1.0,0.0,16,0.4941732834
1548,2553,0.033197,0.019425,-0.140542,DSB,2,0,0,DIRECT,1.0,0.0,16,0.710437394186
1549,2554,0.025232,-0.027674,-2.629824,DSB,2,0,0,DIRECT,1.0,0.0,18,0.325415791368
1550,2556,-0.0974327,-0.284115,3.72003,DSB,2,1,1,DIRECT,1.0,0.0,7,0.783823816376
1551,2556,0.023172,0.094892,2.160879,DSB+,3,1,1,DIRECT,1.0,0.0,13,0.47424402623
1552,2556,0.026326,0.098497,-0.278918,DSB,2,1,1,DIRECT,1.0,0.0,16,0.711211531867
1553,2559,-0.0952586,0.00606994,0.590583,DSB,2,0,0,DIRECT,1.0,0.0,13,0.993516113267
1554,2560,0.0989278,0.0433033,2.60056,DSB+,4,0,0,DIRECT,1.0,0.0,13,0.480281992951
1555,2561,0.0927764,0.0511075,1.25377,DSB,2,0,0,DIRECT,1.0,0.0,13,0.907405609453
1556,2565,0.003289,-0.08599,-1.899456,DSB,2,0,0,DIRECT,1.0,0.0,22,0.003648938307
1557,2566,-0.0576278,-0.0455508,1.94251,DSB,2,0,0,DIRECT,1.0,0.0,13,0.430690687308
1558,2566,-0.069186,-0.028259,-4.113488,DSB,2,1,1,DIRECT,1.0,0.0,18,0.783571198413
1559,2572,-0.026456,0.059806,-4.527088,DSB+,3,1,1,DIRECT,1.0,0.0,18,0.876502159303
1560,2575,-0.004256,-0.044071,-0.287104,DSB,2,0,0,DIRECT,1.0,0.0,16,0.710817561667
1561,2575,0.025683,-0.089447,-4.418021,DSB,2,0,0,DIRECT,1.0,0.0,18,0.792465427439
1562,2576,-0.0685038,0.0144554,1.18099,DSB,2,0,0,DIRECT,1.0,0.0,13,0.904606022333
1563,2577,-0.011973,-0.055724,0.265062,DSB,2,0,0,DIRECT,1.0,0.0,16,0.492975427007
1564,2580,-0.222541,0.07461,-0.893128,DSB,2,0,0,DIRECT,1.0,0.0,16,0.800688401429
1565,2581,-0.004239,-0.009289,-0.926739,DSB,2,0,0,DIRECT,1.0,0.0,16,0.796263287043
1566,2582,-0.08436,0.002115,2.495987,DSB,2,0,0,DIRECT,1.0,0.0,13,0.481626954378
1567,2582,-0.083495,0.001937,-3.834538,DSB,2,0,0,DIRECT,1.0,0.0,18,0.712034236391
1568,2584,-0.043218,0.037983,-1.803816,DSB+,3,2,1,DIRECT,1.0,0.0,22,0.003156820973
1569,2589,-0.0478483,-0.000278022,3.93524,DSB,2,0,0,DIRECT,1.0,0.0,13,0.193603065454
1570,2589,-0.28622,-0.039516,-1.042669,DSB,2,1,1,DIRECT,1.0,0.0,16,0.849275903037
1571,2589,-0.038654,-0.004227,-0.270334,DSB,2,0,0,DIRECT,1.0,0.0,16,0.711119312824
1572,2592,-0.0851729,5.35288e-05,0.566869,DSB,2,0,0,DIRECT,1.0,0.0,13,0.993521166552
1573,2592,0.438942,0.328285,-4.347102,DSB,2,0,0,DIRECT,1.0,0.0,22,0.674067685869
1574,2593,-0.0498583,0.00164879,3.40051,DSB,2,0,0,DIRECT,1.0,0.0,13,0.260653529359
1575,2594,0.270366,0.065452,0.223397,DSB,2,0,0,DIRECT,1.0,0.0,16,0.682040378145
1576,2596,-0.014077,0.037097,-1.955658,DSB,2,0,0,DIRECT,1.0,0.0,22,0.003854408589
1577,2599,0.0450784,-0.0565191,0.611206,DSB+,3,0,0,DIRECT,1.0,0.0,13,0.993672500409
1578,2601,0.006686,0.108558,-1.556637,DSB,2,2,1,DIRECT,1.0,0.0,23,0.005159296718
1579,2602,-0.0359571,0.0290763,3.38455,DSB+,3,1,1,DIRECT,1.0,0.0,13,0.260688151434
1580,2603,-0.017417,-0.007078,-0.148928,DSB+,3,0,0,DIRECT,1.0,0.0,16,0.710428835294
1581,2603,-0.021383,-0.011616,-0.150631,DSB,2,0,0,DIRECT,1.0,0.0,16,0.710417919024
1582,2603,-0.016382,-0.006172,-4.076828,DSB,2,0,0,DIRECT,1.0,0.0,18,0.782907331308
1583,2604,-1.72469,-0.603098,-0.808959,DSB+,3,1,1,DIRECT,1.0,0.0,12,0.50069145004
1584,2604,-0.054353,-0.052377,-0.886128,DSB,2,0,0,DIRECT,1.0,0.0,16,0.797498566821
1585,2606,0.0113909,0.186782,3.5737,DSB+,3,1,1,DIRECT,1.0,0.0,13,0.635008974042
1586,2606,-0.005309,0.109194,2.356398,DSB,2,0,0,DIRECT,1.0,0.0,13,0.481362097045
1587,2610,0.038784,0.030543,-4.34331,DSB,2,0,0,DIRECT,1.0,0.0,18,0.877091308666
1588,2611,-0.017121,0.020641,-2.058676,DSB,2,1,1,DIRECT,1.0,0.0,18,0.424523495672
1589,2612,1.005445,0.622916,2.949844,DSB,2,0,0,DIRECT,1.0,0.0,14,0.659301415781
1590,2613,0.026969,-0.022751,-2.613931,DSB,2,0,0,DIRECT,1.0,0.0,18,0.325413538607
1591,2614,-0.014433,0.005998,-1.441287,DSB,2,0,0,DIRECT,1.0,0.0,23,0.003349036874
1592,2615,0.0831054,-0.0132973,2.07893,DSB,2,1,1,DIRECT,1.0,0.0,13,0.472909466814
1593,2615,-0.001486,-0.013802,-3.35591,DSB,2,0,0,DIRECT,1.0,0.0,18,0.699607322102
1594,2617,0.0849847,-0.103677,4.40321,DSB,2,0,0,DIRECT,1.0,0.0,7,0.84461064901
1595,2618,0.239932,-0.000738,-2.977535,DSB,2,0,0,DIRECT,1.0,0.0,18,0.625528819999
1596,2619,0.080481,-0.023346,-1.86987,DSB,2,0,0,DIRECT,1.0,0.0,22,0.004078876142
1597,2620,0.113188,0.235521,-3.275996,DSB,2,0,0,DIRECT,1.0,0.0,22,0.099368557226
1598,2621,0.137388,0.0057111,0.825416,DSB,2,1,1,DIRECT,1.0,0.0,13,0.91580452469
1599,2624,-0.0649678,0.0512432,2.63799,DSB,2,1,1,DIRECT,1.0,0.0,13,0.554370136753
1600,2624,-0.054367,0.051512,-2.91529,DSB,2,0,0,DIRECT,1.0,0.0,18,0.60738571596
1601,2626,0.035313,-0.090167,-0.960188,DSB,2,0,0,DIRECT,1.0,0.0,16,0.852140064453
1602,2628,0.0405309,-0.0174612,4.46816,DSB+,3,0,0,DIRECT,1.0,0.0,7,0.845192609593
1603,2629,0.091074,0.03618,-0.451761,DSB,2,0,0,DIRECT,1.0,0.0,16,0.764504622337
1604,2629,0.031387,-0.055861,-3.334219,DSB,2,0,0,DIRECT,1.0,0.0,18,0.699528189505
1605,2629,-1.409556,1.84318,0.90206,DSB,2,1,1,DIRECT,1.0,0.0,26,0.677447310445
1606,2632,0.0477404,0.0411775,0.987645,DSB,2,0,0,DIRECT,1.0,0.0,13,0.903858948745
1607,2632,0.057744,0.030127,4.429569,DSB,2,0,0,DIRECT,1.0,0.0,17,0.038623172334
1608,2634,-0.046297,0.009504,-3.837257,DSB,2,0,0,DIRECT,1.0,0.0,18,0.711127175693
1609,2638,0.042032,0.044927,3.721557,DSB+,3,2,1,DIRECT,1.0,0.0,17,0.019987285499
1610,2642,0.057425,0.029502,4.43087,DSB,2,0,0,DIRECT,1.0,0.0,17,0.038623256028
1611,2646,0.009498,-0.062734,-0.586336,DSB,2,0,0,DIRECT,1.0,0.0,16,0.765079708864
1612,2649,-0.03414,0.104825,-3.955272,DSB+,4,0,0,DIRECT,1.0,0.0,18,0.956216937416
1613,2651,-0.061828,0.028941,3.913288,DSB,2,1,1,DIRECT,1.0,0.0,13,0.193630923145
1614,2651,-0.059478,0.037551,-1.590173,DSB+,3,0,0,DIRECT,1.0,0.0,23,0.004082285076
1615,2653,0.089572,-0.010906,4.287866,DSB+,3,0,0,DIRECT,1.0,0.0,17,0.039046998318
1616,2653,0.010929,0.325064,-2.06981,DSB,2,0,0,DIRECT,1.0,0.0,18,0.505733256335
1617,2654,0.0942737,0.0396729,2.51406,DSB,2,0,0,DIRECT,1.0,0.0,13,0.479066416526
1618,2657,-0.046927,0.077364,-4.223973,DSB,2,1,1,DIRECT,1.0,0.0,18,0.885492859514
1619,2661,-0.0149551,-0.0073526,2.46804,DSB+,3,1,1,DIRECT,1.0,0.0,13,0.480629192349
1620,2661,-0.015393,-0.006117,2.47199,DSB+,3,0,0,DIRECT,1.0,0.0,13,0.480628379884
1621,2661,-0.01728,-0.000228,-0.670814,DSB+,4,1,1,DIRECT,1.0,0.0,16,0.798177357914
1622,2661,-0.024049,-0.00852,-4.119455,DSB,2,0,0,DIRECT,1.0,0.0,18,0.782863712829
1623,2664,0.056762,-0.11013,-1.313628,DSB+,3,0,0,DIRECT,1.0,0.0,16,0.882172324375
1624,2666,0.042687,0.000675,4.110211,DSB,2,0,0,MIXED,1.0,0.0,17,0.035506320285
1625,2668,-0.116436,-0.048573,0.146249,DSB,2,1,1,DIRECT,1.0,0.0,16,0.495393253611
1626,2668,-0.076811,0.026655,-0.395497,DSB,2,0,0,DIRECT,1.0,0.0,16,0.765773662188
1627,2668,-0.081554,0.033912,-2.26437,DSB,2,0,0,DIRECT,1.0,0.0,18,0.420440111424
1628,2669,0.034197,0.038896,-3.667506,DSB,2,0,0,DIRECT,1.0,0.0,18,0.714589899818
1629,2671,-3.49552,-1.44044,2.24672,DSB,2,0,0,DIRECT,1.0,0.0,4,0.12464557921
1630,2672,0.023095,0.012435,-3.166908,DSB,2,1,1,DIRECT,1.0,0.0,18,0.623405114814
1631,2672,0.022586,0.012613,-2.217409,DSB,2,0,0,DIRECT,1.0,0.0,18,0.423914831678
1632,2674,0.020347,-0.067663,-1.057084,DSB,2,4,1,DIRECT,1.0,0.0,16,0.850836681882
1633,2674,0.018267,-0.057518,-0.699752,DSB,2,0,0,DIRECT,1.0,0.0,16,0.797051589087
1634,2680,0.005377,0.009844,-3.460607,DSB+,3,1,1,DIRECT,1.0,0.0,18,0.70058919121
1635,2681,-0.033284,-0.027569,-2.814948,DSB+,3,0,0,DIRECT,1.0,0.0,18,0.321326890297
1636,2681,-0.032395,-0.030579,-2.763774,DSB,2,1,1,DIRECT,1.0,0.0,18,0.321368939514
1637,2682,0.0712937,-0.0550271,4.4107,DSB,2,0,0,DIRECT,1.0,0.0,7,0.845141437602
1638,2682,0.329824,-0.113359,-0.967424,DSB,2,1,1,DIRECT,1.0,0.0,16,0.853673827204
1639,2683,0.001791,-0.079641,-3.014009,DSB,2,0,0,DIRECT,1.0,0.0,18,0.306633726137
1640,2684,0.042257,0.007296,-4.497222,DSB,2,0,0,DIRECT,1.0,0.0,18,0.87664619653
1641,2688,-0.003705,0.02871,-1.958128,DSB,2,0,0,DIRECT,1.0,0.0,22,0.00384460073
1642,2690,-0.0262097,0.0797847,2.59449,DSB,2,0,0,DIRECT,1.0,0.0,13,0.553968046749
1643,2690,-0.026209,0.073103,2.59315,DSB,2,0,0,DIRECT,1.0,0.0,13,0.55396825602
1644,2697,0.0465469,0.0430593,2.13464,DSB,2,0,0,DIRECT,1.0,0.0,13,0.473593568234
1645,2698,-0.007802,-0.051882,-4.084767,DSB,2,1,1,DIRECT,1.0,0.0,18,0.78218580607
1646,2698,-0.007108,-0.040101,-2.990723,DSB,2,0,0,DIRECT,1.0,0.0,18,0.30736480643
1647,2701,0.066121,-0.049277,-2.788095,DSB+,3,1,1,DIRECT,1.0,0.0,18,0.324807859696
1648,2704,-0.015635,-0.011081,-1.172044,DSB,2,0,0,DIRECT,1.0,0.0,16,0.851636831094
1649,2704,-0.017269,-0.009525,-3.217445,DSB+,3,0,0,DIRECT,1.0,0.0,18,0.622150264054
1650,2705,-0.072473,0.067555,-3.051526,DSB,2,1,1,DIRECT,1.0,0.0,18,0.622904722848
1651,2708,0.0391564,0.01704,0.644815,DSB,2,0,0,DIRECT,1.0,0.0,13,0.994528161134
1652,2708,0.040629,0.007584,-4.523165,DSB+,3,0,0,DIRECT,1.0,0.0,18,0.876638880287
1653,2711,0.0659894,-0.0283034,2.18207,DSB+,3,0,0,DIRECT,1.0,0.0,13,0.472846974739
1654,2712,-0.010967,-0.093307,-4.119345,DSB,2,1,1,DIRECT,1.0,0.0,18,0.783025960457
1655,2712,-0.01141,-0.092962,-2.820275,DSB,2,0,0,DIRECT,1.0,0.0,18,0.320596374938
1656,2718,-0.012851,-0.021806,-3.777914,DSB,2,0,0,DIRECT,1.0,0.0,18,0.710459960831
1657,2718,-0.010348,-0.015276,-4.090172,DSB,2,0,0,DIRECT,1.0,0.0,18,0.782895439798
1658,2719,1.48262,-1.73983,-1.56427,DSB,2,1,1,DIRECT,1.0,0.0,9,0.379647761139
1659,2719,-0.102442,0.004474,2.253658,DSB,2,1,1,DIRECT,1.0,0.0,13,0.475094412089
1660,2721,0.706173,0.377357,-1.675766,DSB,2,0,0,DIRECT,1.0,0.0,22,0.026668667528
1661,2725,0.0158883,-0.0503192,2.21466,DSB,2,0,0,DIRECT,1.0,0.0,13,0.473619967181
1662,2726,-0.014815,-0.019039,2.490147,DSB+,3,0,0,DIRECT,1.0,0.0,13,0.480614444884
1663,2727,-0.031648,-0.025036,0.131248,DSB+,3,1,1,DIRECT,1.0,0.0,16,0.493694440873
1664,2731,-0.037116,0.059268,-3.305873,DSB,2,0,0,DIRECT,1.0,0.0,18,0.700998370758
1665,2731,-0.003553,-0.017574,-3.842638,DSB,2,0,0,DIRECT,1.0,0.0,18,0.71040702443
1666,2735,0.05043,0.203744,-1.220055,DSB,2,1,1,DIRECT,1.0,0.0,23,0.036841230921
1667,2738,0.039682,-0.014585,3.235756,DSB,2,0,0,DIRECT,1.0,0.0,13,0.262676129418
1668,2740,-0.0526904,0.0182141,2.61008,DSB,2,1,1,DIRECT,1.0,0.0,13,0.553911094205
1669,2741,-0.047982,0.03478,-2.776744,DSB,2,0,0,DIRECT,1.0,0.0,18,0.606659929307
1670,2744,-0.039314,0.0430548,2.4831,DSB,2,0,0,DIRECT,1.0,0.0,13,0.481470314879
1671,2752,0.123037,-0.115573,1.62961,DSB,2,1,1,DIRECT,1.0,0.0,13,0.421908153329
1672,2752,0.121567,-0.11294,1.634638,DSB,2,0,0,DIRECT,1.0,0.0,13,0.421909224305
1673,2752,0.0427,-0.097896,-4.131179,DSB,2,0,0,DIRECT,1.0,0.0,18,0.781410374977
1674,2753,-0.00135658,0.0228074,0.78735,DSB,2,0,0,DIRECT,1.0,0.0,13,0.918601163548
1675,2754,0.007578,-0.004576,-3.311552,DSB,2,0,0,DIRECT,1.0,0.0,18,0.699858522412
1676,2755,0.152422,0.103766,-1.485012,DSB,2,0,0,DIRECT,1.0,0.0,23,0.008773239393
1677,2757,-0.001605,0.05714,-4.475305,DSB,2,2,1,DIRECT,1.0,0.0,18,0.877795683626
1678,2759,-0.0629508,-0.090279,0.42391,DSB,2,0,0,DIRECT,1.0,0.0,13,0.994036441503
1679,2759,-0.041117,-0.048009,-1.891724,DSB+,3,0,0,DIRECT,1.0,0.0,22,0.003977719862
1680,2761,0.028273,-0.007034,-3.442993,DSB,2,0,0,DIRECT,1.0,0.0,18,0.700621218081
1681,2762,0.360536,0.647567,3.471049,DSB+,4,0,0,MIXED,1.0,0.0,17,0.242378462487
1682,2762,-0.087965,0.074728,-3.827904,DSB,2,1,1,DIRECT,1.0,0.0,18,0.711858737226
1683,2762,-0.088428,0.074503,-2.924542,DSB,2,0,0,DIRECT,1.0,0.0,18,0.607356213855
1684,2765,0.029226,0.03888,1.16027,DSB+,3,3,1,DIRECT,1.0,0.0,13,0.903631674059
1685,2765,0.005567,0.023624,1.17191,DSB+,3,0,0,DIRECT,1.0,0.0,13,0.903612870425
1686,2765,0.003435,0.03565,-4.227913,DSB,2,0,0,DIRECT,1.0,0.0,18,0.885192489029
1687,2769,-0.036145,0.02642,-0.886902,DSB,2,0,0,DIRECT,1.0,0.0,16,0.797566910709
1688,2770,0.085349,0.078735,-3.167144,DSB+,3,0,0,DIRECT,1.0,0.0,18,0.623238152429
1689,2772,-0.067482,0.024764,0.809194,DSB,2,1,1,DIRECT,1.0,0.0,13,0.916541756376
1690,2772,-0.061972,0.006829,-0.615222,DSB+,4,1,1,DIRECT,1.0,0.0,16,0.764956951052
1691,2773,-0.082742,0.035496,-3.57877,DSB,2,0,0,DIRECT,1.0,0.0,18,0.701501092206
1692,2774,-0.06116,0.106911,-2.180923,DSB,2,0,0,DIRECT,1.0,0.0,18,0.425395746675
1693,2775,0.01807,-0.098175,0.141312,DSB,2,0,0,DIRECT,1.0,0.0,16,0.493576136632
1694,2776,0.14783,-0.0133832,1.2356,DSB,2,0,0,DIRECT,1.0,0.0,13,0.907139065641
1695,2776,0.063104,-0.01642,-0.294205,DSB,2,0,0,DIRECT,1.0,0.0,16,0.710651902244
1696,2778,0.012056,0.049113,-0.157455,DSB,2,0,0,DIRECT,1.0,0.0,16,0.710468816971
1697,2778,-0.009122,-0.052352,-1.934688,DSB+,3,0,0,DIRECT,1.0,0.0,22,0.00375562424
1698,2779,0.0912467,0.0457436,1.65585,DSB+,3,2,1,DIRECT,1.0,0.0,13,0.817715330839
1699,2779,0.081478,-0.014591,3.727707,DSB,2,0,0,DIRECT,1.0,0.0,17,0.019874793904
1700,2781,-0.01247,-0.04886,0.776653,DSB+,3,0,0,DIRECT,1.0,0.0,13,0.918307617595
1701,2781,-0.016423,-0.043139,0.12773,DSB+,3,0,0,DIRECT,1.0,0.0,16,0.493685366304
1702,2781,0.038369,0.353068,-0.063318,DSB,2,0,0,DIRECT,1.0,0.0,17,0.686814281809
1703,2782,-0.0425598,-0.0729925,2.87667,DSB,2,0,0,DIRECT,1.0,0.0,13,0.312102824792
1704,2782,-0.042843,-0.075228,-3.862046,DSB+,3,0,0,DIRECT,1.0,0.0,18,0.711066281396
1705,2782,-0.046006,-0.066256,-2.949372,DSB,2,0,0,DIRECT,1.0,0.0,18,0.307476286724
1706,2784,0.160095,-0.0701626,4.43513,DSB+,4,0,0,DIRECT,1.0,0.0,7,0.847680262758
1707,2784,0.112869,-0.135267,4.453064,DSB+,3,1,1,DIRECT,1.0,0.0,7,0.844113707466
1708,2785,0.334489,0.093327,2.638897,DSB+,3,1,1,DIRECT,1.0,0.0,17,0.100530891424
1709,2786,-0.088578,-0.015032,-3.943494,DSB,2,0,0,DIRECT,1.0,0.0,18,0.783754174234
1710,2791,-0.037672,-0.0702317,1.00007,DSB,2,0,0,DIRECT,1.0,0.0,13,0.903920086712
1711,2792,-0.043692,-0.013873,-2.137314,DSB,2,0,0,DIRECT,1.0,0.0,18,0.425412492433
1712,2793,-0.0239,-0.017789,0.132437,DSB,2,0,0,DIRECT,1.0,0.0,16,0.493706977841
1713,2794,0.001406,0.007377,-1.847039,DSB+,3,0,0,DIRECT,1.0,0.0,22,0.005271513262
1714,2795,0.00838594,-0.024459,3.61317,DSB,2,1,1,DIRECT,1.0,0.0,13,0.196264687453
1715,2802,0.011073,-0.0382128,3.50235,DSB+,3,0,0,DIRECT,1.0,0.0,13,0.259560099613
1716,2805,0.034941,0.015342,-0.559422,DSB,2,0,0,DIRECT,1.0,0.0,16,0.76605753879
1717,2806,-0.00464,0.004551,-4.375237,DSB,2,0,0,DIRECT,1.0,0.0,18,0.87585648865
1718,2807,-0.00983895,0.00506286,1.04369,DSB,2,1,1,DIRECT,1.0,0.0,13,0.904233722701
1719,2807,-0.00897,-0.004236,-3.466412,DSB+,3,0,0,DIRECT,1.0,0.0,18,0.700580654431
1720,2808,-0.053657,0.014515,-0.145891,DSB,2,0,0,DIRECT,1.0,0.0,16,0.710390132763
1721,2808,-0.057316,0.014361,-3.219385,DSB+,3,0,0,DIRECT,1.0,0.0,18,0.622042187313
1722,2810,-0.109482,-0.0231203,1.747,DSB,2,2,1,DIRECT,1.0,0.0,13,0.430193532781
1723,2812,1.20732,-0.999698,3.49525,DSB,2,0,0,DIRECT,1.0,0.0,7,0.306182227922
1724,2815,0.0808268,-0.073843,-2.38137,DSB,2,1,1,DIRECT,1.0,0.0,18,0.402467164087
1725,2816,0.03015,-0.061692,-1.062179,DSB,2,1,1,DIRECT,1.0,0.0,16,0.850837920846
1726,2816,0.039085,-0.056969,-1.049277,DSB,2,0,0,DIRECT,1.0,0.0,16,0.850843867869
1727,2818,-0.089819,0.042641,-0.447836,DSB,2,1,1,DIRECT,1.0,0.0,16,0.765556013191
1728,2824,0.0310721,0.0740967,1.02082,DSB,2,0,0,DIRECT,1.0,0.0,13,0.90430646291
1729,2824,0.032849,0.073082,-4.558438,DSB,2,0,0,DIRECT,1.0,0.0,18,0.876458345539
1730,2825,-0.047654,-0.008994,-2.725922,DSB,2,0,0,DIRECT,1.0,0.0,18,0.321415598872
1731,2827,-0.000892,-0.106145,-0.884228,DSB+,3,0,0,DIRECT,1.0,0.0,16,0.79617335171
1732,2829,0.199346,0.303682,3.73941,DSB,2,2,1,DIRECT,1.0,0.0,17,0.074058492282
1733,2831,0.029168,0.079355,4.467007,DSB+,3,1,1,DIRECT,1.0,0.0,17,0.039788184651
1734,2832,0.0269431,0.0370142,2.1924,DSB,2,0,0,DIRECT,1.0,0.0,13,0.473699108628
1735,2835,-0.744984,0.115197,3.68964,DSB,2,0,0,DIRECT,1.0,0.0,13,0.202519736121
1736,2836,-0.020974,-0.014372,-2.198215,DSB,2,0,0,DIRECT,1.0,0.0,18,0.425221405277
1737,2837,0.012428,0.022194,-4.229791,DSB,2,0,0,DIRECT,1.0,0.0,18,0.885201988288
1738,2838,-0.00864081,0.0382989,2.34618,DSB,2,0,0,DIRECT,1.0,0.0,13,0.481311342623
1739,2840,-0.243906,0.30328,-3.91094,DSB,2,1,1,DIRECT,1.0,0.0,18,0.957841568815
1740,2841,-0.003647,0.035522,-2.059251,DSB,2,0,0,DIRECT,1.0,0.0,18,0.424535303488
1741,2843,0.009178,0.090929,4.132666,DSB,2,1,1,DIRECT,1.0,0.0,17,0.036915349185
1742,2844,0.050607,0.019323,-4.505659,DSB,2,0,0,DIRECT,1.0,0.0,18,0.876649042123
1743,2848,0.0275342,-0.058649,3.21886,DSB+,3,1,1,DIRECT,1.0,0.0,13,0.26264699148
1744,2849,-0.0329295,-0.0312551,3.39625,DSB,2,0,0,DIRECT,1.0,0.0,13,0.260635661291
1745,2850,-0.035103,0.048968,-1.800054,DSB,2,1,1,DIRECT,1.0,0.0,22,0.003158472593
1746,2853,-0.223041,-1.78721,0.935946,DSB,2,0,0,DIRECT,1.0,0.0,4,0.622881236475
1747,2853,0.051232,-0.052799,-4.539326,DSB,2,0,0,DIRECT,1.0,0.0,18,0.876299117866
1748,2855,-0.001072,-0.047831,-1.746768,DSB+,3,0,0,DIRECT,1.0,0.0,22,0.003234840018
1749,2858,-0.0933789,0.0192912,1.17403,DSB,2,0,0,DIRECT,1.0,0.0,13,0.904583913445
1750,2859,-0.030478,-0.01956,-0.664293,DSB+,4,0,0,DIRECT,1.0,0.0,16,0.798161840738
1751,2862,0.00713,0.023624,-3.183582,DSB,2,0,0,DIRECT,1.0,0.0,18,0.623377174996
1752,2864,-0.0256528,0.0425014,2.09741,DSB+,3,0,0,DIRECT,1.0,0.0,13,0.474773371593
1753,2864,-0.021649,0.040699,1.194755,DSB,2,0,0,DIRECT,1.0,0.0,13,0.904427169311
1754,2864,0.418799,0.307196,4.074952,DSB+,4,0,0,DIRECT,1.0,0.0,17,0.070443298768
1755,2865,0.045627,0.013131,-0.655712,DSB,2,1,1,DIRECT,1.0,0.0,16,0.798000547823
1756,2866,-0.071729,0.125022,1.197592,DSB,2,2,1,DIRECT,1.0,0.0,13,0.904921227856
1757,2866,-0.054336,0.126122,1.211384,DSB,2,1,1,DIRECT,1.0,0.0,13,0.904916740835
1758,2868,0.0537143,0.0491158,2.83984,DSB,2,2,1,DIRECT,1.0,0.0,13,0.557256694524
1759,2868,0.056375,0.05367,2.415646,DSB,2,0,0,DIRECT,1.0,0.0,13,0.479769524696
1760,2869,-0.011568,-0.007194,-3.246702,DSB,2,0,0,DIRECT,1.0,0.0,18,0.621961799308
1761,2870,-0.04828,-0.004239,0.283768,DSB,2,0,0,DIRECT,1.0,0.0,16,0.494294420513
1762,2870,-0.044003,-0.001391,-1.773358,DSB+,3,0,0,DIRECT,1.0,0.0,22,0.003108873057
1763,2872,-0.078123,0.033467,-0.55253,DSB,2,0,0,DIRECT,1.0,0.0,16,0.766488550641
1764,2873,0.0289672,0.0520486,3.69754,DSB,2,0,0,DIRECT,1.0,0.0,13,0.19615308435
1765,2873,0.02909,0.052092,2.334966,DSB,2,0,0,DIRECT,1.0,0.0,13,0.48070841381
1766,2873,0.028862,0.046275,-3.297144,DSB,2,1,1,DIRECT,1.0,0.0,18,0.7010741277
1767,2873,0.030142,0.050435,-3.806014,DSB,2,0,0,DIRECT,1.0,0.0,18,0.715341680406
1768,2876,-0.250847,-0.044144,-3.583965,DSB,2,0,0,DIRECT,1.0,0.0,18,0.702031920859
1769,2876,0.001284,0.012303,-3.781235,DSB,2,0,0,DIRECT,1.0,0.0,18,0.715288074454
1770,2877,0.0573894,0.0721497,2.57589,DSB+,3,0,0,DIRECT,1.0,0.0,13,0.480245493591
1771,2884,-0.00019,-0.077332,0.000267,DSB,2,0,0,DIRECT,1.0,0.0,16,0.468722729416
1772,2884,-0.006258,-0.074163,-2.741472,DSB,2,0,0,DIRECT,1.0,0.0,18,0.320667814668
1773,2884,-0.002333,-0.072406,-2.298677,DSB,2,0,0,DIRECT,1.0,0.0,18,0.4051334081
1774,2886,-0.0330462,0.0100418,3.52184,DSB,2,0,0,DIRECT,1.0,0.0,13,0.260024460111
1775,2886,-0.16572,0.032797,1.288823,DSB,2,0,0,DIRECT,1.0,0.0,13,0.828143148892
1776,2887,0.144578,-0.060207,2.240516,DSB,2,0,0,DIRECT,1.0,0.0,13,0.476431550466
1777,2892,-0.064617,-0.002257,-1.624777,DSB,2,0,0,DIRECT,1.0,0.0,23,0.003695697156
1778,2894,-0.02293,0.02614,-0.885946,DSB,2,0,0,DIRECT,1.0,0.0,16,0.797576567925
1779,2894,-0.017021,0.029259,-2.059484,DSB+,3,1,1,DIRECT,1.0,0.0,18,0.424523802549
1780,2894,-1.383944,2.613106,1.104315,DSB,2,0,0,DIRECT,1.0,0.0,28,0.5617621405
1781,2897,0.050589,0.062496,-0.548628,DSB,2,0,0,DIRECT,1.0,0.0,16,0.766101659273
1782,2897,0.179502,0.188381,-1.188229,DSB+,3,0,0,DIRECT,1.0,0.0,23,0.037060444961
1783,2899,-0.061296,0.001562,-0.29743,DSB,2,0,0,DIRECT,1.0,0.0,16,0.711092236456
1784,2899,-0.059101,0.004025,-2.531575,DSB,2,0,0,DIRECT,1.0,0.0,18,0.40638659893
1785,2900,0.766979,0.069836,1.595916,DSB,2,2,1,DIRECT,1.0,0.0,17,0.12375319083
1786,2900,0.745897,0.081404,1.584428,DSB,2,0,0,DIRECT,1.0,0.0,17,0.123771359384
1787,2901,-0.048472,0.005247,-3.096221,DSB+,3,0,0,DIRECT,1.0,0.0,18,0.621304739307
1788,2901,-0.044256,0.004717,-2.922906,DSB,2,1,1,DIRECT,1.0,0.0,18,0.607046769554
1789,2902,0.0721868,0.0456855,1.66939,DSB,2,0,0,DIRECT,1.0,0.0,13,0.817707347758
1790,2904,-0.053082,-0.050027,-3.988655,DSB,2,1,1,DIRECT,1.0,0.0,18,0.782823288669
1791,2904,-0.053209,-0.051326,-3.73433,DSB,2,0,0,DIRECT,1.0,0.0,18,0.71034795745
1792,2907,0.510681,0.223956,-1.112794,DSB,2,0,0,DIRECT,1.0,0.0,23,0.034012524405
1793,2911,-0.012479,0.009686,-1.184511,DSB,2,0,0,DIRECT,1.0,0.0,16,0.851661878241
1794,2912,0.00911566,0.151688,1.07408,DSB+,3,0,0,DIRECT,1.0,0.0,13,0.90436366781
1795,2914,-0.10957,-0.00146875,3.19535,DSB,2,0,0,DIRECT,1.0,0.0,13,0.262488622417
1796,2914,-0.059243,-0.039013,-2.799514,DSB,2,1,1,DIRECT,1.0,0.0,18,0.322040673848
1797,2915,-0.048354,0.032721,-0.398074,DSB,2,0,0,DIRECT,1.0,0.0,16,0.765799794265
1798,2917,-0.070106,0.089897,-0.869951,DSB+,3,0,0,DIRECT,1.0,0.0,16,0.797680439919
1799,2917,-0.082269,0.07987,-0.876125,DSB,2,0,0,DIRECT,1.0,0.0,16,0.797670514819
1800,2917,-0.123767,0.51018,2.77084,DSB,2,1,1,DIRECT,1.0,0.0,17,0.183138647339
1801,2918,0.051438,-0.038173,-2.618773,DSB+,3,0,0,DIRECT,1.0,0.0,18,0.325408231018
1802,2920,0.057866,-0.037542,-3.910141,DSB,2,1,1,DIRECT,1.0,0.0,18,0.781005931109
1803,2926,-0.065787,0.103165,-3.951184,DSB,2,1,1,DIRECT,1.0,0.0,18,0.956181179191
1804,2926,-0.066232,0.104477,-4.383075,DSB,2,0,0,DIRECT,1.0,0.0,18,0.877138316748
1805,2927,-0.0659303,-0.0187225,0.920798,DSB,2,0,0,DIRECT,1.0,0.0,13,0.917921961536
1806,2927,-0.066351,-0.019746,0.313208,DSB+,4,1,1,DIRECT,1.0,0.0,16,0.494263955413
1807,2929,-0.111724,-0.0168744,0.392787,DSB,2,0,0,DIRECT,1.0,0.0,13,0.989863801375
1808,2930,0.05644,0.137025,3.020814,DSB,2,1,1,DIRECT,1.0,0.0,13,0.560586064015
1809,2930,0.095648,0.332762,3.797744,DSB,2,3,1,DIRECT,1.0,0.0,17,0.075457401192
1810,2930,0.44125,0.936447,3.613341,DSB,2,1,1,DIRECT,1.0,0.0,17,0.477475226601
1811,2931,-0.019616,-0.067144,1.023239,DSB,2,0,0,DIRECT,1.0,0.0,13,0.903936760703
1812,2932,-0.0351411,-0.0175564,3.52296,DSB,2,0,0,DIRECT,1.0,0.0,13,0.260003299099
1813,2934,0.044396,-0.06702,-2.606115,DSB,2,0,0,DIRECT,1.0,0.0,18,0.325383715675
1814,2934,0.045363,-0.080238,-4.082558,DSB,2,0,0,DIRECT,1.0,0.0,18,0.781462613928
1815,2935,-0.225437,0.0653968,0.384258,DSB+,3,0,0,DIRECT,1.0,0.0,13,0.991782461349
1816,2935,-0.024822,0.040981,-3.193873,DSB+,3,0,0,DIRECT,1.0,0.0,18,0.623349730366
1817,2943,-0.023751,0.022462,-3.459311,DSB,2,0,0,DIRECT,1.0,0.0,18,0.700562576545
1818,2944,0.085896,0.013984,-4.497717,DSB,2,1,1,DIRECT,1.0,0.0,18,0.876686648589
1819,2949,0.060013,-0.068567,-3.532204,DSB,2,0,0,DIRECT,1.0,0.0,18,0.698907585179
1820,2951,0.0221456,0.0508775,3.40439,DSB,2,0,0,DIRECT,1.0,0.0,13,0.260089851208
1821,2951,0.02333,0.049928,-3.659666,DSB+,3,0,0,DIRECT,1.0,0.0,18,0.714598199465
1822,2951,-0.010159,0.034638,-4.352593,DSB,2,1,1,DIRECT,1.0,0.0,18,0.877041371297
1823,2953,0.086171,0.052864,-2.014601,DSB,2,0,0,DIRECT,1.0,0.0,18,0.424844336293
1824,2956,0.012718,-0.027909,-2.15087,DSB+,3,0,0,DIRECT,1.0,0.0,18,0.425469048595
1825,2957,-0.019949,-0.003126,-3.787637,DSB,2,0,0,DIRECT,1.0,0.0,18,0.710456585177
1826,2962,0.00565,0.041285,-4.577176,DSB+,3,0,0,DIRECT,1.0,0.0,18,0.876427078887
1827,2962,0.006271,0.041788,-4.345636,DSB,2,0,0,DIRECT,1.0,0.0,18,0.877067867395
1828,2965,0.0280948,-0.0810607,4.55238,DSB,2,0,0,DIRECT,1.0,0.0,7,0.845100963304
1829,2965,-0.026058,-0.029808,-3.779652,DSB,2,0,0,DIRECT,1.0,0.0,18,0.710462164771
1830,2965,-0.019935,-0.043075,-1.745976,DSB,2,2,1,DIRECT,1.0,0.0,22,0.003222092712
1831,2967,0.055,0.122038,1.43429,DSB,2,0,0,DIRECT,1.0,0.0,13,0.827148051993
1832,2969,-0.069347,0.010864,-1.990821,DSB,2,1,1,DIRECT,1.0,0.0,18,0.425845650288
1833,2972,0.083151,0.059463,3.585893,DSB,2,0,0,DIRECT,1.0,0.0,17,0.017718845638
1834,2973,0.0254551,-0.098809,-0.441935,DSB,2,0,0,DIRECT,1.0,0.0,16,0.764384596942
1835,2974,-0.029783,-0.070566,-2.745618,DSB,2,0,0,DIRECT,1.0,0.0,18,0.320672166752
1836,2975,0.0513369,-0.22861,2.46676,DSB,2,0,0,DIRECT,1.0,0.0,7,0.869280912597
1837,2975,0.016374,0.066173,4.184661,DSB,2,0,0,DIRECT,1.0,0.0,17,0.037110906991
1838,2976,0.0575007,-0.0670088,3.48377,DSB,2,0,0,DIRECT,1.0,0.0,13,0.25874465589
1839,2977,-0.0459704,-0.0193619,3.53984,DSB+,3,0,0,DIRECT,1.0,0.0,13,0.259988957866
1840,2977,-0.046381,-0.021485,0.559725,DSB,2,1,1,DIRECT,1.0,0.0,13,0.993443902391
1841,2978,0.584266,0.220027,0.768716,DSB,2,0,0,DIRECT,1.0,0.0,16,0.603060835101
1842,2980,-0.212281,0.077205,4.248576,DSB,2,0,0,DIRECT,1.0,0.0,13,0.144423106988
1843,2982,0.20416,0.221192,1.74545,DSB,2,2,1,DIRECT,1.0,0.0,13,0.817580972569
1844,2983,-0.0110852,0.0446367,2.32135,DSB,2,0,0,DIRECT,1.0,0.0,13,0.481326453235
1845,2984,0.048673,0.030355,4.017964,DSB,2,0,0,DIRECT,1.0,0.0,17,0.037526175272
1846,2986,-0.024319,-0.093051,1.833385,DSB,2,1,1,DIRECT,1.0,0.0,13,0.428268588515
1847,2986,-0.019353,-0.096663,-3.881562,DSB+,3,1,1,DIRECT,1.0,0.0,18,0.710559089299
1848,2988,-0.033257,-0.060536,1.960531,DSB,2,0,0,DIRECT,1.0,0.0,13,0.430710346492
1849,2988,0.016955,-0.053563,-2.067621,DSB,2,0,0,DIRECT,1.0,0.0,18,0.423124628608
1850,2992,-0.0157528,0.0889077,3.73165,DSB,2,0,0,DIRECT,1.0,0.0,13,0.196818732974
1851,2995,0.095131,-0.03967,3.168263,DSB,2,0,0,DIRECT,1.0,0.0,13,0.262121899247
1852,2999,0.003875,0.070363,-4.490192,DSB,2,1,1,DIRECT,1.0,0.0,18,0.877798738454
1853,2999,0.005699,0.070764,-4.088816,DSB,2,0,0,DIRECT,1.0,0.0,18,0.884800173804
1854,3002,-0.057427,-0.010892,-1.635008,DSB,2,0,0,DIRECT,1.0,0.0,23,0.003699303428
1855,3004,-0.011416,-0.0894,0.281312,DSB,2,0,0,DIRECT,1.0,0.0,16,0.492940387789
1856,3005,0.032104,-0.030042,0.761168,DSB,2,3,1,DIRECT,1.0,0.0,13,0.918133110029
1857,3006,-1.763524,1.073435,2.955718,DSB,2,0,0,DIRECT,1.0,0.0,17,0.456255855087
1858,3006,-0.01919,0.01845,-1.862073,DSB,2,0,0,DIRECT,1.0,0.0,22,0.005246709856
1859,3008,-0.044239,0.02074,-0.904684,DSB++,5,2,1,DIRECT,1.0,0.0,16,0.797570507051
1860,3008,-0.046569,0.03381,-0.898339,DSB,2,0,0,DIRECT,1.0,0.0,16,0.797581470201
1861,3010,-0.0174116,-0.0629388,0.545244,DSB,2,0,0,DIRECT,1.0,0.0,13,0.992243984376
1862,3010,-0.023587,-0.065835,-4.015626,DSB+,3,1,1,DIRECT,1.0,0.0,18,0.78233028269
1863,3010,-0.023068,-0.050859,-3.065119,DSB+,3,0,0,DIRECT,1.0,0.0,18,0.307297300313
1864,3011,0.008511,0.0722673,1.14013,DSB+,3,0,0,DIRECT,1.0,0.0,13,0.903661175144
1865,3011,0.008473,0.072065,3.404507,DSB,2,0,0,DIRECT,1.0,0.0,13,0.260096590972
1866,3012,0.087492,-0.085292,3.200592,DSB,2,0,0,DIRECT,1.0,0.0,13,0.262204967606
1867,3013,-0.075586,0.030136,-1.643545,DSB,2,1,1,DIRECT,1.0,0.0,23,0.003827252183
1868,3015,-0.122802,0.850092,-1.431496,DSB,2,0,0,DIRECT,1.0,0.0,23,0.387951681868
1869,3023,0.082756,0.007189,-4.511705,DSB,2,0,0,DIRECT,1.0,0.0,18,0.876675949717
1870,3025,-0.060954,-0.009201,-1.730791,DSB,2,0,0,DIRECT,1.0,0.0,22,0.004432497483
1871,3028,-0.0649862,-0.0618025,1.01173,DSB,2,0,0,DIRECT,1.0,0.0,13,0.903892678339
1872,3029,0.133398,-0.06966,-0.99906,DSB,2,0,0,DIRECT,1.0,0.0,16,0.851105684229
1873,3030,0.108472,0.081512,-0.180024,DSB,2,1,1,DIRECT,1.0,0.0,16,0.709618740892
1874,3031,-0.0911057,0.0126452,0.696634,DSB,2,1,1,DIRECT,1.0,0.0,13,0.917168726757
1875,3031,-0.113055,0.061829,0.720225,DSB,2,1,1,DIRECT,1.0,0.0,13,0.918378505139
1876,3031,-0.090243,0.01084,0.826201,DSB,2,0,0,DIRECT,1.0,0.0,13,0.916516502266
1877,3031,-0.089874,0.020978,-0.015029,DSB,2,0,0,DIRECT,1.0,0.0,16,0.679539085605
1878,3031,-0.091644,0.013373,-0.332977,DSB,2,0,0,DIRECT,1.0,0.0,16,0.71085505872
1879,3032,0.0204797,0.00767066,2.31792,DSB,2,0,0,DIRECT,1.0,0.0,13,0.480868617074
1880,3032,0.034559,0.029831,-3.790321,DSB,2,1,1,DIRECT,1.0,0.0,18,0.715318762223
1881,3033,-0.0144769,0.0721122,1.3098,DSB+,3,1,1,DIRECT,1.0,0.0,13,0.828090615664
1882,3033,0.008436,0.07022,4.299916,DSB,2,1,1,DIRECT,1.0,0.0,17,0.039307279418
1883,3033,-0.012968,0.071651,-3.006155,DSB,2,0,0,DIRECT,1.0,0.0,18,0.622973568067
1884,3034,0.0103991,0.135907,1.78751,DSB,2,0,0,DIRECT,1.0,0.0,13,0.817245178453
1885,3035,-0.010204,0.03959,-4.366316,DSB+,3,1,1,DIRECT,1.0,0.0,18,0.877039076689
1886,3036,0.192379,-0.104063,1.975045,DSB,2,1,1,DIRECT,1.0,0.0,13,0.426900496465
1887,3037,-0.0192073,-0.0667182,0.414008,DSB,2,1,1,DIRECT,1.0,0.0,13,0.992884883602
1888,3038,-0.009846,0.078408,-4.428484,DSB,2,1,1,DIRECT,1.0,0.0,18,0.875795238653
1889,3039,-0.061914,0.061742,-4.02368,DSB,2,0,0,DIRECT,1.0,0.0,18,0.783682518294
1890,3041,-0.025897,-0.002522,-2.319979,DSB+,3,1,1,MIXED,1.0,0.0,18,0.405250991075
1891,3043,0.017271,0.073584,2.40101,DSB,2,0,0,DIRECT,1.0,0.0,13,0.480763901455
1892,3044,-0.006019,0.041613,2.34617,DSB,2,1,1,DIRECT,1.0,0.0,13,0.481322113935
1893,3044,-0.038965,-0.03822,-0.89795,DSB,2,0,0,DIRECT,1.0,0.0,16,0.797513126313
1894,3045,-0.004644,0.094567,-0.246979,DSB+,3,1,1,DIRECT,1.0,0.0,16,0.712074037761
1895,3047,-0.070635,-0.066897,-3.98562,DSB,2,0,0,DIRECT,1.0,0.0,18,0.782795739422
1896,3049,0.00346751,0.0559102,1.01892,DSB+,3,0,0,DIRECT,1.0,0.0,13,0.904291259973
1897,3050,0.02732,0.054807,-0.160432,DSB,2,0,0,DIRECT,1.0,0.0,16,0.710470585005
1898,3052,0.0450115,0.000895353,0.756272,DSB,2,1,1,DIRECT,1.0,0.0,13,0.918156240652
1899,3053,-0.0172252,0.00786755,3.63845,DSB,2,0,0,DIRECT,1.0,0.0,13,0.196721329537
1900,3056,0.003254,0.02564,0.920905,DSB,2,0,0,DIRECT,1.0,0.0,13,0.917960184306
1901,3056,0.002354,0.024786,-1.937408,DSB,2,0,0,DIRECT,1.0,0.0,22,0.003836160732
1902,3057,0.006085,-0.177077,-0.231089,DSB,2,0,0,DIRECT,1.0,0.0,16,0.46337631531
1903,3059,-0.023678,-0.00734,-2.052356,DSB,2,0,0,DIRECT,1.0,0.0,18,0.42448625188
1904,3059,-0.021827,-0.00605,-4.059267,DSB,2,0,0,DIRECT,1.0,0.0,18,0.782920875773
1905,3060,0.025948,-0.060345,-3.230742,DSB+,3,1,1,DIRECT,1.0,0.0,18,0.62184562518
1906,3063,-0.000218271,-0.0474708,2.07603,DSB,2,0,0,DIRECT,1.0,0.0,13,0.474264344002
1907,3067,-0.022077,-0.021691,-3.357976,DSB,2,0,0,DIRECT,1.0,0.0,18,0.699598541215
1908,3067,-0.02325,-0.016791,-4.110546,DSB,2,0,0,DIRECT,1.0,0.0,18,0.782873965334
1909,3071,-0.063732,0.019976,-2.775353,DSB+,3,0,0,DIRECT,1.0,0.0,18,0.32208142581
1910,3072,-0.048413,0.014526,-1.802369,DSB,2,1,1,DIRECT,1.0,0.0,22,0.003130591498
1911,3074,-0.0912504,-0.23876,3.98262,DSB+,3,0,0,DIRECT,1.0,0.0,7,0.809481013642
1912,3076,0.004948,-0.091811,1.415099,DSB+,3,0,0,DIRECT,1.0,0.0,13,0.422322971947
1913,3077,0.00864783,-0.202539,2.74839,DSB+,3,0,0,MIXED,1.0,0.0,13,0.311412322135
1914,3077,-0.056551,-0.059811,1.876232,DSB+,3,1,1,DIRECT,1.0,0.0,13,0.42946327475
1915,3080,-0.014492,-0.000311,-1.165503,DSB,2,0,0,DIRECT,1.0,0.0,16,0.851646849953
1916,3081,0.088551,-0.110042,-2.283258,DSB,2,1,1,DIRECT,1.0,0.0,18,0.404026026018
1917,3085,0.0519683,0.0363616,2.089,DSB+,4,1,1,DIRECT,1.0,0.0,13,0.473551289295
1918,3088,0.0008,-0.020306,3.367114,DSB,2,0,0,DIRECT,1.0,0.0,13,0.26022195058
1919,3090,-0.078555,0.008955,-2.787302,DSB,2,0,0,DIRECT,1.0,0.0,18,0.32207585319
1920,3091,-0.127874,-0.083606,3.311189,DSB+,3,1,1,DIRECT,1.0,0.0,13,0.259163623002
1921,3091,-0.005648,-0.051541,3.373686,DSB,2,0,0,DIRECT,1.0,0.0,13,0.26018898421
1922,3096,0.518657,-0.379438,2.69365,DSB,2,1,1,DIRECT,1.0,0.0,7,0.870031361828
1923,3096,0.649811,-0.113561,2.203217,DSB,2,0,0,DIRECT,1.0,0.0,17,0.107534007627
1924,3100,0.140667,0.0320862,2.88232,DSB,2,0,0,DIRECT,1.0,0.0,13,0.55734173865
1925,3102,0.100705,-0.0229962,0.571845,DSB,2,1,1,DIRECT,1.0,0.0,13,0.993284308476
1926,3103,0.062938,0.034895,4.303424,DSB,2,0,0,DIRECT,1.0,0.0,17,0.039363535677
1927,3104,0.027302,0.023558,3.897942,DSB,2,0,0,DIRECT,1.0,0.0,17,0.020506543469
1928,3105,-0.061456,0.054253,-3.192647,DSB+,4,1,1,DIRECT,1.0,0.0,18,0.623310889415
1929,3106,0.0227877,0.0308999,1.17577,DSB,2,1,1,DIRECT,1.0,0.0,13,0.903621764452
1930,3106,0.018196,0.03188,1.945871,DSB,2,0,0,DIRECT,1.0,0.0,13,0.430594237902
1931,3107,-0.020229,0.106057,3.72536,DSB,2,1,1,DIRECT,1.0,0.0,13,0.196815840107
1932,3107,-0.013094,0.10318,3.734909,DSB,2,0,0,DIRECT,1.0,0.0,13,0.196828211728
1933,3109,0.00065,0.045923,-0.392414,DSB,2,0,0,DIRECT,1.0,0.0,16,0.76584072693
1934,3112,-0.129424,0.005043,-2.249727,DSB,2,0,0,DIRECT,1.0,0.0,18,0.421143265848
1935,3114,-0.048677,-0.001626,-2.718635,DSB,2,1,1,DIRECT,1.0,0.0,18,0.321427915826
1936,3116,0.0611228,0.0276759,0.488064,DSB,2,0,0,DIRECT,1.0,0.0,13,0.994388577239
1937,3116,0.061452,0.026862,3.973568,DSB,2,0,0,DIRECT,1.0,0.0,17,0.036273521477
1938,3117,-0.004553,0.397429,4.01378,DSB,2,0,0,DIRECT,1.0,0.0,13,0.694778221761
1939,3118,-0.134993,-0.125853,0.115057,DSB,2,0,0,DIRECT,1.0,0.0,16,0.496166078661
1940,3120,0.443348,-0.072453,-2.364135,DSB,2,1,1,DIRECT,1.0,0.0,18,0.401903074077
1941,3120,0.028054,-0.056344,-1.872855,DSB+,3,1,1,DIRECT,1.0,0.0,22,0.004043420876
1942,3122,0.088497,-0.070784,-2.147424,DSB,2,0,0,DIRECT,1.0,0.0,18,0.425185765618
1943,3123,0.0201683,0.00611316,3.49065,DSB+,3,0,0,DIRECT,1.0,0.0,13,0.259604163512
1944,3124,0.0288222,0.070797,2.98455,DSB,2,0,0,DIRECT,1.0,0.0,13,0.559499201692
1945,3125,0.019681,-0.055358,-3.506444,DSB+,3,1,1,DIRECT,1.0,0.0,18,0.698974875087
1946,3128,-0.01954,-0.034182,-2.044293,DSB+,3,2,1,DIRECT,1.0,0.0,18,0.424460139378
1947,3130,-0.00512185,-0.0625228,1.02039,DSB+,3,0,0,DIRECT,1.0,0.0,13,0.903949575487
1948,3134,0.0283888,-0.0117757,0.63657,DSB,2,0,0,DIRECT,1.0,0.0,13,0.994504033395
1949,3137,-0.0120286,0.0411357,2.33028,DSB+,3,0,0,DIRECT,1.0,0.0,13,0.481314290885
1950,3140,-0.000532,0.09596,4.468621,DSB+,3,1,1,DIRECT,1.0,0.0,17,0.039765587294
1951,3140,-0.050732,0.329951,-0.525983,DSB,2,0,0,DIRECT,1.0,0.0,23,0.073584626936
1952,3142,-0.00869684,-0.0265421,4.54666,DSB,2,0,0,DIRECT,1.0,0.0,7,0.845804397917
1953,3142,-0.008127,-0.027855,-3.818814,DSB,2,0,0,DIRECT,1.0,0.0,18,0.710422173029
1954,3145,-0.031974,-0.050795,0.883284,DSB,2,0,0,DIRECT,1.0,0.0,13,0.917636909532
1955,3145,-0.037601,-0.050305,-0.697489,DSB,2,0,0,DIRECT,1.0,0.0,16,0.796999525845
1956,3152,0.0714346,0.0581876,1.37202,DSB,2,0,0,DIRECT,1.0,0.0,13,0.825718151077
1957,3154,0.116522,-0.0806339,1.74595,DSB,2,0,0,DIRECT,1.0,0.0,13,0.429127049781
1958,3157,0.042389,-0.091113,-2.361382,DSB,2,2,1,DIRECT,1.0,0.0,18,0.403783055609
1959,3157,0.232018,-0.017758,-1.83437,DSB,2,1,1,DIRECT,1.0,0.0,22,0.006983312088
1960,3159,-0.021215,-0.077642,0.73581,DSB,2,1,1,DIRECT,1.0,0.0,13,0.917240432921
1961,3159,-0.012212,-0.07609,0.894206,DSB,2,0,0,DIRECT,1.0,0.0,13,0.917652001679
1962,3162,-0.00889427,-0.00295994,3.23648,DSB,2,0,0,DIRECT,1.0,0.0,13,0.263486045919
1963,3162,0.216133,0.84708,-3.266173,DSB,2,0,0,DIRECT,1.0,0.0,22,0.827329701224
1964,3163,0.047532,-0.031939,0.621615,DSB,2,0,0,DIRECT,1.0,0.0,13,0.993692775096
1965,3164,-0.018251,-0.16282,-1.391903,DSB,2,1,1,DIRECT,1.0,0.0,16,0.883821451342
1966,3164,-0.016588,-0.160929,-1.389248,DSB,2,0,0,DIRECT,1.0,0.0,16,0.883821304005
1967,3164,0.002996,-0.041155,-2.346565,DSB,2,0,0,DIRECT,1.0,0.0,18,0.403887805518
1968,3173,-0.096904,0.044274,-2.209847,DSB,2,0,0,DIRECT,1.0,0.0,18,0.420489867457
1969,3175,-0.002665,0.023756,-1.457612,DSB,2,1,1,DIRECT,1.0,0.0,23,0.003355887313
1970,3182,0.018458,0.0576865,3.68089,DSB,2,2,1,DIRECT,1.0,0.0,13,0.196140060295
1971,3184,0.0950184,-0.0113203,2.09316,DSB,2,0,0,DIRECT,1.0,0.0,13,0.472916951337
1972,3187,0.00467,-0.031179,-1.999773,DSB,2,1,1,DIRECT,1.0,0.0,18,0.424723154479
1973,3187,0.001941,-0.032605,-3.495642,DSB,2,0,0,DIRECT,1.0,0.0,18,0.700235277543
1974,3188,-0.0528517,-0.00154408,3.8018,DSB,2,0,0,DIRECT,1.0,0.0,13,0.196864569523
1975,3188,-0.056849,0.003921,0.765701,DSB,2,0,0,DIRECT,1.0,0.0,13,0.918581313558
1976,3190,-0.0129574,-0.00850643,3.77004,DSB,2,0,0,DIRECT,1.0,0.0,13,0.196057878261
1977,3190,-0.01752,0.075055,-4.231774,DSB,2,0,0,DIRECT,1.0,0.0,18,0.885516300785
1978,3190,-0.007896,-0.018548,-1.600104,DSB,2,1,1,DIRECT,1.0,0.0,23,0.003758947323
1979,3191,0.045688,0.016659,3.428038,DSB,2,0,0,DIRECT,1.0,0.0,13,0.259469879103
1980,3192,0.085685,0.03893,3.566941,DSB+,3,2,1,DIRECT,1.0,0.0,17,0.017701388482
1981,3192,0.083631,0.043361,3.568409,DSB,2,0,0,DIRECT,1.0,0.0,17,0.017701235043
1982,3194,-0.001731,-0.10644,-0.842085,DSB,2,0,0,DIRECT,1.0,0.0,16,0.797415656744
1983,3194,-0.002391,-0.105756,-1.919107,DSB+,3,0,0,DIRECT,1.0,0.0,22,0.003645605963
1984,3195,0.005803,0.01002,2.343886,DSB,2,0,0,DIRECT,1.0,0.0,13,0.48129711218
1985,3198,-0.081535,-0.03499,-2.29218,DSB,2,0,0,DIRECT,1.0,0.0,18,0.420634295255
1986,3198,-0.080711,-0.035445,-2.290752,DSB,2,0,0,DIRECT,1.0,0.0,18,0.420634392898
1987,3198,-0.158522,0.016605,-3.668967,DSB,2,0,0,DIRECT,1.0,0.0,18,0.712706605403
1988,3201,0.046209,-0.062951,-3.474801,DSB,2,0,0,DIRECT,1.0,0.0,18,0.700277487174
1989,3203,-0.009655,0.03125,-2.189254,DSB,2,0,0,DIRECT,1.0,0.0,18,0.425262498989
1990,3207,0.016834,-0.044914,-0.835487,DSB,2,0,0,DIRECT,1.0,0.0,16,0.797761903422
1991,3207,0.01531,-0.048959,-2.011215,DSB+,3,0,0,DIRECT,1.0,0.0,18,0.424731363458
1992,3208,-0.007584,-0.036106,-0.92402,DSB+,3,1,1,DIRECT,1.0,0.0,16,0.796240094992
1993,3209,-0.0179858,0.0393928,2.2296,DSB+,3,0,0,DIRECT,1.0,0.0,13,0.474120248466
1994,3212,0.049877,0.014517,-0.304242,DSB,2,0,0,DIRECT,1.0,0.0,16,0.710671437679
1995,3213,0.062405,0.043186,-4.490022,DSB+,3,0,0,DIRECT,1.0,0.0,18,0.877851898038
1996,3214,0.031502,0.166813,1.253235,DSB,2,0,0,DIRECT,1.0,0.0,13,0.908568548015
1997,3215,0.034121,0.0481295,3.17322,DSB+,3,0,0,DIRECT,1.0,0.0,13,0.263395363781
1998,3215,0.033826,0.047219,3.463479,DSB,2,0,0,DIRECT,1.0,0.0,13,0.259511320957
1999,3216,-0.0158235,0.0805238,1.28805,DSB+,3,1,1,DIRECT,1.0,0.0,13,0.828097404668
2000,3216,-0.014894,0.073583,-3.166616,DSB,2,0,0,DIRECT,1.0,0.0,18,0.623705966539
2001,3220,-2.56406,-0.347077,1.38934,DSB,2,0,0,DIRECT,1.0,0.0,11,0.889490440029
2002,3220,-0.052892,0.025021,-1.590164,DSB,2,1,1,DIRECT,1.0,0.0,23,0.004092335342
2003,3221,-0.000137,-0.068529,-1.028649,DSB+,3,1,1,DIRECT,1.0,0.0,16,0.850882657462
2004,3225,0.169895,0.327322,3.493842,DSB,2,2,1,DIRECT,1.0,0.0,17,0.08440750288
2005,3228,0.043722,-0.075952,-0.571647,DSB+,3,2,1,DIRECT,1.0,0.0,16,0.765116408962
2006,3228,0.146871,1.584373,-2.243891,DSB+,3,0,0,DIRECT,1.0,0.0,30,0.351765384331
2007,3230,-0.047023,-0.042901,-0.833051,DSB,2,0,0,DIRECT,1.0,0.0,16,0.79770880213
2008,3232,-0.028425,-0.015371,-0.137904,DSB,2,0,0,DIRECT,1.0,0.0,16,0.710420872444
2009,3233,-0.007983,-0.018547,-3.806426,DSB,2,0,0,DIRECT,1.0,0.0,18,0.710433611197
2010,3233,-0.006655,-0.019669,-1.721523,DSB+,3,0,0,DIRECT,1.0,0.0,22,0.00448358857
2011,3235,-0.0534647,-0.0331491,2.08043,DSB,2,1,1,DIRECT,1.0,0.0,13,0.47472948619
2012,3235,-0.205797,0.013893,-4.170776,DSB,2,0,0,DIRECT,1.0,0.0,18,0.783376093949
2013,3235,-0.205635,0.01945,-4.1702,DSB,2,0,0,DIRECT,1.0,0.0,18,0.783388320235
2014,3237,-0.057062,0.043721,-2.954138,DSB,2,1,1,DIRECT,1.0,0.0,18,0.607149706095
2015,3239,0.00567089,-0.0341273,2.06309,DSB,2,0,0,DIRECT,1.0,0.0,13,0.474287930098
2016,3241,-0.020327,-0.047414,-4.274336,DSB,2,0,0,DIRECT,1.0,0.0,18,0.79267452971
2017,3246,-0.020833,0.090636,-3.638009,DSB+,3,0,0,DIRECT,1.0,0.0,18,0.71595950191
2018,3246,-0.041093,0.091467,-4.26922,DSB,2,1,1,DIRECT,1.0,0.0,18,0.885281413813
2019,3248,0.00949462,-0.0130924,3.51145,DSB+,3,0,0,DIRECT,1.0,0.0,13,0.259576718209
2020,3248,0.050435,-0.073245,-2.347783,DSB,2,0,0,DIRECT,1.0,0.0,18,0.403799640953
2021,3250,0.116954,0.067028,2.519315,DSB+,4,0,0,DIRECT,1.0,0.0,13,0.479091572156
2022,3252,0.004008,-0.126851,-0.603632,DSB+,3,1,1,DIRECT,1.0,0.0,16,0.764742650604
2023,3253,-0.0588403,-0.0161986,2.09751,DSB+,3,1,1,DIRECT,1.0,0.0,13,0.474724919154
2024,3254,-0.143475,-0.0343984,1.22797,DSB,2,0,0,DIRECT,1.0,0.0,13,0.401805838174
2025,3259,0.045653,-0.048199,-3.066229,DSB+,3,1,1,DIRECT,1.0,0.0,18,0.621476716353
2026,3263,-0.020546,-0.025437,-3.792348,DSB,2,0,0,DIRECT,1.0,0.0,18,0.71044932473
2027,3266,-0.658627,0.685525,1.908336,DSB,2,0,0,DIRECT,1.0,0.0,17,0.613906134485
2028,3272,3.359233,1.773347,2.479625,DSB,2,0,0,DIRECT,1.0,0.0,24,0.962038962517
2029,3273,0.244699,-0.348706,2.34099,DSB,2,0,0,DIRECT,1.0,0.0,7,0.909783514918
2030,3273,0.010399,0.00296,-1.847872,DSB,2,0,0,DIRECT,1.0,0.0,22,0.005283824017
2031,3274,-0.0428574,-0.0632324,0.663579,DSB,2,0,0,DIRECT,1.0,0.0,13,0.917056969778
2032,3274,-0.043521,-0.063544,-0.451312,DSB,2,1,1,DIRECT,1.0,0.0,16,0.764318818043
2033,3275,-0.152468,-1.07071,1.38164,DSB,2,0,0,DIRECT,1.0,0.0,11,0.28097436408
2034,3275,0.118511,0.006436,-3.584593,DSB,2,0,0,DIRECT,1.0,0.0,18,0.715685704242
2035,3276,-0.0507072,0.0917675,2.48968,DSB,2,2,1,DIRECT,1.0,0.0,13,0.481510205664
2036,3278,-0.02357,0.063778,-2.769512,DSB+,3,0,0,DIRECT,1.0,0.0,18,0.606678593049
2037,3278,-0.049797,0.072922,-2.066249,DSB,2,0,0,DIRECT,1.0,0.0,18,0.424636112808
2038,3279,0.138344,0.0633831,1.34872,DSB,2,0,0,DIRECT,1.0,0.0,13,0.825676727688
2039,3281,0.0607303,0.0035805,0.486711,DSB,2,1,1,DIRECT,1.0,0.0,13,0.994366099049
2040,3282,-0.0257238,0.0213651,3.37866,DSB+,3,1,1,DIRECT,1.0,0.0,13,0.260679343578
2041,3282,-0.026522,0.022521,-2.077428,DSB+,3,0,0,DIRECT,1.0,0.0,18,0.424528440587
2042,3282,-0.027251,0.039446,-1.602588,DSB,2,0,0,DIRECT,1.0,0.0,23,0.004113817786
2043,3283,0.006167,-0.040197,-3.058822,DSB+,4,0,0,DIRECT,1.0,0.0,18,0.621441320802
2044,3287,0.064852,-0.073399,-1.457547,DSB,2,0,0,DIRECT,1.0,0.0,16,0.882905616455
2045,3288,0.178405,0.417017,-4.319449,DSB,2,0,0,DIRECT,1.0,0.0,22,0.654845904564
2046,3291,0.0672885,0.00391038,3.18628,DSB,2,1,1,DIRECT,1.0,0.0,13,0.262765629789
2047,3292,-0.0304208,-0.0676009,4.57416,DSB,2,2,1,DIRECT,1.0,0.0,7,0.845772949157
2048,3293,-0.041748,-0.050472,-0.700161,DSB+,3,1,1,DIRECT,1.0,0.0,16,0.796999411995
2049,3294,0.0904356,0.0373911,2.84545,DSB+,3,1,1,DIRECT,1.0,0.0,13,0.557291618196
2050,3294,0.085001,0.037035,2.838946,DSB,2,1,1,DIRECT,1.0,0.0,13,0.557280803798
2051,3296,0.068362,0.156767,0.323642,DSB+,3,0,0,DIRECT,1.0,0.0,16,0.622816766052
2052,3299,0.128682,-0.008273,-0.586359,DSB,2,0,0,DIRECT,1.0,0.0,16,0.7647050397
2053,3299,0.942835,0.37522,2.156648,DSB+,3,0,0,DIRECT,1.0,0.0,17,0.59969831831
2054,3299,0.118998,0.001491,3.68637,DSB,2,0,0,DIRECT,1.0,0.0,17,0.018566302319
2055,3301,0.134613,-0.0254436,2.25757,DSB,2,0,0,DIRECT,1.0,0.0,13,0.476518502652
2056,3301,0.146779,-0.034083,0.250268,DSB,2,0,0,DIRECT,1.0,0.0,16,0.493275222612
2057,3302,0.021093,0.077399,4.122574,DSB,2,1,1,DIRECT,1.0,0.0,17,0.036906087058
2058,3304,0.012688,0.042604,-3.799905,DSB,2,0,0,DIRECT,1.0,0.0,18,0.715326992124
2059,3307,-0.0736656,-0.0135907,0.905532,DSB,2,0,0,DIRECT,1.0,0.0,13,0.917909442194
2060,3307,0.06768,0.152472,-1.247749,DSB,2,1,1,DIRECT,1.0,0.0,23,0.036725926287
2061,3318,-0.035582,0.020826,-3.069741,DSB,2,0,0,DIRECT,1.0,0.0,18,0.622586839411
2062,3318,-0.023714,0.015301,-4.073614,DSB,2,0,0,DIRECT,1.0,0.0,18,0.782916126143
2063,3319,0.0906379,0.0318326,1.87118,DSB,2,0,0,DIRECT,1.0,0.0,13,0.429866977373
2064,3321,0.0844805,-5.45338e-05,2.70519,DSB,2,0,0,DIRECT,1.0,0.0,13,0.556890789974
2065,3322,-0.032406,0.082732,-1.810121,DSB,2,0,0,DIRECT,1.0,0.0,22,0.003196328892
2066,3323,-0.332521,-0.096546,3.079222,DSB++,5,1,1,DIRECT,1.0,0.0,13,0.263757489139
2067,3325,-0.005507,-0.04028,-2.449016,DSB,2,1,1,DIRECT,1.0,0.0,18,0.404609302858
2068,3330,0.035275,-0.051755,-2.276333,DSB,2,0,0,DIRECT,1.0,0.0,18,0.405176538364
2069,3331,-0.103793,0.063412,-0.604239,DSB,2,3,1,DIRECT,1.0,0.0,16,0.766285836173
2070,3334,-0.02257,-0.017568,-0.131094,DSB+,4,0,0,DIRECT,1.0,0.0,16,0.710421193905
2071,3334,-0.021238,-0.018382,-2.139579,DSB,2,0,0,DIRECT,1.0,0.0,18,0.425437809842
2072,3338,0.070867,-0.000778,4.276036,DSB,2,0,0,DIRECT,1.0,0.0,17,0.039020048877
2073,3338,0.073051,0.000784,-4.486091,DSB,2,0,0,DIRECT,1.0,0.0,18,0.876670823464
2074,3343,-1.02763,-0.827101,3.20161,DSB,2,1,1,DIRECT,1.0,0.0,7,0.103232993891
2075,3345,-0.069571,0.092854,-4.398823,DSB+,3,0,0,DIRECT,1.0,0.0,18,0.877129326627
2076,3350,-0.0472504,-0.000642133,0.561304,DSB,2,1,1,DIRECT,1.0,0.0,13,0.993466417511
2077,3350,0.332889,-0.231333,-4.194897,DSB,2,0,0,DIRECT,1.0,0.0,18,0.794110243019
2078,3352,0.194012,-0.118612,2.38016,DSB+,3,1,1,DIRECT,1.0,0.0,13,0.47828585339
2079,3353,-0.00334174,0.0105568,2.22559,DSB,2,1,1,DIRECT,1.0,0.0,13,0.474106011869
2080,3355,0.037918,0.028072,-0.542928,DSB,2,0,0,DIRECT,1.0,0.0,16,0.766066660237
2081,3356,-0.046859,0.002628,0.293039,DSB,2,0,0,DIRECT,1.0,0.0,16,0.494295773327
2082,3358,-0.0596495,0.0707581,3.65782,DSB,2,0,0,DIRECT,1.0,0.0,13,0.19756981349
2083,3360,0.095135,-0.02668,3.43211,DSB,2,0,0,DIRECT,1.0,0.0,17,0.017038860479
2084,3360,-0.017263,-0.035215,-3.017577,DSB,2,0,0,DIRECT,1.0,0.0,18,0.307349602035
2085,3361,0.0476488,0.0332732,1.01021,DSB+,3,2,1,DIRECT,1.0,0.0,13,0.903843579621
2086,3361,0.057142,-0.0099,0.614387,DSB,2,0,0,DIRECT,1.0,0.0,13,0.993715019395
2087,3361,0.088645,0.031472,0.545157,DSB,2,0,0,DIRECT,1.0,0.0,13,0.993817863883
2088,3361,0.072053,-0.019635,-3.195653,DSB+,3,2,1,DIRECT,1.0,0.0,18,0.622250013252
2089,3361,0.055556,-0.009643,-3.940036,DSB+,3,0,0,DIRECT,1.0,0.0,18,0.781039415649
2090,3362,-0.009133,-0.036262,0.137041,DSB+,3,0,0,DIRECT,1.0,0.0,16,0.493686417749
2091,3362,-0.053614,-0.204631,-0.336373,DSB,2,0,0,DIRECT,1.0,0.0,16,0.410763495992
2092,3364,-0.012891,-0.014223,3.241671,DSB,2,0,0,DIRECT,1.0,0.0,13,0.263474252871
2093,3365,-0.159455,-0.023033,-1.187865,DSB,2,1,1,DIRECT,1.0,0.0,16,0.848971392675
2094,3365,-0.814426,-0.075656,-0.065186,DSB,2,0,0,DIRECT,1.0,0.0,16,0.501980854335
2095,3366,0.0246501,0.0249116,3.459,DSB,2,0,0,DIRECT,1.0,0.0,13,0.259506520029
2096,3367,-0.023452,-0.022579,-3.211166,DSB,2,1,1,DIRECT,1.0,0.0,18,0.622154211617
2097,3372,-0.098481,0.023763,-0.290552,DSB,2,0,0,DIRECT,1.0,0.0,16,0.711063767091
2098,3373,-0.011929,-0.018499,-3.380773,DSB+,3,0,0,DIRECT,1.0,0.0,18,0.69960308161
2099,3376,0.050585,-0.051122,-2.369326,DSB,2,2,1,DIRECT,1.0,0.0,18,0.403820696947
2100,3378,-0.032632,0.037619,-1.585438,DSB,2,0,0,DIRECT,1.0,0.0,23,0.004110078496
2101,3387,-0.036269,0.077265,-4.071393,DSB,2,0,0,DIRECT,1.0,0.0,18,0.884756959846
2102,3388,0.0411056,0.0712454,2.36229,DSB+,4,1,1,DIRECT,1.0,0.0,13,0.480725327848
2103,3388,0.017205,0.060475,4.146374,DSB+,3,1,1,DIRECT,1.0,0.0,17,0.036887179208
2104,3389,-0.0985777,0.0758668,0.842571,DSB,2,1,1,DIRECT,1.0,0.0,13,0.917746112172
2105,3391,0.071584,-0.020136,4.012842,DSB,2,0,0,DIRECT,1.0,0.0,17,0.036359530924
2106,3393,0.129864,0.17026,-2.261985,DSB+,3,0,0,DIRECT,1.0,0.0,18,0.503846000407
2107,3393,0.120439,0.130454,-1.354562,DSB,2,1,1,DIRECT,1.0,0.0,23,0.009211970458
2108,3395,-0.0439261,-0.0278889,1.03206,DSB+,3,0,0,DIRECT,1.0,0.0,13,0.904223179125
2109,3396,-0.012928,-0.011259,-3.231598,DSB,2,0,0,DIRECT,1.0,0.0,18,0.621960264919
2110,3406,0.0151166,-0.0315284,1.94617,DSB,2,0,0,DIRECT,1.0,0.0,13,0.43054618554
2111,3409,-0.0484385,0.175515,2.86811,DSB,2,1,1,DIRECT,1.0,0.0,13,0.558654367675
2112,3410,0.01396,-0.035237,-3.619737,DSB+,4,2,1,DIRECT,1.0,0.0,18,0.715782266096
2113,3410,-0.253573,0.298051,-3.155246,DSB,2,1,1,DIRECT,1.0,0.0,18,0.620959278726
2114,3413,-0.0933889,-0.0333228,0.606994,DSB,2,0,0,DIRECT,1.0,0.0,13,0.994607450301
2115,3414,0.0790829,0.173499,3.30681,DSB,2,0,0,DIRECT,1.0,0.0,13,0.632693363518
2116,3419,0.059368,0.031198,-0.549032,DSB,2,0,0,DIRECT,1.0,0.0,16,0.766074723544
2117,3423,-0.046033,-0.0128995,1.04966,DSB,2,0,0,DIRECT,1.0,0.0,13,0.904228183169
2118,3423,-0.038312,-0.026644,-1.911769,DSB,2,1,1,DIRECT,1.0,0.0,22,0.003971106105
2119,3425,-0.158163,0.230825,4.3784,DSB+,3,0,0,DIRECT,1.0,0.0,13,0.144713126106
2120,3426,0.012616,0.118301,-0.541259,DSB,2,0,0,DIRECT,1.0,0.0,16,0.766611167813
2121,3426,0.031357,0.040229,4.313353,DSB,2,0,0,DIRECT,1.0,0.0,17,0.039340791856
2122,3430,-0.016813,-0.06244,-0.586291,DSB,2,0,0,DIRECT,1.0,0.0,16,0.765055170696
2123,3430,-0.01385,-0.060997,-1.165713,DSB,2,0,0,DIRECT,1.0,0.0,16,0.851591578801
2124,3431,-0.160438,0.159822,4.10739,DSB,2,1,1,DIRECT,1.0,0.0,13,0.194739358867
2125,3431,-0.006312,0.018101,-4.240537,DSB+,3,0,0,DIRECT,1.0,0.0,18,0.885176273333
2126,3432,-0.005316,0.018367,-2.474716,DSB++,5,0,0,DIRECT,1.0,0.0,18,0.404674033126
2127,3438,0.039961,0.034923,4.015765,DSB,2,0,0,DIRECT,1.0,0.0,17,0.03751293071
2128,3440,0.114995,-0.026906,3.675208,DSB,2,0,0,DIRECT,1.0,0.0,17,0.018545051039
2129,3441,0.045609,-0.03337,0.895526,DSB,2,1,1,DIRECT,1.0,0.0,13,0.917481464111
2130,3441,-0.858854,-0.690898,-2.712854,DSB,2,1,1,DIRECT,1.0,0.0,15,0.427391969108
2131,3442,0.028266,-0.134248,-2.192531,DSB,2,2,1,DIRECT,1.0,0.0,18,0.423929791965
2132,3442,0.011756,-0.014894,-2.151025,DSB,2,1,1,DIRECT,1.0,0.0,18,0.42546685163
2133,3443,0.665088,2.423174,-0.714972,DSB,2,1,1,DIRECT,1.0,0.0,34,0.872024963267
2134,3444,-0.063927,0.010689,-0.538225,DSB+,3,0,0,DIRECT,1.0,0.0,16,0.766504087909
2135,3446,-0.0122783,0.460603,3.69423,DSB,2,0,0,DIRECT,1.0,0.0,13,0.636130089137
2136,3448,-0.0340398,0.0447725,-4.36137,DSB+,4,0,0,DIRECT,1.0,0.0,18,0.877017002419
2137,3449,0.065889,0.016577,-1.594156,DSB,2,0,0,DIRECT,1.0,0.0,23,0.003607809057
2138,3451,0.0542026,0.0322943,0.996042,DSB,2,0,0,DIRECT,1.0,0.0,13,0.903849045292
2139,3453,0.130866,0.0603512,1.56506,DSB,2,1,1,DIRECT,1.0,0.0,13,0.826249195229
2140,3453,0.136164,0.056079,1.134091,DSB,2,0,0,DIRECT,1.0,0.0,13,0.908102402557
2141,3455,0.098356,0.28874,0.688977,DSB,2,0,0,DIRECT,1.0,0.0,16,0.598447237581
2142,3455,0.017038,0.086549,4.320743,DSB,2,0,0,DIRECT,1.0,0.0,17,0.040526183641
2143,3456,-0.804591,-0.005109,-2.797396,DSB,2,1,1,DIRECT,1.0,0.0,18,0.316405555602
2144,3458,-0.00142511,0.0595286,3.695,DSB,2,0,0,DIRECT,1.0,0.0,13,0.196159756408
2145,3459,0.025512,-0.106558,-2.35711,DSB,2,1,1,DIRECT,1.0,0.0,18,0.403755422668
2146,3462,-0.265417,0.135734,4.05878,DSB,2,0,0,DIRECT,1.0,0.0,13,0.194464351881
2147,3462,-0.165694,0.063375,3.95494,DSB,2,0,0,DIRECT,1.0,0.0,13,0.195074888317
2148,3462,0.083639,-0.045208,2.892843,DSB,2,0,0,DIRECT,1.0,0.0,13,0.31300844594
2149,3462,1.23839,0.407768,-0.116031,DSB,2,0,0,DIRECT,1.0,0.0,23,0.245470973206
2150,3464,-0.068064,0.103046,-4.475858,DSB,2,1,1,DIRECT,1.0,0.0,18,0.878085934122
2151,3465,-0.0218731,-0.0356939,-0.618893,DSB,2,0,0,DIRECT,1.0,0.0,16,0.764858570678
2152,3466,-0.107921,-0.0879969,3.32022,DSB,2,1,1,DIRECT,1.0,0.0,13,0.259155227533
2153,3466,-0.030508,0.008827,-1.855214,DSB+,4,0,0,DIRECT,1.0,0.0,22,0.00523125593
2154,3467,0.014054,0.156328,4.395708,DSB,2,0,0,DIRECT,1.0,0.0,17,0.038543983942
2155,3468,0.0980337,0.0314222,2.54613,DSB,2,0,0,DIRECT,1.0,0.0,13,0.479050776581
2156,3471,2.11663,0.450888,3.301973,DSB+,3,0,0,DIRECT,1.0,0.0,14,0.647966523993
2157,3471,0.05021,0.052657,-1.995777,DSB,2,0,0,DIRECT,1.0,0.0,18,0.425747372709
2158,3474,-0.114187,0.03028,-0.56886,DSB,2,0,0,DIRECT,1.0,0.0,16,0.766244320861
2159,3476,-0.009038,0.038079,-0.390989,DSB,2,1,1,DIRECT,1.0,0.0,16,0.765829281589
2160,3476,-0.114445,0.001231,-0.871768,DSB,2,0,0,DIRECT,1.0,0.0,16,0.798681756569
2161,3479,-0.059071,-0.088293,-2.945309,DSB,2,0,0,DIRECT,1.0,0.0,18,0.30745193877
2162,3480,1.225733,-0.662122,0.437953,DSB,2,2,1,DIRECT,1.0,0.0,10,0.642114492904
2163,3483,-0.0243952,-0.00255436,2.23251,DSB,2,1,1,DIRECT,1.0,0.0,13,0.474086863554
2164,3483,-0.026167,-0.000775,-3.453375,DSB,2,1,1,DIRECT,1.0,0.0,18,0.700558984681
2165,3483,-0.024756,-0.003326,-2.29988,DSB,2,0,0,DIRECT,1.0,0.0,18,0.405242000954
2166,3484,-0.0316196,-0.0405418,0.896745,DSB,2,0,0,DIRECT,1.0,0.0,13,0.917634810665
2167,3486,-0.022094,0.048364,-4.531647,DSB,2,0,0,DIRECT,1.0,0.0,18,0.876487777899
2168,3487,0.082081,-0.013444,3.833672,DSB,2,0,0,DIRECT,1.0,0.0,17,0.019142088554
2169,3490,0.060388,0.055826,3.972279,DSB,2,0,0,DIRECT,1.0,0.0,17,0.036297764815
2170,3491,0.107236,0.0615168,1.65909,DSB,2,0,0,DIRECT,1.0,0.0,13,0.817733438954
2171,3497,0.476485,-0.028706,1.61893,DSB,2,1,1,DIRECT,1.0,0.0,13,0.822624630236
2172,3497,-0.002335,0.084169,-3.503225,DSB,2,0,0,DIRECT,1.0,0.0,18,0.700436728795
2173,3497,-0.027376,-0.036471,-3.720875,DSB,2,0,0,DIRECT,1.0,0.0,18,0.710366921096
2174,3498,0.101105,0.0431953,1.25144,DSB,2,2,1,DIRECT,1.0,0.0,13,0.9074067666
2175,3499,0.10002,0.0159671,2.98216,DSB+,3,1,1,DIRECT,1.0,0.0,13,0.559253640396
2176,3499,0.11273,0.013292,0.547611,DSB+,3,0,0,DIRECT,1.0,0.0,13,0.993190899657
2177,3501,0.0213869,0.096385,2.43009,DSB+,3,0,0,DIRECT,1.0,0.0,13,0.480790534294
2178,3501,-0.014832,0.014268,3.635469,DSB,2,0,0,DIRECT,1.0,0.0,13,0.196721612669
2179,3501,-0.016418,0.009822,-1.87451,DSB,2,0,0,DIRECT,1.0,0.0,22,0.005249074511
2180,3503,-0.051623,0.06163,-2.172625,DSB,2,2,1,DIRECT,1.0,0.0,18,0.425342029131
2181,3503,-0.055551,0.057469,-3.317637,DSB,2,0,0,DIRECT,1.0,0.0,18,0.700986604789
2182,3505,-0.0149187,-0.0269089,2.3435,DSB,2,0,0,DIRECT,1.0,0.0,13,0.48126146837
2183,3505,-0.015193,-0.026424,-1.947919,DSB+,3,0,0,DIRECT,1.0,0.0,22,0.003792134504
2184,3506,-0.00724653,-0.0521607,3.37745,DSB+,3,1,1,DIRECT,1.0,0.0,13,0.260188171745
2185,3507,0.096151,0.053044,-0.834039,DSB,2,0,0,DIRECT,1.0,0.0,16,0.797880160784
2186,3507,-0.031644,0.063139,-1.308307,DSB+,3,0,0,DIRECT,1.0,0.0,23,0.038284493474
2187,3508,-0.029614,-0.027436,-2.155897,DSB,2,1,1,DIRECT,1.0,0.0,18,0.425420520074
2188,3509,-0.057155,-0.122032,-4.241831,DSB,2,0,0,DIRECT,1.0,0.0,18,0.792596387492
2189,3509,-0.318031,0.388833,-1.904199,DSB,2,0,0,DIRECT,1.0,0.0,19,0.838869195859
2190,3510,-0.032643,-0.081911,-4.140624,DSB,2,3,1,DIRECT,1.0,0.0,18,0.783032007343
2191,3511,-0.002677,-0.03625,-1.757701,DSB,2,0,0,DIRECT,1.0,0.0,22,0.003237444776
2192,3517,0.040885,0.008508,-0.539372,DSB+,3,0,0,DIRECT,1.0,0.0,16,0.766041854185
2193,3518,0.34629,-0.203681,4.3654,DSB+,3,0,0,DIRECT,1.0,0.0,7,0.806715450597
2194,3518,0.012501,-0.003411,-3.634105,DSB,2,0,0,DIRECT,1.0,0.0,18,0.714546609141
2195,3519,0.087821,-0.176197,-2.599327,DSB,2,0,0,DIRECT,1.0,0.0,18,0.324082686798
2196,3519,0.000886,-0.061827,-2.04027,DSB,2,0,0,DIRECT,1.0,0.0,18,0.424359065027
2197,3520,-0.00294735,0.0720088,3.40319,DSB,2,0,0,DIRECT,1.0,0.0,13,0.260095273794
2198,3520,-0.001971,0.072286,2.192347,DSB,2,0,0,DIRECT,1.0,0.0,13,0.474158237346
2199,3523,-0.192254,-0.191073,1.05621,DSB,2,1,1,DIRECT,1.0,0.0,13,0.400205128868
2200,3524,-0.055203,0.037571,-2.037265,DSB,2,0,0,DIRECT,1.0,0.0,18,0.424590597268
2201,3525,0.0747231,0.0167972,1.80589,DSB,2,0,0,DIRECT,1.0,0.0,13,0.429807950582
2202,3527,1.569818,1.175246,0.703685,DSB,2,0,0,DIRECT,1.0,0.0,26,0.887792927864
2203,3527,1.696834,1.278438,0.86966,DSB,2,0,0,DIRECT,1.0,0.0,30,0.000124444263
2204,3528,-0.109383,-0.0471971,3.45908,DSB,2,2,1,DIRECT,1.0,0.0,13,0.258550747652
2205,3529,0.06038,0.015308,-0.419545,DSB+,3,0,0,DIRECT,1.0,0.0,16,0.765351704813
2206,3531,-0.0597013,-0.0412903,0.432922,DSB,2,0,0,DIRECT,1.0,0.0,13,0.994075175142
2207,3533,-0.022782,0.010588,-0.77613,DSB,2,0,0,DIRECT,1.0,0.0,16,0.796863119348
2208,3535,-0.016003,0.038864,-2.219142,DSB+,3,0,0,DIRECT,1.0,0.0,18,0.42526984313
2209,3537,0.09938,0.129603,-4.2426,DSB,2,0,0,DIRECT,1.0,0.0,18,0.885127410036
2210,3539,2.67005,-1.77024,2.12432,DSB,2,1,1,DIRECT,1.0,0.0,6,0.69097354835
2211,3541,0.007624,-0.042823,2.196675,DSB,2,0,0,DIRECT,1.0,0.0,13,0.473635163964
2212,3545,-0.046908,-0.100826,1.775685,DSB,2,0,0,DIRECT,1.0,0.0,13,0.430298408431
2213,3547,0.033089,-0.056479,-3.382251,DSB,2,1,1,DIRECT,1.0,0.0,18,0.698245712779
2214,3550,0.017671,0.003207,3.513025,DSB,2,1,1,DIRECT,1.0,0.0,13,0.259597700725
2215,3551,-0.145825,0.0560302,2.90511,DSB+,3,0,0,DIRECT,1.0,0.0,13,0.561905906741
2216,3551,-0.154575,0.006841,2.498465,DSB,2,0,0,DIRECT,1.0,0.0,13,0.481568561556
2217,3551,-0.123603,0.025309,-1.135729,DSB,2,1,1,DIRECT,1.0,0.0,16,0.848385972526
2218,3554,-0.617169,-0.666049,2.91949,DSB+,3,0,0,DIRECT,1.0,0.0,7,0.344003923169
2219,3555,-0.008799,-0.082868,-0.989707,DSB,2,1,1,DIRECT,1.0,0.0,16,0.852097825854
2220,3556,-0.08877,0.107611,-3.338491,DSB,2,1,1,DIRECT,1.0,0.0,18,0.701105094449
2221,3558,-0.369096,-1.48916,4.268,DSB+,3,0,0,DIRECT,1.0,0.0,4,0.213927138868
2222,3558,-0.994583,-0.947613,4.353247,DSB+,3,0,0,DIRECT,1.0,0.0,4,0.901426459862
2223,3566,0.0401342,-0.00388586,1.79106,DSB,2,0,0,DIRECT,1.0,0.0,13,0.430409734558
2224,3568,0.009867,-0.023097,-3.325047,DSB,2,0,0,DIRECT,1.0,0.0,18,0.69985496542
2225,3569,0.099536,0.038865,0.543648,DSB,2,0,0,DIRECT,1.0,0.0,13,0.993815851186
2226,3571,-0.0179545,0.0108905,4.54285,DSB+,3,0,0,DIRECT,1.0,0.0,7,0.845829787038
2227,3572,0.107186,0.0265096,1.0858,DSB,2,1,1,DIRECT,1.0,0.0,13,0.907874647778
2228,3573,-0.0691722,-0.00805792,1.03951,DSB,2,0,0,DIRECT,1.0,0.0,13,0.904206265088
2229,3574,0.0927516,-0.0964413,0.46392,DSB,2,0,0,DIRECT,1.0,0.0,13,0.993861121472
2230,3574,0.08825,0.022076,3.902976,DSB,2,1,1,DIRECT,1.0,0.0,17,0.020567249455
2231,3575,-0.309826,-0.136523,-1.619541,DSB,2,0,0,DIRECT,1.0,0.0,16,0.887353567946
2232,3575,0.398018,-0.095162,3.242112,DSB+,3,0,0,DIRECT,1.0,0.0,17,0.007069834202
2233,3576,0.008051,-0.072334,-0.773532,DSB,2,1,1,DIRECT,1.0,0.0,16,0.795509454963
2234,3578,-0.081443,-0.123839,1.137259,DSB+,3,0,0,DIRECT,1.0,0.0,13,0.401072601106
2235,3579,-0.0106324,-0.0637127,0.478853,DSB,2,0,0,DIRECT,1.0,0.0,13,0.994286471355
2236,3582,-0.263668,0.229944,2.8762,DSB,2,0,0,DIRECT,1.0,0.0,13,0.562083381035
2237,3585,0.0171453,-0.0508678,4.54156,DSB,2,0,0,DIRECT,1.0,0.0,7,0.845121765508
2238,3585,0.016517,-0.050171,-0.808572,DSB,2,1,1,DIRECT,1.0,0.0,16,0.797769216654
2239,3586,-0.047854,0.0511947,2.48754,DSB,2,0,0,DIRECT,1.0,0.0,13,0.481479276611
2240,3588,0.072035,0.0003,3.878108,DSB,2,0,0,DIRECT,1.0,0.0,17,0.019350814202
2241,3588,0.072835,-0.00203,3.877587,DSB,2,0,0,DIRECT,1.0,0.0,17,0.019350946718
2242,3589,-0.011514,-0.118415,0.552881,DSB+,3,0,0,DIRECT,1.0,0.0,13,0.992197193796
2243,3591,0.038944,0.019109,4.146444,DSB+,3,0,0,DIRECT,1.0,0.0,17,0.036775161878
2244,3594,-0.0989599,0.0488625,0.839206,DSB,2,0,0,DIRECT,1.0,0.0,13,0.9177223722
2245,3595,0.237336,-0.133593,-2.353173,DSB+,3,0,0,DIRECT,1.0,0.0,18,0.402645306585
2246,3596,-0.104167,0.046732,-0.002605,DSB,2,1,1,DIRECT,1.0,0.0,16,0.679532348324
2247,3599,0.019779,0.086893,3.988294,DSB,2,0,0,DIRECT,1.0,0.0,17,0.037645766901
2248,3602,0.00765903,0.0256712,4.45126,DSB,2,0,0,DIRECT,1.0,0.0,7,0.845707203351
2249,3605,1.197162,0.163638,2.724544,DSB,2,0,0,DIRECT,1.0,0.0,14,0.533687672572
2250,3605,0.020014,0.079798,-4.085829,DSB,2,0,0,DIRECT,1.0,0.0,18,0.884811312069
2251,3606,-0.120752,0.094246,-1.568833,DSB,2,1,1,DIRECT,1.0,0.0,23,0.005287747987
2252,3608,0.086515,0.0791927,1.10725,DSB,2,1,1,DIRECT,1.0,0.0,13,0.90796944148
2253,3612,-0.040123,0.060099,-3.302746,DSB++,5,0,0,DIRECT,1.0,0.0,18,0.700997582641
2254,3613,0.0648925,-0.0138852,3.08989,DSB,2,0,0,DIRECT,1.0,0.0,13,0.262684106344
2255,3613,-0.058779,0.038843,-0.130964,DSB,2,2,1,DIRECT,1.0,0.0,16,0.711533943573
2256,3615,0.029392,-0.004026,-3.313303,DSB+,3,0,0,DIRECT,1.0,0.0,18,0.699872513245
2257,3619,-0.0328445,-0.00929771,0.65183,DSB,2,0,0,DIRECT,1.0,0.0,13,0.917100996746
2258,3623,0.036654,-0.107892,-2.301754,DSB,2,1,1,DIRECT,1.0,0.0,18,0.403974909959
2259,3623,-0.001235,-0.031811,-2.130235,DSB,2,0,0,DIRECT,1.0,0.0,18,0.425461516143
2260,3625,-0.0425141,-0.0132229,1.04224,DSB,2,0,0,DIRECT,1.0,0.0,13,0.904228564781
2261,3628,0.008007,-0.015729,-3.600163,DSB,2,0,0,DIRECT,1.0,0.0,18,0.71577809535
2262,3629,-0.018872,-0.080624,-0.895375,DSB,2,1,1,DIRECT,1.0,0.0,16,0.796189123377
2263,3629,-0.242398,-0.379727,-3.364525,DSB,2,0,0,DIRECT,1.0,0.0,18,0.219122546025
2264,3631,-0.060932,-0.015903,1.60832,DSB,2,2,1,DIRECT,1.0,0.0,13,0.422957069858
2265,3633,0.018695,-0.028312,-1.990794,DSB,2,1,1,DIRECT,1.0,0.0,18,0.424736385092
2266,3634,0.012481,0.122186,3.983896,DSB,2,0,0,DIRECT,1.0,0.0,17,0.037681308917
2267,3635,0.107273,0.010861,3.432932,DSB+,3,0,0,DIRECT,1.0,0.0,17,0.017074458291
2268,3636,-0.055889,0.001794,-2.483638,DSB,2,0,0,DIRECT,1.0,0.0,18,0.406440163036
2269,3637,-0.10253,-0.017974,-0.137793,DSB+,4,0,0,DIRECT,1.0,0.0,16,0.46554405887
2270,3637,-0.116499,-0.029125,-0.13376,DSB+,3,1,1,DIRECT,1.0,0.0,16,0.465540348678
2271,3639,-0.0289962,0.0962123,2.6181,DSB+,3,2,1,DIRECT,1.0,0.0,13,0.553984899236
2272,3639,-0.207897,0.326219,-4.526459,DSB,2,0,0,DIRECT,1.0,0.0,22,0.666809819209
2273,3643,-0.0290254,-0.0451179,1.4569,DSB,2,0,0,DIRECT,1.0,0.0,13,0.422409314785
2274,3645,0.0922612,0.0371806,1.65842,DSB,2,1,1,DIRECT,1.0,0.0,13,0.81771628487
2275,3652,-0.008967,0.050677,-3.308845,DSB,2,0,0,DIRECT,1.0,0.0,18,0.701024580903
2276,3654,-0.027994,-0.020903,2.34001,DSB+,3,1,1,DIRECT,1.0,0.0,13,0.481259209472
2277,3654,-0.031656,-0.015985,-0.13394,DSB+,3,2,1,DIRECT,1.0,0.0,16,0.710421542154
2278,3656,-0.0487049,0.0262378,2.60466,DSB,2,1,1,DIRECT,1.0,0.0,13,0.553922985734
2279,3658,-0.127078,-0.006993,-2.362092,DSB,2,2,1,DIRECT,1.0,0.0,18,0.407063257256
2280,3660,-0.006678,0.043578,-1.846184,DSB,2,0,0,DIRECT,1.0,0.0,22,0.005621394811
2281,3661,-0.0747805,-0.0633338,1.7413,DSB,2,0,0,DIRECT,1.0,0.0,13,0.430106592905
2282,3663,0.094334,-0.050043,-3.934763,DSB,2,2,1,DIRECT,1.0,0.0,18,0.779670999222
2283,3664,-0.271079,-0.450022,3.0747,DSB,2,1,1,DIRECT,1.0,0.0,7,0.714372190705
2284,3666,0.073198,0.021181,4.039711,DSB+,3,0,0,DIRECT,1.0,0.0,17,0.037558571791
2285,3666,0.074011,0.020834,4.039797,DSB+,3,0,0,DIRECT,1.0,0.0,17,0.037558592715
2286,3669,-0.079466,0.119465,-4.484111,DSB+,3,1,1,DIRECT,1.0,0.0,18,0.878065247776
2287,3672,-0.042137,-0.140814,-2.571845,DSB,2,1,1,DIRECT,1.0,0.0,18,0.405800595064
2288,3673,0.016115,-0.073214,-2.606612,DSB,2,0,0,DIRECT,1.0,0.0,18,0.325364340534
2289,3675,1.096538,-0.544543,-0.209287,DSB,2,1,1,DIRECT,1.0,0.0,16,0.398571060231
2290,3677,-0.069081,0.021144,-2.023857,DSB+,3,0,0,DIRECT,1.0,0.0,18,0.424567916217
2291,3677,-0.056429,0.042738,-4.028639,DSB,2,0,0,DIRECT,1.0,0.0,18,0.783673207346
2292,3679,-0.042244,0.014623,-1.869188,DSB+,3,1,1,DIRECT,1.0,0.0,22,0.005220000175
2293,3680,0.023273,0.00025,-4.526706,DSB,2,0,0,DIRECT,1.0,0.0,18,0.876615418093
2294,3682,-0.092814,-0.046191,2.212097,DSB,2,0,0,DIRECT,1.0,0.0,13,0.474044843127
2295,3684,0.0496705,0.0471112,0.862892,DSB+,3,3,1,DIRECT,1.0,0.0,13,0.917556186242
2296,3684,0.051945,0.041176,2.069306,DSB,2,1,1,DIRECT,1.0,0.0,13,0.473530546826
2297,3687,-0.117346,-0.026475,2.321441,DSB,2,0,0,DIRECT,1.0,0.0,13,0.481188044951
2298,3690,-0.0012,-0.046974,-1.763889,DSB,2,0,0,DIRECT,1.0,0.0,22,0.003238863569
2299,3695,-0.0684665,-0.0292208,2.23571,DSB,2,0,0,DIRECT,1.0,0.0,13,0.474070749671
2300,3698,0.050559,0.011833,-0.294069,DSB,2,1,1,DIRECT,1.0,0.0,16,0.710669321396
2301,3699,-0.005343,-0.026169,-3.859898,DSB,2,1,1,DIRECT,1.0,0.0,18,0.710381414092
2302,3704,-0.021218,-0.002291,-2.917444,DSB,2,0,0,DIRECT,1.0,0.0,18,0.607071012892
2303,3711,-0.086184,0.034834,-2.494454,DSB,2,0,0,DIRECT,1.0,0.0,18,0.407143143097
2304,3713,0.058327,-0.026394,2.173642,DSB+,3,0,0,DIRECT,1.0,0.0,13,0.472849566008
2305,3713,0.051519,-0.026088,-3.686057,DSB,2,0,0,DIRECT,1.0,0.0,18,0.714469882745
2306,3716,-0.0607,0.031666,-1.721959,DSB+,3,1,1,DIRECT,1.0,0.0,22,0.004799324509
2307,3724,0.0610572,0.0568362,2.59964,DSB+,3,0,0,DIRECT,1.0,0.0,13,0.480250583805
2308,3724,0.061129,0.056025,-1.730341,DSB,2,0,0,DIRECT,1.0,0.0,22,0.004352070128
2309,3725,0.104995,0.0653618,1.10211,DSB,2,1,1,DIRECT,1.0,0.0,13,0.90790277629
2310,3728,-0.020829,-0.008656,-4.297603,DSB,2,0,0,DIRECT,1.0,0.0,18,0.79257929301
2311,3729,-0.049071,-0.143789,1.908871,DSB,2,1,1,DIRECT,1.0,0.0,13,0.429327808573
2312,3730,0.0262,-0.060044,-2.077873,DSB,2,0,0,DIRECT,1.0,0.0,18,0.42312247349
2313,3734,0.050469,-0.010633,-0.27865,DSB+,3,0,0,DIRECT,1.0,0.0,16,0.710643490688
2314,3736,0.020615,-0.020171,-1.586754,DSB,2,0,0,DIRECT,1.0,0.0,23,0.003799081879
2315,3737,0.0197722,-0.0639746,4.55108,DSB,2,0,0,DIRECT,1.0,0.0,7,0.845111707018
2316,3737,0.001936,-0.044098,-1.756128,DSB,2,0,0,DIRECT,1.0,0.0,22,0.003236913638
2317,3738,0.013156,-0.027722,-1.597643,DSB,2,0,0,DIRECT,1.0,0.0,23,0.003784109938
2318,3739,-0.01502,0.021734,-3.057006,DSB+,3,0,0,DIRECT,1.0,0.0,18,0.622611591886
2319,3742,-0.167583,-0.108099,3.79705,DSB+,4,0,0,DIRECT,1.0,0.0,7,0.784967426244
2320,3747,0.040914,0.141327,2.82716,DSB+,3,0,0,DIRECT,1.0,0.0,13,0.557413081666
2321,3749,-0.212628,0.200464,1.63391,DSB+,3,0,0,DIRECT,1.0,0.0,13,0.816471982894
2322,3750,-0.063037,-0.003076,-0.731585,DSB,2,1,1,DIRECT,1.0,0.0,16,0.796894240763
2323,3750,-0.132763,-0.075997,-4.454605,DSB,2,1,1,DIRECT,1.0,0.0,18,0.792241462523
2324,3751,-0.234895,-0.231813,1.526342,DSB,2,0,0,DIRECT,1.0,0.0,13,0.417869249812
2325,3752,0.019767,0.0301711,3.66223,DSB,2,0,0,DIRECT,1.0,0.0,13,0.196122506133
2326,3757,0.069995,-0.028982,-0.695377,DSB,2,0,0,DIRECT,1.0,0.0,16,0.797092903487
2327,3757,0.074248,-0.13618,-2.032918,DSB,2,0,0,DIRECT,1.0,0.0,18,0.423242832314
2328,3762,0.00864617,0.0713057,3.72847,DSB,2,0,0,DIRECT,1.0,0.0,13,0.196184247295
2329,3764,-0.0450928,0.0333531,3.90713,DSB,2,1,1,DIRECT,1.0,0.0,13,0.193643965665
2330,3765,-0.0139031,-0.0414081,3.78606,DSB,2,0,0,DIRECT,1.0,0.0,13,0.196025810526
2331,3765,-0.011311,-0.017428,-3.811765,DSB,2,1,1,DIRECT,1.0,0.0,18,0.710432578972
2332,3766,-0.02793,-0.069478,-2.952829,DSB,2,0,0,DIRECT,1.0,0.0,18,0.30747028866
2333,3768,-0.060491,0.001694,-3.576883,DSB+,3,2,1,DIRECT,1.0,0.0,18,0.701703373423
2334,3769,0.585419,-0.237268,0.451464,DSB,2,0,0,DIRECT,1.0,0.0,16,0.487320403915
2335,3769,0.015771,-0.064311,-3.235649,DSB+,3,0,0,DIRECT,1.0,0.0,18,0.621834382297
2336,3769,0.016641,-0.062625,-3.391791,DSB,2,0,0,DIRECT,1.0,0.0,18,0.698240293598
2337,3771,0.073139,-0.041908,-3.064909,DSB,2,0,0,DIRECT,1.0,0.0,18,0.621500352909
2338,3773,-0.004654,-0.06936,-0.453474,DSB,2,0,0,DIRECT,1.0,0.0,16,0.764356770498
2339,3775,-0.014041,-0.0347,-1.613386,DSB+,3,0,0,DIRECT,1.0,0.0,23,0.003755651427
2340,3777,0.635734,0.124862,0.614084,DSB,2,1,1,DIRECT,1.0,0.0,16,0.616540312513
2341,3778,-0.0298888,-0.0224641,3.52262,DSB+,4,1,1,MIXED,1.0,0.0,13,0.259993383337
2342,3778,-0.053786,-0.069081,0.48339,DSB,2,0,0,DIRECT,1.0,0.0,13,0.994249805809
2343,3778,-0.313405,-0.101248,-3.046453,DSB,2,1,1,DIRECT,1.0,0.0,18,0.309447885194
2344,3780,0.074338,-0.730084,0.011818,DSB,2,0,0,DIRECT,1.0,0.0,16,0.076273627363
2345,3780,0.075181,-0.010075,-3.680778,DSB,2,0,0,DIRECT,1.0,0.0,18,0.714485477711
2346,3784,-0.0134972,0.0218512,3.39075,DSB,2,0,0,DIRECT,1.0,0.0,13,0.260681257794
2347,3784,-0.009771,0.01418,-2.933827,DSB,2,0,0,DIRECT,1.0,0.0,18,0.607077861844
2348,3785,0.010676,0.016996,1.158469,DSB,2,2,1,DIRECT,1.0,0.0,13,0.903607441684
2349,3786,0.066555,0.042956,2.863581,DSB+,4,0,0,DIRECT,1.0,0.0,13,0.557275528933
2350,3786,0.061879,0.042849,2.858163,DSB+,3,1,1,DIRECT,1.0,0.0,13,0.557264252908
2351,3788,-0.0751151,-0.00292651,0.57362,DSB,2,0,0,DIRECT,1.0,0.0,13,0.993512327921
2352,3789,0.030293,-0.013269,3.226002,DSB+,3,0,0,DIRECT,1.0,0.0,13,0.262678025169
2353,3791,0.006651,0.014346,-1.953092,DSB,2,0,0,DIRECT,1.0,0.0,22,0.003833221285
2354,3799,-0.0541558,-0.0602723,0.68158,DSB,2,0,0,DIRECT,1.0,0.0,13,0.917053559888
2355,3800,-0.091712,0.048515,-2.70397,DSB,2,0,0,DIRECT,1.0,0.0,18,0.322166507648
2356,3801,-1.282711,0.509648,2.130042,DSB,2,0,0,DIRECT,1.0,0.0,17,0.161416805459
2357,3807,-0.00509,-0.012953,-3.086306,DSB,2,1,1,DIRECT,1.0,0.0,18,0.621422615212
2358,3807,-0.002386,-0.013586,-3.084758,DSB,2,0,0,DIRECT,1.0,0.0,18,0.621422538492
2359,3807,-0.005215,-0.013672,-1.623894,DSB+,3,0,0,DIRECT,1.0,0.0,23,0.003764918364
2360,3808,0.021901,-0.020108,-3.762392,DSB,2,0,0,DIRECT,1.0,0.0,18,0.715258928048
2361,3809,-0.0622155,0.0861482,3.79096,DSB,2,0,0,DIRECT,1.0,0.0,13,0.196937943701
2362,3810,0.0406242,0.0733157,2.08864,DSB,2,0,0,DIRECT,1.0,0.0,13,0.474177847289
2363,3819,-0.026111,0.027083,-1.459151,DSB+,3,0,0,DIRECT,1.0,0.0,23,0.003328589017
2364,3820,-0.00863343,0.00831519,2.09393,DSB,2,0,0,DIRECT,1.0,0.0,13,0.47474766201
2365,3827,-0.028772,-0.013105,-2.299119,DSB,2,0,0,DIRECT,1.0,0.0,18,0.405229418969
2366,3828,0.241386,0.702835,0.242656,DSB,2,0,0,DIRECT,1.0,0.0,23,0.160843409464
2367,3829,0.076058,0.075005,-4.477121,DSB,2,0,0,DIRECT,1.0,0.0,18,0.877642774844
2368,3831,-0.055675,0.002584,-0.676138,DSB,2,0,0,DIRECT,1.0,0.0,16,0.798140436812
2369,3835,0.017681,0.095422,3.863575,DSB+,3,1,1,DIRECT,1.0,0.0,17,0.020634881113
2370,3836,0.217284,0.217414,2.324814,DSB,2,0,0,DIRECT,1.0,0.0,17,0.145820165491
2371,3837,-0.062713,-0.026744,0.433999,DSB,2,1,1,DIRECT,1.0,0.0,13,0.994086931259
2372,3837,-0.031605,-0.100032,0.729548,DSB,2,0,0,DIRECT,1.0,0.0,13,0.917234561017
2373,3839,0.027899,0.00595789,1.9455,DSB+,3,0,0,DIRECT,1.0,0.0,13,0.430580906095
2374,3840,0.01058,-0.093428,-2.085624,DSB,2,0,0,DIRECT,1.0,0.0,18,0.423082321334
2375,3844,-0.0757708,-0.050514,3.53709,DSB,2,0,0,DIRECT,1.0,0.0,13,0.259973514882
2376,3845,-0.0484143,-0.0750732,0.552885,DSB+,3,0,0,DIRECT,1.0,0.0,13,0.993406689046
2377,3845,-0.048723,-0.074342,0.556545,DSB,2,0,0,DIRECT,1.0,0.0,13,0.993406855232
2378,3845,1.85426,1.094108,-2.331376,DSB+,4,0,0,DIRECT,1.0,0.0,32,0.317783293016
2379,3848,-0.495126,0.872255,1.257172,DSB,2,0,0,DIRECT,1.0,0.0,17,0.890431700186
2380,3851,0.0450907,0.0487415,0.98713,DSB+,3,0,0,MIXED,1.0,0.0,13,0.903858536357
2381,3852,-0.0248409,-0.0272797,3.63841,DSB,2,0,0,DIRECT,1.0,0.0,13,0.196687944624
2382,3852,-0.013786,-0.027908,-1.156821,DSB,2,1,1,DIRECT,1.0,0.0,16,0.851621541618
2383,3852,-0.011961,-0.023752,-3.227193,DSB+,3,0,0,DIRECT,1.0,0.0,18,0.621946825071
2384,3853,0.024368,0.051865,-4.476631,DSB,2,1,1,DIRECT,1.0,0.0,18,0.877820429127
2385,3854,0.441463,0.365241,4.348698,DSB+,3,0,0,DIRECT,1.0,0.0,17,0.055157965289
2386,3855,-0.06187,0.014105,-3.836307,DSB,2,0,0,DIRECT,1.0,0.0,18,0.711129637689
2387,3858,-0.005019,-0.006159,-2.488432,DSB,2,0,0,DIRECT,1.0,0.0,18,0.404651937933
2388,3859,-0.0850346,0.00207784,2.12019,DSB+,3,1,1,DIRECT,1.0,0.0,13,0.472676824937
2389,3860,0.0133545,0.0861134,2.1371,DSB,2,0,0,DIRECT,1.0,0.0,13,0.474224465527
2390,3861,0.053759,0.122172,-0.531937,DSB,2,0,0,DIRECT,1.0,0.0,16,0.765940513694
2391,3862,-0.187755,0.186918,1.38912,DSB,2,0,0,DIRECT,1.0,0.0,13,0.827769445911
2392,3862,-0.01126,-0.078431,-2.162307,DSB,2,0,0,DIRECT,1.0,0.0,18,0.425093458205
2393,3864,-0.0170275,-0.0423077,0.758184,DSB,2,0,0,DIRECT,1.0,0.0,13,0.918300126917
2394,3865,0.003676,-0.049143,-0.768646,DSB,2,0,0,DIRECT,1.0,0.0,16,0.795524751136
2395,3866,-0.035331,-0.059193,-3.732839,DSB,2,0,0,MIXED,1.0,0.0,18,0.710351758549
2396,3869,-0.017264,-0.018909,-1.179457,DSB,2,0,0,DIRECT,1.0,0.0,16,0.851638070057
2397,3869,-0.014895,-0.031174,-3.248391,DSB,2,0,0,DIRECT,1.0,0.0,18,0.621938867175
2398,3869,-0.017511,-0.01917,-3.202819,DSB,2,0,0,DIRECT,1.0,0.0,18,0.622156457404
2399,3871,-0.041138,-0.045563,-3.875304,DSB,2,2,1,DIRECT,1.0,0.0,18,0.711090643299
2400,3873,0.050371,-0.090846,-3.377423,DSB,2,0,0,DIRECT,1.0,0.0,18,0.698333019481
2401,3874,0.0455572,-0.135398,0.616397,DSB,2,0,0,DIRECT,1.0,0.0,13,0.993373211808
2402,3875,-0.0649078,-0.0215087,0.553038,DSB,2,1,1,DIRECT,1.0,0.0,13,0.993446881428
2403,3876,0.041642,-0.040961,-2.016171,DSB,2,1,1,DIRECT,1.0,0.0,18,0.42475429559
2404,3880,-0.037525,-0.20543,4.51644,DSB,2,0,0,DIRECT,1.0,0.0,7,0.844787222292
2405,3881,0.098075,-0.003241,-1.755107,DSB,2,0,0,DIRECT,1.0,0.0,22,0.003349223811
2406,3883,0.0733628,0.0553483,2.55562,DSB,2,0,0,DIRECT,1.0,0.0,13,0.47913038581
2407,3886,0.0837644,-0.0112375,2.68774,DSB,2,1,1,DIRECT,1.0,0.0,13,0.556887903263
2408,3887,0.0581218,0.0222961,0.879453,DSB,2,1,1,DIRECT,1.0,0.0,13,0.917536034655
2409,3888,-0.594004,2.543055,2.849065,DSB+,3,1,1,DIRECT,1.0,0.0,31,0.118111453335
2410,3891,0.0478103,0.0811966,1.63095,DSB+,3,0,0,DIRECT,1.0,0.0,13,0.817795346301
2411,3892,-0.0149133,-0.0677993,0.615416,DSB+,3,0,0,DIRECT,1.0,0.0,13,0.993622226079
2412,3893,0.0477443,0.00579818,2.32486,DSB+,3,1,1,DIRECT,1.0,0.0,13,0.480864788642
2413,3894,-2.502278,3.056757,0.869863,DSB,2,0,0,DIRECT,1.0,0.0,31,0.46525189802
2414,3900,-0.048907,-0.027178,-3.999845,DSB,2,1,1,DIRECT,1.0,0.0,18,0.782848138787
2415,3901,-0.0326797,-0.0014068,3.63752,DSB,2,0,0,DIRECT,1.0,0.0,13,0.19670891483
2416,3901,-0.06504,0.006638,0.770876,DSB,2,0,0,DIRECT,1.0,0.0,13,0.918569569751
2417,3908,-0.0250933,0.0414038,3.38036,DSB,2,2,1,DIRECT,1.0,0.0,13,0.260701040078
2418,3908,-0.189057,0.040654,2.745503,DSB,2,0,0,DIRECT,1.0,0.0,13,0.553631951035
2419,3910,0.061987,0.016051,4.031887,DSB,2,0,0,DIRECT,1.0,0.0,17,0.037544050897
2420,3911,0.076172,0.029001,3.896411,DSB,2,0,0,DIRECT,1.0,0.0,17,0.020553649194
2421,3915,-0.272902,-0.041415,-2.244994,DSB,2,0,0,DIRECT,1.0,0.0,18,0.422170448237
2422,3916,-0.018911,-0.07522,-1.772169,DSB+,3,1,1,DIRECT,1.0,0.0,15,0.627439518505
2423,3916,-0.022837,-0.066981,-1.139154,DSB+,3,0,0,DIRECT,1.0,0.0,16,0.851585136192
2424,3918,-0.0226119,0.0158922,0.921276,DSB,2,0,0,DIRECT,1.0,0.0,13,0.917941516084
2425,3918,-0.0223,0.013338,0.922768,DSB,2,0,0,DIRECT,1.0,0.0,13,0.917941583789
2426,3920,-0.084989,0.00202296,2.49525,DSB+,3,2,1,DIRECT,1.0,0.0,13,0.481626923602
2427,3920,-0.081708,-0.006202,1.036173,DSB,2,2,1,DIRECT,1.0,0.0,13,0.904195216799
2428,3920,-0.084053,0.002688,-0.868633,DSB,2,0,0,DIRECT,1.0,0.0,16,0.79760136728
2429,3921,-0.015051,-0.021861,-3.85969,DSB,2,0,0,DIRECT,1.0,0.0,18,0.710392454715
2430,3922,-0.320554,2.541341,3.060957,DSB,2,1,1,DIRECT,1.0,0.0,29,0.502028007996
2431,3927,-0.0698767,0.0764579,1.45449,DSB,2,2,1,DIRECT,1.0,0.0,13,0.827876235777
2432,3927,0.073089,0.007756,-0.812743,DSB+,3,0,0,DIRECT,1.0,0.0,16,0.797822572436
2433,3927,0.074154,0.00798,-0.814103,DSB,2,1,1,DIRECT,1.0,0.0,16,0.797822545647
2434,3928,0.015098,0.02781,-2.497728,DSB+,4,1,1,DIRECT,1.0,0.0,18,0.404690681241
2435,3930,-0.210784,-0.726406,-4.085499,DSB+,4,1,1,DIRECT,1.0,0.0,15,0.912630941666
2436,3931,0.011043,-0.103187,-4.286442,DSB,2,1,1,DIRECT,1.0,0.0,18,0.791723222829
2437,3932,0.102475,0.0910151,1.08596,DSB,2,0,0,DIRECT,1.0,0.0,13,0.907925906914
2438,3934,-0.10356,0.0304032,0.924131,DSB,2,0,0,DIRECT,1.0,0.0,13,0.918945956326
2439,3935,0.183612,-0.052232,3.752593,DSB,2,0,0,DIRECT,1.0,0.0,17,0.019847837489
2440,3937,-0.064917,-0.051367,-1.006573,DSB,2,0,0,DIRECT,1.0,0.0,16,0.852173985256
2441,3939,-0.035727,0.052129,2.488037,DSB,2,1,1,DIRECT,1.0,0.0,13,0.481482194098
2442,3940,0.323986,-0.484169,-2.45049,DSB,2,2,1,DIRECT,1.0,0.0,15,0.744156554048
2443,3940,0.385829,0.595665,-3.353808,DSB,2,0,0,DIRECT,1.0,0.0,22,0.573891784681
2444,3942,-0.0198975,-0.0433675,0.528467,DSB,2,0,0,DIRECT,1.0,0.0,13,0.992256552959
2445,3944,0.330861,-0.10786,-2.214931,DSB+,3,0,0,DIRECT,1.0,0.0,18,0.402210739882
2446,3948,-0.01756,0.005489,-4.05928,DSB,2,2,1,DIRECT,1.0,0.0,18,0.78293096089
2447,3950,-0.432698,0.029311,4.28415,DSB,2,0,0,DIRECT,1.0,0.0,7,0.843350417936
2448,3950,0.398987,0.382434,1.529178,DSB,2,1,1,DIRECT,1.0,0.0,17,0.65821572246
2449,3950,-0.098688,0.02778,-2.193073,DSB+,3,0,0,DIRECT,1.0,0.0,18,0.420508377761
2450,3957,-0.163404,0.0727789,-3.12539,DSB+,3,0,0,DIRECT,1.0,0.0,18,0.618600881855
2451,3958,-0.021702,-0.006501,-4.038725,DSB,2,0,0,DIRECT,1.0,0.0,18,0.782946276876
2452,3960,-0.10723,-0.06927,3.773918,DSB,2,0,0,DIRECT,1.0,0.0,13,0.195962659862
2453,3960,-0.79457,-0.216239,-1.280904,DSB,2,0,0,DIRECT,1.0,0.0,16,0.3404696742
2454,3961,-0.180034,0.429969,0.371628,DSB+,3,0,0,DIRECT,1.0,0.0,16,0.627461424714
2455,3963,0.0712554,-0.0170605,1.91351,DSB,2,1,1,DIRECT,1.0,0.0,13,0.429762631056
2456,3964,-0.044574,0.032356,-0.899977,DSB+,3,1,1,DIRECT,1.0,0.0,16,0.797581577354
2457,3966,-0.009847,0.04156,-3.361308,DSB,2,0,0,DIRECT,1.0,0.0,18,0.699660328248
2458,3966,-0.063315,0.05722,-3.562373,DSB,2,0,0,DIRECT,1.0,0.0,18,0.70151884229
2459,3967,-0.0602274,0.0369517,3.92574,DSB+,3,1,1,DIRECT,1.0,0.0,13,0.193640334194
2460,3967,-0.063373,0.039019,3.926068,DSB,2,1,1,DIRECT,1.0,0.0,13,0.193640248023
2461,3967,-0.075366,0.022675,-0.009971,DSB,2,0,0,DIRECT,1.0,0.0,16,0.679550966257
2462,3971,0.042179,0.044442,-0.666827,DSB,2,1,1,DIRECT,1.0,0.0,16,0.798025306995
2463,3976,-0.0572787,-0.136185,3.04326,DSB,2,1,1,DIRECT,1.0,0.0,13,0.261792943375
2464,3981,0.076234,0.034249,4.318145,DSB,2,0,0,DIRECT,1.0,0.0,17,0.039390094546
2465,3982,0.0329916,0.0283109,3.15493,DSB,2,0,0,DIRECT,1.0,0.0,13,0.263376898675
2466,3984,-0.036858,0.077639,-3.093576,DSB+,3,0,0,MIXED,1.0,0.0,18,0.621376451043
2467,3986,-0.169233,-0.22645,1.26265,DSB+,3,0,0,DIRECT,1.0,0.0,13,0.400957735833
2468,3988,0.0806362,-0.0868608,4.45465,DSB+,3,0,0,DIRECT,1.0,0.0,7,0.844646715369
2469,3990,0.254019,-0.386775,2.23127,DSB,2,0,0,DIRECT,1.0,0.0,7,0.910295510958
2470,3990,-0.052072,-0.057126,-1.685425,DSB+,4,1,1,DIRECT,1.0,0.0,15,0.62753376677
2471,3997,0.037899,-0.048334,-1.888099,DSB+,3,0,0,DIRECT,1.0,0.0,22,0.004051060529
2472,4001,0.061355,0.006303,3.743124,DSB,2,2,1,DIRECT,1.0,0.0,17,0.020078267759
2473,4002,0.065352,-0.028422,0.855895,DSB,2,0,0,DIRECT,1.0,0.0,13,0.916693133319
2474,4002,0.064308,-0.028838,-3.680144,DSB+,4,0,0,DIRECT,1.0,0.0,18,0.714471514776
2475,4003,-0.00427219,0.0625938,0.902586,DSB,2,0,0,DIRECT,1.0,0.0,13,0.917987198757
2476,4004,-0.021805,-0.100247,-0.857957,DSB+,3,1,1,DIRECT,1.0,0.0,16,0.797390482352
2477,4004,0.002026,-0.077799,-4.426467,DSB,2,0,0,DIRECT,1.0,0.0,18,0.792474577973
2478,4005,-0.106437,-0.025636,-0.073837,DSB,2,0,0,DIRECT,1.0,0.0,16,0.465596677971
2479,4007,-0.001978,-0.015101,-1.592813,DSB+,3,0,0,DIRECT,1.0,0.0,23,0.003772529962
2480,4010,-0.00413118,-0.111037,1.80337,DSB,2,0,0,DIRECT,1.0,0.0,13,0.43033473545
2481,4011,-0.0824231,-0.00525485,0.689221,DSB,2,3,1,DIRECT,1.0,0.0,13,0.917149824643
2482,4011,-0.088436,-0.006393,2.084094,DSB,2,0,0,DIRECT,1.0,0.0,13,0.474704059738
2483,4011,-0.091562,0.003409,-0.331234,DSB,2,0,0,DIRECT,1.0,0.0,16,0.710843111097
2484,4012,-0.025249,-1.475684,-3.106657,DSB,2,0,0,DIRECT,1.0,0.0,9,0.662238704047
2485,4012,0.007885,-0.014563,3.497501,DSB,2,0,0,DIRECT,1.0,0.0,13,0.259580331215
2486,4012,0.020191,-0.163567,-0.136441,DSB+,4,1,1,DIRECT,1.0,0.0,16,0.468064839966
2487,4014,0.004152,-0.001753,1.934497,DSB,2,0,0,DIRECT,1.0,0.0,13,0.430565678537
2488,4014,0.071628,1.297913,-0.42042,DSB,2,0,0,DIRECT,1.0,0.0,23,0.763236451724
2489,4015,2.340088,1.461729,3.422693,DSB,2,0,0,DIRECT,1.0,0.0,25,0.971947863358
2490,4017,-0.113016,-0.0665329,1.41359,DSB,2,1,1,DIRECT,1.0,0.0,13,0.418712588155
